Age,Gender,Education Level,Marital Status,Income,Credit Score,Loan Amount,Loan Purpose,Employment Status,Years at Current Job,Payment History,Debt-to-Income Ratio,Assets Value,Number of Dependents,City,State,Country,Previous Defaults,Marital Status Change,Risk Rating
49,Male,PhD,Divorced,72799.0,688.0,45713.0,Business,Unemployed,19,Poor,0.1543,120228.0,0.0,Port Elizabeth,AS,Cyprus,2.0,2,Low
21,Non-binary,Master's,Single,55687.0,600.0,36623.0,Home,Employed,8,Fair,0.3624,180700.0,3.0,South Scott,OK,Luxembourg,3.0,2,Medium
59,Male,Bachelor's,Single,26508.0,622.0,26541.0,Personal,Unemployed,2,Excellent,0.455,157319.0,3.0,Robinhaven,PR,Uganda,4.0,2,Medium
42,Non-binary,Master's,Single,116212.0,707.0,24771.0,Home,Employed,11,Excellent,0.1141,212198.0,3.0,Matthewborough,NH,French Guiana,0.0,2,Medium
55,Male,High School,Married,70978.0,706.0,36970.0,Personal,Unemployed,19,Excellent,0.2669,54041.0,3.0,Christophermouth,MO,Tonga,1.0,0,Medium
56,Non-binary,PhD,Married,21084.0,702.0,22039.0,Personal,Employed,19,Fair,0.231,226053.0,2.0,East James,MP,Isle of Man,0.0,2,Medium
41,Male,PhD,Married,93133.0,791.0,14052.0,Business,Employed,13,Poor,0.2829,82774.0,0.0,Lewisland,AZ,South Georgia and the South Sandwich Islands,1.0,0,Low
48,Non-binary,PhD,Married,46408.0,632.0,48403.0,Personal,Unemployed,16,Excellent,0.1853,93647.0,3.0,South Jason,KS,Guyana,1.0,0,Low
47,Female,High School,Single,33065.0,783.0,6895.0,Auto,Self-employed,2,Fair,0.1167,158428.0,3.0,West Sharon,AL,Seychelles,2.0,0,Low
21,Male,Bachelor's,Widowed,73952.0,631.0,49525.0,Auto,Unemployed,3,Excellent,0.1436,32912.0,0.0,West Denisebury,KY,French Guiana,1.0,2,Low
65,Male,PhD,Widowed,77146.0,796.0,38386.0,Business,Self-employed,17,Fair,0.3232,262145.0,0.0,Johnsonside,LA,Vietnam,4.0,1,Medium
39,Non-binary,PhD,Single,93509.0,703.0,16651.0,Auto,Unemployed,5,Fair,0.5286,270036.0,0.0,North Joshuaborough,MI,Falkland Islands (Malvinas),0.0,0,Medium
36,Male,Bachelor's,Divorced,29868.0,635.0,12521.0,Auto,Employed,17,Excellent,0.3505,240325.0,2.0,Wendyshire,ND,Dominica,4.0,0,Low
36,Female,Master's,Married,68776.0,612.0,47707.0,Personal,Unemployed,11,Fair,0.3324,68491.0,0.0,Port Christopher,NY,Brunei Darussalam,1.0,1,Low
54,Female,Bachelor's,Married,98669.0,720.0,19464.0,Business,Unemployed,2,Poor,0.1679,26571.0,0.0,Smithview,IA,French Polynesia,1.0,0,High
19,Non-binary,Master's,Single,112545.0,712.0,15503.0,Home,Unemployed,7,Poor,0.2522,194154.0,0.0,Ibarraport,NJ,Zimbabwe,4.0,0,Low
44,Non-binary,PhD,Widowed,51280.0,750.0,22162.0,Home,Employed,11,Excellent,0.5501,87579.0,3.0,East Danielmouth,AS,Haiti,1.0,2,Medium
65,Male,Master's,Divorced,106526.0,650.0,23161.0,Auto,Employed,19,Poor,0.5449,98025.0,4.0,Richardbury,ID,Armenia,0.0,0,Low
36,Non-binary,Bachelor's,Widowed,37105.0,720.0,33259.0,Home,Employed,7,Fair,0.4128,294048.0,2.0,Yvonneland,NY,Brunei Darussalam,3.0,1,Medium
39,Female,Master's,Widowed,100015.0,615.0,23114.0,Business,Unemployed,14,Poor,0.4846,85309.0,0.0,New Meganshire,NV,French Polynesia,3.0,0,Low
50,Female,Master's,Divorced,96293.0,708.0,21552.0,Auto,Employed,3,Excellent,0.1294,255942.0,4.0,Port Amy,FM,Egypt,0.0,1,Low
38,Non-binary,Bachelor's,Single,48069.0,670.0,17841.0,Home,Unemployed,17,Excellent,0.1575,241550.0,2.0,Jacksonmouth,WA,Jordan,0.0,2,Low
35,Female,PhD,Married,72433.0,792.0,5747.0,Business,Self-employed,4,Good,0.3274,112076.0,0.0,Andreaborough,NC,Thailand,3.0,2,Low
22,Non-binary,Master's,Widowed,65266.0,617.0,34746.0,Home,Unemployed,18,Poor,0.2689,40215.0,4.0,Taylormouth,ND,Botswana,1.0,1,Low
40,Male,Master's,Widowed,98578.0,663.0,8747.0,Auto,Self-employed,1,Good,0.5147,37396.0,0.0,Jacobview,WV,Russian Federation,0.0,1,Low
39,Male,High School,Married,90227.0,770.0,18079.0,Business,Employed,3,Poor,0.5188,163838.0,1.0,South Brianna,GU,Mali,0.0,1,Low
31,Non-binary,High School,Divorced,107081.0,740.0,18101.0,Business,Employed,5,Poor,0.1088,25157.0,2.0,Gordonbury,AL,Ukraine,1.0,2,Low
45,Female,High School,Widowed,82878.0,748.0,17023.0,Auto,Self-employed,19,Poor,0.5849,192705.0,4.0,Penamouth,NH,Ethiopia,4.0,1,Low
19,Male,High School,Married,35817.0,731.0,44426.0,Home,Unemployed,1,Fair,0.5055,20626.0,1.0,East Triciatown,WI,Angola,0.0,2,Low
36,Female,High School,Married,65104.0,699.0,44260.0,Home,Employed,2,Excellent,0.3378,135458.0,4.0,Zacharyhaven,NM,Guatemala,2.0,2,Low
23,Male,Bachelor's,Single,28906.0,724.0,24532.0,Business,Unemployed,3,Poor,0.5006,96640.0,2.0,Lake Evelynstad,CA,Monaco,0.0,0,Low
22,Male,Master's,Widowed,104766.0,764.0,16117.0,Business,Unemployed,17,Good,0.2115,156630.0,3.0,New Shannonberg,KY,Gambia,3.0,1,Low
41,Female,Master's,Widowed,79556.0,742.0,5235.0,Home,Employed,5,Excellent,0.3224,247857.0,0.0,Onealfurt,WA,Romania,4.0,0,Low
57,Male,Master's,Single,116102.0,629.0,31831.0,Home,Employed,16,Excellent,0.5164,228018.0,4.0,Smithborough,IA,Palestinian Territory,2.0,0,Medium
52,Male,High School,Married,32094.0,634.0,17612.0,Home,Self-employed,17,Good,0.5495,114375.0,2.0,West Robert,IA,Singapore,2.0,0,Medium
55,Non-binary,Master's,Widowed,108177.0,735.0,23616.0,Business,Employed,12,Fair,0.3353,165613.0,2.0,Barneston,CA,Saint Pierre and Miquelon,1.0,2,Medium
41,Female,PhD,Widowed,96591.0,722.0,7260.0,Home,Employed,12,Fair,0.5845,102681.0,0.0,New Shelby,KS,Lesotho,2.0,2,Medium
67,Male,Master's,Widowed,107366.0,655.0,20154.0,Home,Employed,9,Poor,0.4166,108345.0,4.0,New Valerie,GA,Monaco,4.0,1,Low
60,Female,PhD,Married,74030.0,711.0,9459.0,Personal,Unemployed,19,Fair,0.1607,96641.0,2.0,Lake Daniel,PW,Argentina,0.0,2,Low
39,Male,Master's,Divorced,56116.0,636.0,16578.0,Personal,Employed,12,Excellent,0.3131,197835.0,1.0,Johnnyberg,NY,South Africa,1.0,0,Medium
64,Male,PhD,Single,101855.0,686.0,48584.0,Auto,Self-employed,9,Good,0.5725,138039.0,3.0,East Keith,MS,El Salvador,3.0,1,Low
39,Non-binary,High School,Widowed,99622.0,720.0,23158.0,Auto,Employed,6,Good,0.4198,65046.0,4.0,New Ashley,MN,El Salvador,2.0,1,Low
67,Male,PhD,Divorced,110896.0,689.0,11503.0,Business,Self-employed,9,Excellent,0.1063,121360.0,0.0,New Russellfurt,HI,Jersey,2.0,0,Medium
28,Female,PhD,Single,64541.0,703.0,20017.0,Auto,Self-employed,1,Good,0.2063,24856.0,4.0,Lake Keithtown,MO,Suriname,1.0,1,High
31,Female,PhD,Widowed,50885.0,669.0,18293.0,Home,Unemployed,7,Poor,0.2586,99103.0,4.0,Margaretchester,KY,Mayotte,3.0,2,Low
48,Male,Master's,Divorced,107050.0,711.0,14382.0,Business,Self-employed,3,Excellent,0.5021,142063.0,1.0,New Janet,CT,Samoa,1.0,1,Medium
35,Male,High School,Divorced,114877.0,699.0,46113.0,Business,Unemployed,6,Excellent,0.3899,254153.0,0.0,Port Andreamouth,WV,Luxembourg,1.0,1,Medium
36,Female,Bachelor's,Divorced,44283.0,755.0,42326.0,Personal,Self-employed,7,Poor,0.1161,228890.0,4.0,Turnerchester,NV,Micronesia,0.0,2,Low
59,Female,High School,Single,60385.0,743.0,30961.0,Business,Self-employed,19,Excellent,0.3838,222830.0,4.0,Greenport,WV,Azerbaijan,2.0,0,Low
43,Female,Bachelor's,Single,29797.0,727.0,10640.0,Business,Self-employed,14,Excellent,0.5093,89291.0,4.0,Frankport,NE,Austria,3.0,0,Low
39,Non-binary,Bachelor's,Divorced,31137.0,757.0,7326.0,Personal,Unemployed,9,Poor,0.4418,68848.0,3.0,North Nathantown,MN,Indonesia,1.0,2,Medium
62,Female,PhD,Divorced,115923.0,726.0,37406.0,Personal,Self-employed,17,Good,0.2873,154178.0,1.0,West Elizabethside,MA,Peru,2.0,1,High
22,Female,High School,Widowed,69738.0,727.0,15974.0,Auto,Self-employed,10,Good,0.3875,238717.0,1.0,New Kathryn,OR,Norway,0.0,1,Low
37,Non-binary,PhD,Divorced,76795.0,645.0,33454.0,Personal,Self-employed,13,Excellent,0.5085,40258.0,4.0,Andreaborough,NV,Bangladesh,3.0,0,Low
27,Non-binary,High School,Widowed,61232.0,643.0,46522.0,Business,Unemployed,6,Fair,0.1511,285561.0,2.0,Villafurt,RI,Sao Tome and Principe,2.0,0,Low
65,Male,Master's,Single,89126.0,643.0,38741.0,Auto,Employed,0,Excellent,0.1314,50589.0,1.0,New Julieside,AK,Martinique,4.0,0,High
66,Non-binary,PhD,Widowed,104677.0,784.0,24588.0,Home,Unemployed,9,Fair,0.3048,50584.0,4.0,South Karen,NM,Finland,4.0,0,Low
27,Non-binary,Master's,Divorced,80523.0,604.0,13043.0,Auto,Employed,15,Excellent,0.1123,201865.0,3.0,North Jessicachester,WY,Andorra,4.0,1,Low
37,Female,PhD,Single,20987.0,640.0,8042.0,Home,Employed,12,Fair,0.4428,55772.0,3.0,Bradleyshire,NE,Falkland Islands (Malvinas),1.0,1,Low
26,Male,High School,Widowed,28583.0,611.0,29949.0,Personal,Employed,19,Excellent,0.2001,139629.0,3.0,West Ashleyberg,KS,Libyan Arab Jamahiriya,2.0,0,Medium
21,Male,Bachelor's,Divorced,39330.0,769.0,27489.0,Home,Self-employed,14,Excellent,0.4546,284455.0,3.0,Martinezmouth,PA,Costa Rica,0.0,2,Low
52,Non-binary,PhD,Divorced,111594.0,715.0,9174.0,Home,Unemployed,4,Good,0.1008,137074.0,2.0,Victoriamouth,MN,Western Sahara,2.0,1,Low
27,Female,High School,Divorced,102789.0,742.0,10729.0,Business,Employed,17,Good,0.2713,269293.0,0.0,Lauratown,AL,Vanuatu,1.0,0,Medium
47,Non-binary,High School,Married,28673.0,699.0,19540.0,Auto,Unemployed,19,Fair,0.408,255563.0,0.0,North Bonnie,MI,Mali,1.0,2,Medium
22,Female,Bachelor's,Widowed,35973.0,663.0,19492.0,Auto,Unemployed,2,Good,0.4325,82006.0,3.0,Hartmanmouth,VI,Suriname,0.0,0,Medium
41,Male,Bachelor's,Single,62011.0,747.0,15722.0,Business,Employed,3,Poor,0.1766,259195.0,2.0,Garrettton,MD,Romania,3.0,0,Medium
54,Male,Bachelor's,Married,114486.0,704.0,32353.0,Auto,Self-employed,7,Poor,0.4003,222630.0,1.0,Jarviston,KY,Saint Pierre and Miquelon,1.0,1,Low
34,Female,Bachelor's,Single,42064.0,760.0,39482.0,Personal,Employed,0,Excellent,0.2019,243318.0,0.0,Krystalberg,PA,Lesotho,3.0,2,Low
43,Female,PhD,Widowed,31231.0,712.0,48935.0,Personal,Employed,8,Good,0.1075,277314.0,2.0,South Kent,CT,Pakistan,3.0,0,Medium
47,Male,Bachelor's,Married,85651.0,799.0,17157.0,Auto,Unemployed,2,Fair,0.5419,200136.0,3.0,Matthewshire,RI,Grenada,3.0,0,Medium
45,Male,Bachelor's,Divorced,85839.0,686.0,29177.0,Business,Self-employed,11,Excellent,0.2601,114053.0,0.0,Port Vickie,LA,New Caledonia,4.0,0,Low
20,Non-binary,Bachelor's,Single,109590.0,625.0,41449.0,Personal,Self-employed,16,Fair,0.5198,114922.0,1.0,Annettemouth,PR,Cape Verde,4.0,2,Low
47,Non-binary,High School,Single,58217.0,658.0,15328.0,Business,Unemployed,11,Poor,0.5254,169695.0,0.0,East Nicholas,NH,Angola,0.0,0,Medium
49,Non-binary,Bachelor's,Married,105916.0,750.0,6324.0,Personal,Unemployed,17,Poor,0.27,89195.0,2.0,New Phillip,SD,Peru,1.0,1,High
62,Non-binary,Master's,Single,74850.0,650.0,17324.0,Personal,Self-employed,14,Excellent,0.1913,151244.0,0.0,New Catherineton,OR,Marshall Islands,0.0,2,Low
40,Male,Bachelor's,Single,90179.0,693.0,32825.0,Personal,Self-employed,5,Good,0.5841,129600.0,3.0,Brownville,IL,Wallis and Futuna,4.0,1,Low
31,Male,High School,Married,34002.0,738.0,23618.0,Home,Unemployed,6,Fair,0.1731,269695.0,3.0,Davismouth,AL,Peru,2.0,1,Low
48,Male,Master's,Divorced,37540.0,673.0,34317.0,Home,Employed,7,Poor,0.5059,32715.0,4.0,New Sara,NE,Morocco,4.0,1,Medium
55,Non-binary,High School,Divorced,98283.0,650.0,42997.0,Auto,Unemployed,17,Fair,0.4866,178174.0,4.0,East John,ID,Argentina,0.0,0,Low
65,Male,High School,Single,27826.0,736.0,43125.0,Auto,Employed,18,Good,0.2532,118770.0,0.0,West David,FL,Iraq,3.0,1,Medium
54,Non-binary,Master's,Single,62296.0,744.0,23778.0,Business,Self-employed,1,Excellent,0.2031,173854.0,0.0,Port Sandra,DE,Bulgaria,1.0,0,High
30,Non-binary,Master's,Widowed,114499.0,779.0,40584.0,Auto,Self-employed,6,Fair,0.2841,76919.0,3.0,New Susan,AR,Mauritius,2.0,1,Low
19,Female,Bachelor's,Single,83471.0,793.0,8810.0,Personal,Self-employed,14,Excellent,0.5115,145761.0,4.0,Baileystad,ND,Mauritania,1.0,0,Low
19,Female,Master's,Divorced,115381.0,727.0,40970.0,Auto,Self-employed,14,Good,0.4518,291530.0,1.0,Hunterside,SC,Namibia,0.0,0,Low
43,Male,Master's,Divorced,81683.0,693.0,10316.0,Home,Employed,2,Good,0.3513,28304.0,3.0,Dyerfort,MS,Holy See (Vatican City State),0.0,0,Low
25,Non-binary,Master's,Single,37330.0,797.0,28892.0,Personal,Unemployed,11,Excellent,0.4511,247877.0,3.0,Keithberg,IL,Iraq,2.0,1,Medium
32,Female,PhD,Single,99688.0,732.0,12429.0,Home,Unemployed,8,Poor,0.4302,267072.0,0.0,Port Sarahton,MI,North Macedonia,3.0,2,Medium
60,Male,PhD,Married,114018.0,636.0,28620.0,Business,Employed,1,Excellent,0.261,38980.0,3.0,West Kaylee,CO,Liberia,1.0,1,Medium
35,Female,PhD,Single,39629.0,622.0,9537.0,Home,Unemployed,2,Fair,0.5244,48636.0,1.0,Desireeville,DC,Sao Tome and Principe,4.0,0,Low
66,Female,High School,Single,61291.0,639.0,7908.0,Personal,Unemployed,12,Poor,0.169,33810.0,1.0,Port David,WA,Mayotte,3.0,2,Low
46,Female,Master's,Married,34284.0,775.0,26340.0,Personal,Self-employed,14,Fair,0.4004,64156.0,4.0,New Melissamouth,NV,Wallis and Futuna,0.0,2,Medium
28,Non-binary,Bachelor's,Divorced,98311.0,689.0,34763.0,Business,Employed,8,Excellent,0.3887,216062.0,0.0,West Deanna,TN,India,3.0,2,Low
67,Male,Bachelor's,Widowed,63148.0,660.0,16704.0,Auto,Self-employed,0,Fair,0.3343,40643.0,0.0,Kimberlychester,TX,Tajikistan,4.0,2,Low
28,Male,Bachelor's,Single,94693.0,718.0,20928.0,Business,Unemployed,5,Fair,0.3238,257028.0,2.0,Josephstad,MP,Georgia,4.0,2,Low
27,Male,High School,Single,88173.0,746.0,14800.0,Personal,Self-employed,8,Fair,0.5387,289092.0,0.0,South Susanfurt,KY,Congo,1.0,1,Low
34,Non-binary,High School,Married,70807.0,745.0,39572.0,Business,Employed,18,Good,0.434,130451.0,3.0,South Audrey,MP,Saint Lucia,4.0,0,Low
38,Female,High School,Divorced,99314.0,656.0,17158.0,Personal,Self-employed,8,Excellent,0.1239,162247.0,4.0,Diazview,GU,Yemen,2.0,1,Low
48,Male,Bachelor's,Single,25465.0,671.0,36672.0,Auto,Self-employed,8,Fair,0.255,237546.0,4.0,Markville,PA,Romania,1.0,1,Medium
40,Female,High School,Widowed,104766.0,688.0,35808.0,Business,Employed,15,Poor,0.3208,198067.0,1.0,West Scottshire,MS,Falkland Islands (Malvinas),4.0,1,High
69,Female,Master's,Divorced,118995.0,787.0,14398.0,Auto,Employed,15,Good,0.4883,148047.0,0.0,Clarkborough,DE,Bermuda,3.0,1,Medium
31,Non-binary,High School,Widowed,63322.0,773.0,8074.0,Business,Employed,5,Fair,0.3815,267802.0,3.0,Port Michaelmouth,ID,Romania,1.0,0,High
43,Female,Master's,Single,34821.0,775.0,22889.0,Personal,Unemployed,18,Good,0.1187,278194.0,0.0,Lake James,MD,Niue,3.0,2,High
18,Non-binary,High School,Widowed,99671.0,669.0,30460.0,Personal,Unemployed,18,Poor,0.4338,25531.0,1.0,Jacquelineborough,MP,Greece,1.0,1,Medium
56,Male,High School,Widowed,73953.0,710.0,42364.0,Home,Self-employed,1,Good,0.5558,152625.0,1.0,North Michael,NY,United States Minor Outlying Islands,2.0,2,Medium
53,Female,PhD,Divorced,88669.0,720.0,17468.0,Home,Self-employed,6,Excellent,0.576,199129.0,0.0,West Daniel,NE,Japan,4.0,1,Low
33,Non-binary,Bachelor's,Single,46953.0,627.0,23284.0,Business,Self-employed,7,Good,0.2332,192563.0,3.0,West Michelle,VA,Monaco,0.0,1,Medium
41,Female,High School,Married,89852.0,676.0,27422.0,Home,Self-employed,9,Excellent,0.4863,205004.0,1.0,Loweryland,VT,Tonga,4.0,0,Low
62,Male,PhD,Divorced,87384.0,606.0,7297.0,Business,Self-employed,4,Good,0.4503,232491.0,3.0,West Melanieton,MH,Taiwan,0.0,0,Low
32,Female,Bachelor's,Married,78360.0,608.0,47644.0,Home,Unemployed,1,Fair,0.1123,271432.0,3.0,East Veronica,KY,Tajikistan,4.0,0,Low
30,Non-binary,Master's,Married,55059.0,756.0,7413.0,Personal,Employed,5,Good,0.4948,29295.0,4.0,Walkerborough,WA,Tunisia,0.0,2,Low
59,Female,Master's,Married,77564.0,612.0,12357.0,Business,Employed,1,Good,0.4534,111458.0,0.0,Tylerport,DE,Marshall Islands,2.0,1,Medium
66,Male,Master's,Divorced,64764.0,600.0,25486.0,Auto,Employed,17,Good,0.4548,79556.0,1.0,New Latashabury,AZ,Reunion,1.0,0,Medium
32,Female,High School,Widowed,118580.0,636.0,13116.0,Home,Self-employed,7,Fair,0.1207,267284.0,3.0,Savannahfurt,NC,Mauritius,0.0,1,Low
20,Female,High School,Married,41961.0,612.0,30866.0,Auto,Employed,11,Excellent,0.3002,294593.0,0.0,Port Kentberg,CO,Brunei Darussalam,2.0,1,Low
35,Female,Master's,Divorced,84766.0,622.0,20645.0,Business,Unemployed,6,Fair,0.5076,77868.0,3.0,Blackwellchester,AR,Cote d'Ivoire,1.0,1,Medium
36,Non-binary,Master's,Divorced,44448.0,631.0,30975.0,Auto,Self-employed,18,Good,0.1943,130657.0,2.0,South Matthewmouth,MP,Bhutan,3.0,1,High
68,Female,High School,Single,113923.0,601.0,44653.0,Auto,Employed,1,Good,0.2701,263788.0,2.0,New Lindsay,OH,Mayotte,2.0,2,High
28,Male,Bachelor's,Single,83969.0,671.0,44332.0,Business,Employed,16,Fair,0.457,88597.0,0.0,Julieborough,FM,United States of America,2.0,2,Low
66,Non-binary,PhD,Divorced,111109.0,664.0,16734.0,Auto,Unemployed,0,Fair,0.2012,246188.0,0.0,Port Frank,RI,Grenada,2.0,2,High
36,Female,PhD,Widowed,52548.0,766.0,8458.0,Auto,Employed,11,Fair,0.2405,62171.0,1.0,Simsfurt,WI,Falkland Islands (Malvinas),3.0,1,Low
56,Non-binary,High School,Divorced,36600.0,724.0,26718.0,Business,Unemployed,17,Excellent,0.1792,34116.0,4.0,Henrystad,PR,Libyan Arab Jamahiriya,4.0,0,Low
46,Male,PhD,Married,37986.0,741.0,5217.0,Personal,Unemployed,11,Excellent,0.2433,24766.0,4.0,North Stephanie,LA,Saint Lucia,2.0,2,Medium
27,Female,Bachelor's,Single,55423.0,785.0,10956.0,Personal,Employed,7,Fair,0.3366,73141.0,4.0,Port Lindseyfort,MO,Saint Kitts and Nevis,1.0,1,Medium
68,Non-binary,High School,Widowed,107151.0,754.0,39626.0,Business,Employed,13,Fair,0.3021,147103.0,1.0,South Aprilbury,TX,Equatorial Guinea,2.0,2,Low
54,Male,High School,Married,23794.0,754.0,42272.0,Personal,Unemployed,5,Good,0.5349,273159.0,4.0,Mannmouth,MT,Angola,3.0,2,High
63,Male,Bachelor's,Divorced,117980.0,750.0,34913.0,Auto,Employed,14,Fair,0.3197,79180.0,4.0,Higginsport,IN,Myanmar,4.0,0,Medium
19,Male,PhD,Married,105783.0,649.0,34842.0,Home,Unemployed,14,Excellent,0.1789,169091.0,4.0,North Lisa,PW,Serbia,3.0,0,High
66,Male,Bachelor's,Divorced,79893.0,641.0,8341.0,Personal,Employed,5,Excellent,0.1867,213287.0,4.0,Amberfort,VI,Oman,4.0,0,Medium
66,Non-binary,Bachelor's,Divorced,21299.0,621.0,14131.0,Personal,Self-employed,17,Good,0.4952,272640.0,2.0,Karenborough,AL,Niger,2.0,0,Low
65,Male,Bachelor's,Divorced,82713.0,658.0,15995.0,Home,Employed,2,Excellent,0.3336,77072.0,2.0,Erinchester,NJ,Andorra,1.0,2,Low
59,Male,High School,Divorced,37373.0,743.0,12455.0,Home,Employed,9,Poor,0.3037,166261.0,2.0,Lake Kelsey,AL,Chile,1.0,1,Low
47,Male,High School,Divorced,52577.0,625.0,33975.0,Home,Employed,7,Poor,0.2578,190682.0,2.0,Port Randalltown,VA,Korea,2.0,0,Low
38,Non-binary,Master's,Single,52903.0,736.0,37009.0,Personal,Unemployed,19,Good,0.4729,291166.0,2.0,West Carla,TX,Portugal,0.0,0,Medium
39,Female,Bachelor's,Widowed,36489.0,609.0,7961.0,Auto,Self-employed,9,Excellent,0.5914,181869.0,2.0,South Lisa,ID,Mayotte,4.0,2,Low
23,Male,High School,Married,83853.0,712.0,11358.0,Business,Employed,7,Good,0.5872,166988.0,3.0,Lake Vincent,PR,Luxembourg,2.0,1,Low
38,Non-binary,PhD,Married,104614.0,648.0,40992.0,Home,Unemployed,2,Fair,0.3214,166986.0,3.0,New Shawnborough,HI,Guatemala,3.0,1,High
32,Male,Master's,Married,99211.0,631.0,44886.0,Personal,Unemployed,3,Fair,0.2213,123213.0,1.0,New Dylan,SD,Rwanda,4.0,1,High
58,Non-binary,High School,Divorced,82583.0,768.0,30366.0,Home,Self-employed,9,Poor,0.5763,119096.0,2.0,Lake Andrewmouth,PR,Algeria,4.0,0,Low
18,Male,Master's,Widowed,84162.0,606.0,5015.0,Business,Self-employed,17,Poor,0.3891,275773.0,1.0,Amandamouth,KS,Cambodia,1.0,2,Low
61,Female,Bachelor's,Single,25702.0,650.0,31654.0,Auto,Employed,15,Excellent,0.1613,149488.0,0.0,South Jessicafurt,WA,Christmas Island,1.0,2,Low
21,Female,Bachelor's,Single,23582.0,736.0,19309.0,Personal,Unemployed,2,Good,0.4642,229415.0,4.0,West Jennifer,OK,Romania,3.0,2,Low
27,Male,Master's,Single,114452.0,668.0,36683.0,Auto,Self-employed,2,Poor,0.3826,191602.0,4.0,Herrerastad,WA,French Guiana,0.0,2,Low
33,Male,Bachelor's,Single,22170.0,686.0,44357.0,Personal,Self-employed,18,Good,0.3412,87943.0,4.0,South Justinshire,ID,Martinique,0.0,0,High
56,Non-binary,Master's,Married,35299.0,625.0,24860.0,Home,Employed,7,Poor,0.5744,229939.0,3.0,Lake Stephanieborough,OR,Oman,0.0,1,Low
57,Female,High School,Divorced,59015.0,774.0,36334.0,Personal,Unemployed,16,Excellent,0.2637,50529.0,3.0,Walkermouth,PW,Singapore,0.0,2,Low
37,Non-binary,PhD,Single,74337.0,630.0,17919.0,Auto,Employed,5,Fair,0.5208,219321.0,4.0,Lindsaymouth,OK,Turkey,0.0,1,Low
23,Non-binary,Bachelor's,Divorced,47684.0,742.0,42901.0,Home,Employed,16,Fair,0.2776,78032.0,4.0,Brownfurt,IL,Portugal,3.0,2,Low
47,Male,Bachelor's,Married,111352.0,688.0,15044.0,Auto,Self-employed,3,Excellent,0.2902,283782.0,2.0,Thomaschester,ME,Sierra Leone,2.0,1,Low
48,Male,PhD,Widowed,106151.0,626.0,34164.0,Auto,Unemployed,10,Good,0.5997,22135.0,0.0,South Renee,SC,Kenya,2.0,2,Low
24,Male,Bachelor's,Married,94667.0,768.0,26118.0,Home,Self-employed,13,Good,0.4263,104282.0,1.0,Vanessaton,HI,Papua New Guinea,2.0,0,Low
49,Female,High School,Divorced,49870.0,625.0,29285.0,Home,Self-employed,7,Poor,0.1102,187903.0,2.0,Wattsview,CT,Moldova,4.0,0,Low
54,Female,Bachelor's,Married,74240.0,633.0,11854.0,Business,Unemployed,5,Good,0.3515,76783.0,1.0,Lake Natalie,FM,Poland,4.0,2,Low
39,Female,Bachelor's,Divorced,81517.0,711.0,32838.0,Business,Employed,19,Fair,0.4379,148754.0,4.0,South Whitneyview,NY,Argentina,3.0,1,Low
23,Non-binary,Bachelor's,Single,34319.0,640.0,35058.0,Home,Unemployed,18,Poor,0.407,37907.0,2.0,Rhodesmouth,DE,Saint Vincent and the Grenadines,3.0,1,Low
54,Male,Bachelor's,Single,60753.0,778.0,25200.0,Personal,Unemployed,12,Good,0.2729,219389.0,2.0,West Anthonyberg,IN,Senegal,3.0,2,High
35,Non-binary,Master's,Married,56734.0,761.0,46826.0,Personal,Unemployed,15,Excellent,0.3878,238379.0,1.0,Port Patrickberg,IL,Italy,1.0,0,Low
21,Female,PhD,Married,58918.0,618.0,22165.0,Home,Employed,0,Good,0.3818,222403.0,3.0,New Christopherland,IL,Slovakia (Slovak Republic),2.0,2,Medium
51,Female,Master's,Widowed,47685.0,718.0,23891.0,Home,Unemployed,0,Poor,0.2012,112966.0,4.0,Johnton,KY,British Indian Ocean Territory (Chagos Archipelago),2.0,2,Low
32,Male,High School,Single,118835.0,722.0,11982.0,Business,Unemployed,5,Good,0.3797,209403.0,1.0,North Amy,WI,French Guiana,2.0,1,Medium
42,Non-binary,PhD,Divorced,37540.0,672.0,6724.0,Auto,Self-employed,16,Poor,0.1067,217834.0,0.0,Schmidtbury,AL,San Marino,2.0,0,Low
20,Non-binary,Master's,Widowed,103984.0,611.0,5350.0,Personal,Unemployed,4,Good,0.5911,203201.0,1.0,East Matthew,TX,Turkey,0.0,1,Low
63,Non-binary,High School,Divorced,24435.0,696.0,49852.0,Personal,Unemployed,12,Poor,0.3746,173878.0,1.0,Hortonstad,WY,Indonesia,1.0,2,Low
67,Non-binary,High School,Married,27131.0,605.0,9171.0,Home,Employed,14,Excellent,0.4927,274572.0,1.0,Caseville,NH,Tonga,0.0,2,Medium
31,Female,Bachelor's,Married,105924.0,738.0,41443.0,Business,Unemployed,15,Fair,0.2082,243582.0,1.0,Greenefurt,OK,Norfolk Island,3.0,1,Low
68,Female,High School,Widowed,63130.0,705.0,25293.0,Business,Employed,7,Fair,0.1938,30506.0,2.0,Davemouth,WY,Jersey,1.0,1,Low
64,Male,Master's,Widowed,49367.0,772.0,12840.0,Auto,Employed,11,Fair,0.4611,249394.0,0.0,Alexanderview,SC,Trinidad and Tobago,3.0,0,Medium
21,Male,Master's,Widowed,80200.0,796.0,47587.0,Home,Employed,17,Good,0.2808,129205.0,3.0,East Charleshaven,KY,Aruba,1.0,2,Low
44,Male,Bachelor's,Single,107988.0,761.0,48101.0,Personal,Self-employed,10,Excellent,0.1152,293530.0,3.0,Frankstad,MN,Wallis and Futuna,2.0,1,Low
32,Female,Bachelor's,Single,22919.0,662.0,37477.0,Business,Employed,11,Excellent,0.2592,114916.0,4.0,Oscarside,UT,Afghanistan,3.0,2,Low
69,Female,PhD,Single,89529.0,636.0,11861.0,Business,Self-employed,2,Excellent,0.2784,214415.0,0.0,South Ashley,RI,Vietnam,2.0,2,High
18,Male,PhD,Married,80378.0,639.0,31920.0,Business,Employed,11,Good,0.1248,214743.0,3.0,South Amymouth,IA,Macao,3.0,0,Medium
53,Male,Bachelor's,Widowed,115637.0,759.0,38288.0,Personal,Unemployed,18,Good,0.4603,80877.0,0.0,Bakerview,NE,Antigua and Barbuda,3.0,1,Medium
55,Male,PhD,Divorced,52919.0,699.0,47283.0,Home,Employed,14,Good,0.524,299435.0,4.0,Johnsonton,RI,Guinea,0.0,0,High
33,Male,High School,Widowed,83303.0,712.0,23883.0,Business,Unemployed,4,Poor,0.4108,117508.0,1.0,Ashleeshire,DC,New Caledonia,4.0,0,Low
28,Female,High School,Single,109624.0,771.0,16036.0,Personal,Self-employed,1,Good,0.1528,95754.0,2.0,Port Laura,CA,Marshall Islands,3.0,2,Medium
67,Male,Bachelor's,Divorced,48223.0,606.0,15318.0,Business,Employed,13,Poor,0.3506,214246.0,4.0,Shawnview,DC,Georgia,1.0,2,Low
45,Female,Master's,Widowed,100821.0,608.0,25392.0,Home,Unemployed,9,Good,0.186,186780.0,4.0,Paulside,AZ,Bangladesh,2.0,2,Low
62,Non-binary,PhD,Married,71726.0,658.0,27097.0,Business,Unemployed,12,Excellent,0.555,123775.0,0.0,New Alexanderport,KS,Pitcairn Islands,1.0,2,Low
54,Non-binary,PhD,Divorced,111760.0,707.0,36786.0,Auto,Employed,17,Good,0.1266,52120.0,0.0,Angelaburgh,KS,Luxembourg,4.0,2,Medium
51,Male,High School,Married,107171.0,763.0,45955.0,Auto,Self-employed,8,Poor,0.5026,258221.0,1.0,Wendyland,NE,Kuwait,1.0,1,Low
51,Male,PhD,Married,36756.0,646.0,39884.0,Business,Employed,16,Excellent,0.2446,68595.0,2.0,New Stephanieville,VT,Sweden,3.0,0,Low
21,Non-binary,PhD,Single,106940.0,721.0,43381.0,Home,Self-employed,13,Excellent,0.4681,68461.0,1.0,Ruthland,FM,Saint Lucia,0.0,2,Low
32,Female,PhD,Married,36150.0,614.0,47080.0,Home,Unemployed,3,Fair,0.3834,280243.0,0.0,Kariville,NJ,Mauritania,4.0,2,Medium
45,Male,Master's,Widowed,22751.0,776.0,48368.0,Home,Employed,7,Fair,0.1813,139323.0,4.0,Lake Heather,CT,Panama,2.0,0,Medium
41,Male,PhD,Single,114897.0,724.0,33782.0,Auto,Employed,19,Poor,0.1007,203813.0,2.0,Lake Joshua,PR,Afghanistan,0.0,2,Low
25,Male,Master's,Married,102176.0,604.0,28933.0,Personal,Employed,8,Good,0.4681,140628.0,4.0,Robinport,ME,Oman,1.0,1,Medium
68,Non-binary,PhD,Single,94676.0,709.0,27727.0,Personal,Unemployed,7,Excellent,0.3704,233292.0,1.0,South Kristen,CA,Venezuela,2.0,1,Low
37,Non-binary,Master's,Married,83474.0,779.0,37611.0,Personal,Unemployed,2,Fair,0.2505,177110.0,3.0,Rossfurt,AL,Trinidad and Tobago,1.0,1,Low
52,Female,Bachelor's,Single,110341.0,707.0,32742.0,Personal,Unemployed,9,Excellent,0.4872,206337.0,3.0,West Josephfurt,DC,Bolivia,2.0,1,Medium
48,Female,High School,Married,72563.0,756.0,15115.0,Business,Employed,12,Poor,0.4523,135455.0,3.0,Colemanville,NC,Benin,1.0,1,Medium
22,Male,Bachelor's,Widowed,117552.0,669.0,34394.0,Home,Unemployed,18,Fair,0.3925,227939.0,1.0,Newmanville,WY,Guernsey,0.0,1,Low
40,Non-binary,Bachelor's,Divorced,23194.0,644.0,18194.0,Business,Unemployed,2,Poor,0.3185,230545.0,4.0,New Kimberlyland,WA,Netherlands Antilles,3.0,1,Low
19,Female,Master's,Single,110139.0,747.0,13655.0,Personal,Employed,11,Fair,0.1325,154531.0,3.0,West Kathleen,MH,Cambodia,3.0,2,Medium
40,Non-binary,High School,Single,79439.0,748.0,41826.0,Business,Self-employed,13,Fair,0.406,49315.0,1.0,Williamsshire,VA,Saint Vincent and the Grenadines,2.0,2,Medium
55,Female,Bachelor's,Divorced,105662.0,730.0,32440.0,Auto,Unemployed,17,Good,0.548,243369.0,2.0,East Cynthia,HI,Lesotho,3.0,2,Medium
43,Male,Bachelor's,Single,111118.0,654.0,46199.0,Home,Unemployed,1,Fair,0.4816,274277.0,3.0,Campbellview,NC,Singapore,4.0,2,Low
19,Non-binary,High School,Divorced,86231.0,677.0,39315.0,Personal,Self-employed,6,Poor,0.5241,21265.0,4.0,Edwardborough,WI,French Guiana,1.0,1,Medium
64,Male,PhD,Married,27014.0,780.0,36704.0,Home,Unemployed,18,Fair,0.2188,181585.0,3.0,New Donaldside,SC,Saudi Arabia,4.0,1,Low
31,Non-binary,High School,Married,46269.0,616.0,35767.0,Business,Self-employed,7,Poor,0.1049,272146.0,0.0,South Courtneyview,MS,Tajikistan,0.0,0,Low
63,Female,Master's,Widowed,44667.0,796.0,24173.0,Business,Self-employed,17,Good,0.5177,28982.0,4.0,West Richard,CO,Marshall Islands,4.0,0,Low
58,Male,Bachelor's,Divorced,26668.0,783.0,10147.0,Auto,Unemployed,0,Fair,0.3153,38083.0,1.0,New Heatherland,DE,Samoa,2.0,1,Low
54,Male,PhD,Divorced,41725.0,777.0,31532.0,Home,Unemployed,1,Good,0.3296,257918.0,0.0,New Heatherburgh,NC,Chad,3.0,0,Low
41,Male,Master's,Single,117813.0,615.0,32854.0,Auto,Unemployed,13,Fair,0.2667,268628.0,1.0,East Shari,CO,Italy,2.0,0,Low
46,Female,High School,Widowed,37441.0,642.0,48806.0,Personal,Self-employed,7,Poor,0.2455,140676.0,3.0,Ericshire,CO,Lebanon,4.0,2,Low
52,Female,Bachelor's,Married,63815.0,663.0,12089.0,Personal,Unemployed,18,Fair,0.412,157076.0,1.0,Johnsonbury,CT,Saint Barthelemy,1.0,1,Low
52,Non-binary,PhD,Widowed,28117.0,777.0,43848.0,Personal,Employed,0,Fair,0.2066,180411.0,2.0,North Maxwell,NJ,Japan,4.0,1,Medium
32,Non-binary,High School,Divorced,96844.0,639.0,35997.0,Auto,Unemployed,10,Excellent,0.149,212676.0,1.0,East Teresaton,CA,Bolivia,2.0,0,Medium
35,Male,PhD,Married,49055.0,786.0,21916.0,Business,Employed,5,Excellent,0.2391,81355.0,1.0,West Denisemouth,ND,Mayotte,1.0,0,Medium
32,Non-binary,High School,Widowed,44832.0,786.0,26318.0,Auto,Employed,10,Good,0.116,233532.0,0.0,North Derekbury,NV,Nauru,1.0,1,Low
61,Female,PhD,Divorced,85984.0,742.0,9671.0,Business,Unemployed,11,Excellent,0.2744,238152.0,1.0,Brownstad,MI,Cayman Islands,3.0,0,Low
44,Non-binary,PhD,Single,32985.0,794.0,32122.0,Business,Employed,2,Good,0.248,131045.0,0.0,New Andrewville,AL,Cote d'Ivoire,0.0,2,Low
56,Non-binary,Master's,Single,109074.0,644.0,44069.0,Business,Employed,7,Excellent,0.3584,230971.0,3.0,Mcmillanton,VI,Seychelles,3.0,0,Medium
64,Male,High School,Divorced,24321.0,789.0,43084.0,Home,Employed,8,Good,0.4601,214252.0,3.0,South Bradley,CA,Vanuatu,4.0,1,Low
60,Male,Bachelor's,Divorced,109792.0,763.0,28526.0,Business,Self-employed,3,Excellent,0.2314,58359.0,1.0,Baileyberg,OK,Saint Kitts and Nevis,1.0,2,Medium
59,Non-binary,Master's,Widowed,112097.0,711.0,32211.0,Home,Employed,18,Good,0.5962,88870.0,2.0,North Melissa,NJ,Mozambique,4.0,1,High
47,Non-binary,PhD,Divorced,115384.0,654.0,6345.0,Auto,Self-employed,16,Good,0.1998,93331.0,0.0,Gutierrezborough,NJ,Costa Rica,2.0,1,Low
21,Female,Bachelor's,Divorced,37412.0,721.0,31293.0,Personal,Employed,7,Poor,0.5066,46275.0,2.0,North Morgan,KS,Cyprus,4.0,2,Low
54,Female,High School,Divorced,62837.0,728.0,34794.0,Business,Unemployed,10,Excellent,0.1197,263985.0,1.0,North Kathryn,MO,Burkina Faso,0.0,2,Low
20,Male,High School,Single,56992.0,694.0,26150.0,Auto,Employed,10,Excellent,0.4525,211905.0,2.0,Wallaceview,HI,United States Minor Outlying Islands,3.0,2,Low
53,Non-binary,High School,Single,104008.0,679.0,32669.0,Business,Employed,1,Excellent,0.2313,289770.0,1.0,Joshuafurt,MO,El Salvador,3.0,1,High
50,Female,PhD,Divorced,55515.0,717.0,14867.0,Personal,Unemployed,7,Poor,0.4867,132123.0,2.0,Wheelerfort,MA,Puerto Rico,1.0,2,Medium
25,Non-binary,PhD,Divorced,71473.0,765.0,14855.0,Home,Employed,1,Good,0.2909,291268.0,0.0,Gordonburgh,MI,Micronesia,4.0,0,Low
28,Female,High School,Divorced,115018.0,789.0,23529.0,Personal,Employed,11,Good,0.4771,290952.0,3.0,Crystalfort,DE,Kazakhstan,3.0,1,Low
54,Female,Bachelor's,Divorced,23837.0,692.0,5389.0,Business,Employed,13,Good,0.5424,175164.0,2.0,New Joseph,VA,Guam,1.0,0,Medium
50,Male,Bachelor's,Married,65097.0,695.0,9075.0,Home,Employed,15,Excellent,0.2107,261860.0,0.0,Collinsfort,NV,North Macedonia,1.0,1,Low
24,Male,PhD,Divorced,67907.0,732.0,8049.0,Auto,Employed,12,Poor,0.1475,74216.0,0.0,Saraview,MO,Puerto Rico,2.0,2,Medium
26,Female,PhD,Single,44838.0,656.0,19495.0,Business,Unemployed,12,Excellent,0.1278,73852.0,2.0,Smithhaven,NE,Panama,2.0,2,Medium
26,Non-binary,High School,Single,111288.0,798.0,19256.0,Home,Self-employed,15,Poor,0.3972,194627.0,3.0,New Vanessa,FL,Georgia,1.0,0,Low
43,Female,PhD,Single,27699.0,656.0,29192.0,Personal,Employed,8,Fair,0.4467,123524.0,4.0,Katherinechester,AR,Congo,3.0,2,Low
63,Male,PhD,Single,77429.0,759.0,44021.0,Home,Employed,5,Excellent,0.5998,184873.0,0.0,Danielburgh,MA,Paraguay,2.0,2,Low
67,Female,High School,Married,28660.0,654.0,20223.0,Business,Employed,2,Good,0.1925,260549.0,2.0,Rogersmouth,WI,Saint Pierre and Miquelon,2.0,1,Low
39,Female,High School,Single,111564.0,687.0,41620.0,Personal,Unemployed,10,Fair,0.5792,127321.0,1.0,Savannahshire,NC,Australia,0.0,0,Low
46,Female,Master's,Widowed,39779.0,697.0,25633.0,Business,Self-employed,1,Poor,0.1331,178046.0,0.0,North Joshua,NJ,United Arab Emirates,1.0,2,Medium
49,Male,High School,Divorced,116204.0,601.0,36592.0,Personal,Employed,19,Good,0.3617,204610.0,3.0,Phelpsberg,GU,Martinique,4.0,2,Low
52,Non-binary,Bachelor's,Divorced,57672.0,780.0,31363.0,Personal,Self-employed,0,Good,0.4149,189350.0,1.0,New Caitlin,MA,Nauru,0.0,0,Low
52,Male,Master's,Married,91441.0,798.0,15391.0,Auto,Self-employed,13,Poor,0.2691,78039.0,2.0,West Paul,MT,Antigua and Barbuda,2.0,0,Medium
42,Male,Master's,Widowed,40860.0,642.0,7714.0,Home,Self-employed,17,Poor,0.2545,85955.0,0.0,Lake Matthew,MN,Gibraltar,4.0,0,Low
33,Female,PhD,Widowed,55584.0,691.0,36824.0,Auto,Employed,15,Excellent,0.3714,238132.0,0.0,New Gina,NV,Honduras,2.0,1,Low
35,Male,Bachelor's,Married,81850.0,711.0,25151.0,Business,Employed,11,Good,0.3798,227693.0,1.0,South Timview,WV,Nigeria,3.0,1,Medium
32,Non-binary,Master's,Single,93851.0,667.0,22738.0,Personal,Self-employed,15,Excellent,0.3953,245739.0,3.0,Port Sarah,GA,Nigeria,2.0,2,Low
52,Female,Master's,Single,94292.0,684.0,11596.0,Personal,Employed,6,Good,0.2287,176006.0,0.0,North Sherry,MH,Nicaragua,4.0,2,Low
20,Female,High School,Divorced,46485.0,714.0,13389.0,Personal,Self-employed,12,Excellent,0.2179,27421.0,3.0,New Matthewborough,SD,Martinique,0.0,0,Low
38,Non-binary,Master's,Divorced,57822.0,714.0,6533.0,Home,Employed,4,Fair,0.2949,121972.0,4.0,Lake Gregoryburgh,CO,Peru,4.0,1,Low
19,Female,High School,Single,76878.0,689.0,5412.0,Business,Self-employed,17,Fair,0.5461,203418.0,1.0,Nelsonview,TX,Belize,4.0,0,Low
18,Male,Bachelor's,Divorced,63578.0,681.0,26888.0,Business,Employed,12,Fair,0.1017,49558.0,2.0,North Shannonmouth,IA,Venezuela,4.0,0,Low
46,Non-binary,Bachelor's,Divorced,75059.0,712.0,43731.0,Auto,Unemployed,10,Good,0.3038,151900.0,0.0,Davisberg,NE,Falkland Islands (Malvinas),2.0,0,Low
62,Female,PhD,Single,75900.0,651.0,49978.0,Personal,Self-employed,3,Good,0.2643,24777.0,0.0,Mannside,AR,Latvia,2.0,0,Medium
18,Male,Master's,Widowed,27312.0,777.0,26528.0,Home,Self-employed,5,Excellent,0.2162,264157.0,3.0,East Benjamin,NC,Palau,1.0,0,Low
39,Male,Bachelor's,Married,28078.0,646.0,34286.0,Business,Self-employed,1,Good,0.2133,234021.0,4.0,Mcclainfurt,DC,Saint Barthelemy,3.0,2,Low
30,Female,High School,Divorced,41169.0,724.0,40579.0,Home,Self-employed,18,Poor,0.4433,279796.0,3.0,East Tanyamouth,MH,Greece,2.0,1,Medium
40,Male,PhD,Single,26503.0,645.0,23379.0,Personal,Unemployed,2,Poor,0.5601,211168.0,2.0,Leeburgh,NC,Yemen,4.0,2,Medium
55,Male,PhD,Widowed,62139.0,646.0,18866.0,Personal,Self-employed,6,Good,0.158,89608.0,0.0,Smithchester,NH,Palestinian Territory,0.0,1,Low
57,Female,Bachelor's,Divorced,85883.0,754.0,25813.0,Personal,Self-employed,11,Fair,0.398,205979.0,2.0,Jamiebury,WA,Dominican Republic,4.0,1,Low
38,Non-binary,Bachelor's,Widowed,26858.0,783.0,11363.0,Business,Self-employed,2,Fair,0.3391,163920.0,3.0,Odonnellchester,MN,Isle of Man,3.0,1,Low
22,Female,Bachelor's,Single,58345.0,732.0,35331.0,Personal,Self-employed,13,Fair,0.449,120601.0,3.0,Robertsburgh,NM,Timor-Leste,0.0,0,Low
31,Female,High School,Widowed,107986.0,777.0,33519.0,Personal,Employed,8,Good,0.4508,170578.0,3.0,West Candice,DC,Montserrat,2.0,1,High
64,Non-binary,Bachelor's,Married,56232.0,616.0,13412.0,Home,Employed,19,Good,0.5038,120505.0,3.0,East Courtneychester,UT,French Guiana,1.0,0,Medium
28,Male,High School,Divorced,47881.0,680.0,29640.0,Business,Unemployed,12,Good,0.1848,242194.0,3.0,Lake Edwin,NC,Fiji,0.0,0,Low
56,Male,Bachelor's,Married,27377.0,764.0,25336.0,Personal,Employed,8,Excellent,0.5412,194672.0,1.0,Rogerhaven,MD,Guam,1.0,1,Low
58,Female,High School,Single,85252.0,642.0,42477.0,Auto,Employed,18,Fair,0.4637,53692.0,0.0,Vargashaven,FM,Sweden,0.0,1,Low
47,Male,Bachelor's,Married,107091.0,795.0,47001.0,Business,Self-employed,7,Excellent,0.3083,279238.0,4.0,Stevenburgh,OH,Malawi,4.0,1,Low
64,Non-binary,High School,Widowed,97395.0,734.0,21023.0,Auto,Unemployed,13,Excellent,0.5708,42195.0,4.0,Mccoychester,FL,Comoros,4.0,1,Low
30,Female,Master's,Single,98766.0,750.0,34011.0,Home,Unemployed,5,Fair,0.3832,204683.0,3.0,Ashleyfort,PR,Jamaica,3.0,1,Low
54,Female,High School,Widowed,107581.0,666.0,44189.0,Business,Employed,18,Good,0.101,243126.0,1.0,Amandatown,TX,Panama,4.0,1,Medium
41,Male,PhD,Divorced,81491.0,760.0,40031.0,Auto,Employed,2,Excellent,0.2668,116340.0,2.0,West Jesse,AK,Croatia,1.0,0,High
39,Female,Master's,Divorced,89285.0,678.0,25265.0,Business,Employed,5,Excellent,0.1945,205832.0,4.0,South Reneemouth,KY,Bulgaria,0.0,0,Low
21,Female,Master's,Single,45345.0,612.0,37568.0,Auto,Unemployed,5,Excellent,0.5433,91910.0,0.0,Deborahbury,ND,Russian Federation,2.0,0,Low
53,Non-binary,Master's,Divorced,98755.0,714.0,25805.0,Business,Self-employed,15,Good,0.5072,46742.0,4.0,Port Jamesfurt,TX,Hong Kong,0.0,2,High
26,Female,Master's,Single,51478.0,768.0,8763.0,Personal,Unemployed,2,Excellent,0.2102,276121.0,2.0,New Gregoryland,KY,Western Sahara,1.0,2,Low
56,Female,Master's,Married,115777.0,672.0,14572.0,Business,Self-employed,0,Poor,0.4472,197080.0,2.0,South Ambershire,CA,Yemen,4.0,0,Low
52,Female,Master's,Single,89205.0,677.0,43184.0,Home,Unemployed,4,Good,0.29,176816.0,0.0,Lake Justinfort,GA,Bermuda,1.0,2,Low
53,Non-binary,Bachelor's,Divorced,86686.0,745.0,25179.0,Business,Unemployed,0,Fair,0.42,296629.0,4.0,Wilsonshire,CO,Malta,0.0,1,Low
52,Non-binary,PhD,Married,71150.0,750.0,7117.0,Business,Employed,14,Excellent,0.3889,80599.0,0.0,Mullenville,WY,Germany,2.0,1,Low
32,Male,High School,Married,65874.0,661.0,16475.0,Personal,Self-employed,19,Excellent,0.4754,291519.0,0.0,East Charlesborough,MA,Mongolia,3.0,1,Low
21,Female,High School,Single,80750.0,753.0,40310.0,Home,Self-employed,6,Poor,0.3261,201804.0,1.0,Lake Linda,NM,Kazakhstan,1.0,0,Low
49,Male,Bachelor's,Single,22016.0,724.0,31617.0,Personal,Self-employed,6,Excellent,0.3462,295496.0,0.0,Michaelshire,VI,Jersey,0.0,2,Low
43,Male,Bachelor's,Widowed,107748.0,681.0,47928.0,Business,Self-employed,10,Poor,0.3818,143735.0,4.0,Lake Diane,DE,Northern Mariana Islands,0.0,0,Low
40,Male,Master's,Single,63774.0,790.0,34778.0,Auto,Unemployed,3,Fair,0.4743,223709.0,4.0,Andrewfort,MT,Cocos (Keeling) Islands,0.0,1,Low
18,Male,High School,Married,118550.0,753.0,17210.0,Auto,Employed,0,Good,0.1722,258358.0,3.0,West Kevinborough,TX,Tajikistan,1.0,1,High
28,Female,High School,Divorced,21528.0,602.0,19837.0,Auto,Unemployed,10,Good,0.3223,93626.0,1.0,Port Alisonberg,IA,Venezuela,1.0,1,Low
69,Female,Bachelor's,Single,78769.0,696.0,42025.0,Home,Self-employed,16,Poor,0.3856,233249.0,4.0,Garciaton,MI,Turks and Caicos Islands,2.0,2,High
62,Female,PhD,Single,108921.0,667.0,10516.0,Auto,Self-employed,15,Fair,0.3511,255160.0,1.0,Lopezhaven,WV,Gambia,1.0,2,Low
19,Non-binary,Master's,Divorced,27045.0,637.0,41576.0,Home,Self-employed,9,Excellent,0.5431,111807.0,4.0,South Brandonville,UT,Saint Kitts and Nevis,3.0,1,Medium
38,Female,Master's,Single,70281.0,641.0,22585.0,Auto,Self-employed,5,Excellent,0.2121,79609.0,1.0,Kellychester,OK,Liberia,0.0,1,Low
43,Non-binary,Bachelor's,Widowed,48554.0,714.0,38533.0,Business,Employed,4,Excellent,0.1429,147409.0,2.0,Port Adamland,VA,Tanzania,3.0,2,Medium
49,Female,High School,Married,45651.0,772.0,46555.0,Business,Self-employed,10,Fair,0.328,252580.0,3.0,South Connorborough,TX,Peru,3.0,2,Medium
26,Non-binary,High School,Divorced,113676.0,647.0,36898.0,Auto,Employed,16,Fair,0.284,276782.0,3.0,Baileyshire,WI,Albania,0.0,0,Low
51,Non-binary,PhD,Divorced,100631.0,692.0,41294.0,Home,Unemployed,10,Poor,0.5027,274344.0,3.0,Matthewville,AR,Saint Kitts and Nevis,0.0,0,Low
54,Male,PhD,Married,39450.0,609.0,37945.0,Business,Self-employed,19,Poor,0.5548,161000.0,0.0,Andreafurt,PW,Bouvet Island (Bouvetoya),1.0,2,Low
56,Female,Bachelor's,Single,91435.0,621.0,18449.0,Auto,Unemployed,7,Good,0.1144,223183.0,2.0,Josephton,NC,Bulgaria,3.0,1,Low
68,Male,High School,Married,35935.0,743.0,27776.0,Personal,Employed,8,Fair,0.5969,59195.0,1.0,Rodriguezstad,LA,Bhutan,0.0,0,Low
19,Male,High School,Married,72445.0,658.0,20020.0,Auto,Employed,7,Poor,0.3318,264709.0,4.0,Nielsenmouth,NH,China,1.0,0,Medium
56,Female,PhD,Divorced,105553.0,631.0,42123.0,Business,Employed,11,Poor,0.4432,280850.0,0.0,Kathleenborough,MI,Turkmenistan,4.0,1,Low
62,Male,PhD,Married,91880.0,761.0,35372.0,Personal,Self-employed,0,Fair,0.4176,76724.0,0.0,Lake Susanport,TX,Norfolk Island,1.0,1,Low
35,Female,Bachelor's,Widowed,29262.0,780.0,48910.0,Home,Employed,4,Good,0.4634,292561.0,1.0,Lake Marcus,PW,San Marino,2.0,1,Low
39,Female,Master's,Single,28496.0,776.0,36065.0,Home,Employed,9,Fair,0.1123,114730.0,0.0,South Frank,MP,Micronesia,4.0,1,Low
54,Male,PhD,Widowed,69060.0,759.0,26208.0,Home,Unemployed,15,Excellent,0.2334,35169.0,4.0,Evansmouth,MO,Niger,0.0,0,High
38,Male,Bachelor's,Divorced,106755.0,769.0,20398.0,Home,Employed,10,Fair,0.3519,208920.0,0.0,Thompsonmouth,MH,Cayman Islands,0.0,1,Low
54,Female,Master's,Divorced,104846.0,661.0,10489.0,Auto,Self-employed,10,Fair,0.1683,90173.0,0.0,Cherylshire,AL,Fiji,4.0,2,Low
54,Non-binary,PhD,Single,97193.0,643.0,7792.0,Business,Self-employed,14,Excellent,0.3824,223439.0,3.0,South Amberbury,HI,Tokelau,4.0,2,Medium
62,Female,PhD,Divorced,105172.0,740.0,41574.0,Personal,Employed,19,Poor,0.5929,95611.0,3.0,Foleymouth,MT,Jordan,2.0,1,Low
36,Non-binary,High School,Single,70840.0,722.0,41018.0,Personal,Self-employed,10,Fair,0.571,71521.0,4.0,Port Cynthiastad,DC,Uruguay,1.0,1,Low
27,Female,Bachelor's,Widowed,70697.0,721.0,22622.0,Personal,Unemployed,6,Excellent,0.2522,132445.0,2.0,Alexandraside,MH,Bahamas,0.0,1,Medium
23,Male,High School,Married,70604.0,615.0,23134.0,Home,Employed,3,Good,0.3813,40636.0,2.0,Port Jillian,UT,Micronesia,0.0,0,Low
50,Male,Bachelor's,Single,32651.0,617.0,8910.0,Personal,Self-employed,2,Good,0.4879,62243.0,2.0,North James,OH,Qatar,4.0,1,High
62,Male,High School,Widowed,40615.0,731.0,5540.0,Auto,Employed,12,Fair,0.5127,184809.0,3.0,Jillton,VA,Palestinian Territory,4.0,1,Low
58,Non-binary,High School,Single,73079.0,625.0,45869.0,Personal,Unemployed,6,Excellent,0.5194,111498.0,1.0,Johnsonmouth,VA,Uruguay,4.0,0,Low
32,Non-binary,High School,Married,113621.0,684.0,29988.0,Personal,Employed,4,Fair,0.2079,110022.0,3.0,Morganland,NY,Yemen,1.0,2,Medium
21,Male,Bachelor's,Married,40547.0,730.0,48524.0,Business,Self-employed,15,Good,0.4443,195974.0,3.0,Lake Phillipport,MH,Algeria,1.0,2,Low
30,Non-binary,High School,Widowed,24629.0,647.0,11045.0,Business,Employed,7,Excellent,0.1097,264339.0,3.0,Jonesstad,NH,Central African Republic,3.0,0,Low
18,Male,Bachelor's,Widowed,25605.0,751.0,14785.0,Auto,Unemployed,17,Fair,0.3399,285745.0,3.0,Samanthastad,MI,Congo,1.0,1,High
40,Male,PhD,Widowed,24789.0,693.0,33765.0,Home,Employed,1,Good,0.1154,223747.0,3.0,West Lindafort,ND,Croatia,4.0,2,Low
53,Non-binary,PhD,Married,43116.0,707.0,29988.0,Business,Self-employed,2,Good,0.3346,266375.0,2.0,East Carriefort,VI,Iraq,3.0,0,Low
33,Female,Master's,Widowed,93404.0,769.0,45080.0,Business,Employed,7,Good,0.2534,160719.0,4.0,South Christopher,MP,Syrian Arab Republic,1.0,2,Low
18,Non-binary,Bachelor's,Married,36756.0,608.0,13957.0,Personal,Unemployed,0,Fair,0.1548,245075.0,4.0,Port Jessica,FL,Tanzania,2.0,1,High
60,Female,High School,Married,118818.0,657.0,26277.0,Business,Self-employed,9,Excellent,0.2402,20179.0,1.0,Clarkton,MN,Moldova,0.0,0,Low
60,Male,Master's,Single,94861.0,787.0,11094.0,Home,Self-employed,2,Excellent,0.2357,104524.0,2.0,New Brandonport,SC,Seychelles,4.0,1,Low
58,Male,Bachelor's,Widowed,24210.0,681.0,14227.0,Business,Unemployed,2,Fair,0.595,249329.0,0.0,Brettland,MD,Saint Pierre and Miquelon,1.0,1,Medium
39,Non-binary,High School,Single,78841.0,665.0,30012.0,Business,Unemployed,10,Fair,0.504,223191.0,3.0,South Emilybury,OK,Greece,0.0,0,Low
18,Female,Bachelor's,Single,117270.0,639.0,12351.0,Business,Self-employed,1,Poor,0.1655,186272.0,4.0,Donaldville,HI,Egypt,3.0,2,Medium
39,Non-binary,Bachelor's,Married,78168.0,700.0,20173.0,Home,Self-employed,5,Excellent,0.4118,67339.0,1.0,West James,NE,Saint Barthelemy,0.0,1,Low
40,Female,Master's,Divorced,41323.0,627.0,45691.0,Personal,Unemployed,17,Good,0.3259,272492.0,3.0,Lake John,NV,Christmas Island,3.0,1,Medium
60,Non-binary,Bachelor's,Divorced,88197.0,651.0,12371.0,Personal,Employed,9,Poor,0.1735,212217.0,2.0,Lake Heatherstad,OR,Slovakia (Slovak Republic),4.0,2,Medium
26,Female,Master's,Widowed,103481.0,747.0,28878.0,Home,Self-employed,2,Good,0.3457,40295.0,2.0,East Kimberly,NH,Lesotho,4.0,1,Low
40,Female,PhD,Divorced,72513.0,714.0,6759.0,Personal,Unemployed,14,Good,0.2652,196620.0,3.0,Haysfort,SC,Saint Martin,4.0,0,Medium
43,Non-binary,Bachelor's,Married,118162.0,684.0,20698.0,Personal,Unemployed,2,Poor,0.3193,283288.0,3.0,Christopherhaven,FM,Slovenia,2.0,1,High
20,Female,Master's,Single,76188.0,689.0,17041.0,Home,Self-employed,4,Good,0.4193,267248.0,1.0,West Logantown,KY,Guernsey,4.0,0,Medium
32,Female,High School,Widowed,97982.0,600.0,18354.0,Home,Employed,15,Good,0.4632,212475.0,2.0,Lake Megan,LA,Gibraltar,4.0,1,Low
64,Non-binary,Bachelor's,Single,86612.0,627.0,30674.0,Personal,Employed,7,Good,0.3649,58414.0,0.0,Lake Patrickburgh,RI,Barbados,1.0,0,Low
21,Male,PhD,Divorced,75723.0,785.0,45014.0,Personal,Employed,13,Excellent,0.585,179370.0,4.0,West Lindsayview,ME,Denmark,4.0,1,Low
45,Non-binary,High School,Married,100298.0,727.0,13498.0,Home,Employed,6,Excellent,0.288,233180.0,1.0,New Sharon,WV,Guyana,1.0,1,Low
26,Non-binary,Bachelor's,Married,62980.0,748.0,45182.0,Home,Employed,0,Fair,0.4679,67054.0,2.0,West Zacharyside,WI,Armenia,4.0,0,Medium
69,Non-binary,Master's,Widowed,92847.0,780.0,11282.0,Auto,Employed,11,Fair,0.191,169153.0,3.0,Port Karen,GA,Singapore,2.0,1,Low
32,Female,Master's,Single,78144.0,740.0,11493.0,Business,Unemployed,13,Excellent,0.5568,275191.0,4.0,Josephland,MP,Indonesia,2.0,0,Low
67,Female,PhD,Divorced,73730.0,771.0,15128.0,Home,Self-employed,6,Good,0.4643,182617.0,0.0,Meganmouth,MP,Norway,0.0,1,Medium
51,Female,PhD,Divorced,119489.0,641.0,11679.0,Home,Self-employed,10,Fair,0.5433,125194.0,1.0,North Jennifer,PR,New Zealand,0.0,0,Low
53,Male,High School,Divorced,101550.0,676.0,5275.0,Personal,Unemployed,2,Fair,0.4549,52688.0,4.0,South Janet,MN,Antigua and Barbuda,4.0,1,Medium
23,Non-binary,High School,Divorced,57880.0,643.0,27043.0,Home,Self-employed,2,Good,0.3405,291559.0,4.0,East Ashley,MT,Aruba,2.0,1,Medium
45,Male,Master's,Widowed,44182.0,796.0,45062.0,Home,Unemployed,1,Poor,0.2174,37523.0,2.0,West Amanda,MI,Japan,1.0,0,Low
58,Female,Bachelor's,Divorced,30832.0,748.0,7377.0,Home,Unemployed,8,Fair,0.1252,44084.0,1.0,Coreyshire,OK,Bolivia,2.0,2,Low
29,Female,Bachelor's,Divorced,110033.0,614.0,10919.0,Home,Employed,6,Good,0.5456,263840.0,4.0,North Erika,VA,Belize,3.0,0,Medium
22,Non-binary,PhD,Married,106426.0,607.0,29083.0,Business,Employed,5,Fair,0.1757,81136.0,3.0,South Nathan,AZ,Tajikistan,2.0,2,Low
42,Female,High School,Single,119047.0,639.0,35706.0,Personal,Self-employed,16,Excellent,0.1629,53147.0,1.0,Jasonstad,AZ,United States Minor Outlying Islands,0.0,0,Low
40,Female,PhD,Single,37297.0,649.0,39698.0,Business,Unemployed,11,Excellent,0.1289,193702.0,2.0,Copelandbury,GA,Saudi Arabia,0.0,1,Medium
36,Female,PhD,Married,78995.0,705.0,47750.0,Business,Employed,10,Excellent,0.5535,90187.0,1.0,North Oscarland,CA,Albania,1.0,2,Medium
61,Female,High School,Married,72646.0,666.0,40630.0,Auto,Employed,15,Poor,0.1709,138167.0,0.0,Port Dillonmouth,VT,Antarctica (the territory South of 60 deg S),2.0,2,High
28,Male,PhD,Divorced,115220.0,793.0,19661.0,Home,Unemployed,6,Excellent,0.1518,44541.0,1.0,New Rickey,NC,New Zealand,0.0,2,Low
32,Non-binary,High School,Divorced,48702.0,792.0,49275.0,Auto,Unemployed,7,Poor,0.5598,143193.0,3.0,South Eric,MI,Georgia,1.0,2,Low
64,Female,Master's,Widowed,49870.0,761.0,33253.0,Auto,Unemployed,10,Poor,0.2064,135060.0,2.0,Carolburgh,VA,Mayotte,0.0,2,High
52,Female,Bachelor's,Widowed,27344.0,730.0,26524.0,Personal,Employed,1,Excellent,0.564,246472.0,0.0,New Michael,MP,Austria,2.0,1,Medium
29,Male,PhD,Single,116921.0,747.0,36076.0,Personal,Self-employed,7,Excellent,0.5718,74883.0,3.0,Debrachester,NJ,Papua New Guinea,3.0,2,Low
42,Female,Bachelor's,Married,49400.0,797.0,9291.0,Business,Employed,4,Poor,0.4926,125412.0,2.0,South Elizabethton,HI,Germany,3.0,0,Medium
25,Non-binary,Master's,Widowed,94651.0,646.0,16784.0,Home,Employed,18,Good,0.4913,125349.0,3.0,South Samuel,GU,Togo,3.0,0,High
25,Male,High School,Widowed,107725.0,683.0,18177.0,Auto,Unemployed,12,Good,0.3644,36736.0,1.0,Roseton,OR,Zimbabwe,2.0,0,Low
26,Female,Bachelor's,Widowed,108393.0,692.0,35868.0,Business,Unemployed,9,Excellent,0.5207,188050.0,3.0,South Stephenstad,WA,Dominican Republic,0.0,0,Medium
64,Female,PhD,Single,33149.0,625.0,35135.0,Business,Employed,0,Fair,0.5181,74956.0,3.0,Johnathanport,MI,Brunei Darussalam,2.0,1,Low
68,Male,Bachelor's,Widowed,103682.0,788.0,14290.0,Personal,Employed,12,Excellent,0.1736,38473.0,0.0,Gregorychester,NV,Saint Lucia,3.0,0,Medium
38,Non-binary,Bachelor's,Widowed,94453.0,621.0,18510.0,Personal,Employed,15,Good,0.3408,52098.0,2.0,New Antonio,ID,Slovakia (Slovak Republic),4.0,2,Medium
64,Female,High School,Divorced,25285.0,634.0,7153.0,Business,Self-employed,3,Fair,0.2747,95639.0,2.0,Nicholsonport,RI,United States Virgin Islands,3.0,1,Low
34,Non-binary,Master's,Divorced,102864.0,736.0,33353.0,Personal,Employed,0,Excellent,0.1877,98944.0,3.0,North Lindaport,CO,Austria,4.0,1,Low
41,Non-binary,High School,Divorced,46000.0,679.0,31176.0,Home,Unemployed,4,Good,0.5851,293135.0,2.0,North Kelly,ME,Tonga,3.0,1,Medium
31,Non-binary,High School,Divorced,110037.0,613.0,45201.0,Business,Self-employed,17,Poor,0.5452,120003.0,1.0,New Joshuatown,VA,Congo,2.0,0,High
32,Male,Master's,Widowed,106677.0,642.0,41559.0,Auto,Unemployed,13,Poor,0.3473,293904.0,2.0,Nicholaschester,NM,Korea,4.0,0,Medium
55,Non-binary,Master's,Divorced,108264.0,702.0,10524.0,Home,Self-employed,5,Excellent,0.3271,162234.0,3.0,North Kristinaborough,WV,Sao Tome and Principe,4.0,1,Medium
31,Male,Bachelor's,Married,87592.0,766.0,22949.0,Home,Self-employed,5,Fair,0.397,105171.0,2.0,Danieltown,MS,Costa Rica,2.0,2,Low
30,Male,High School,Widowed,81810.0,765.0,23004.0,Personal,Self-employed,10,Poor,0.3144,170142.0,1.0,South Janet,WA,Belarus,2.0,0,Low
20,Non-binary,High School,Widowed,46855.0,779.0,34062.0,Auto,Unemployed,6,Poor,0.3171,264367.0,2.0,South Amandaside,MI,Micronesia,4.0,2,Medium
45,Non-binary,Master's,Married,69515.0,712.0,28752.0,Home,Employed,6,Good,0.2659,101761.0,3.0,Timothyport,OH,Mali,2.0,2,Low
19,Male,Bachelor's,Married,103230.0,704.0,16382.0,Home,Unemployed,17,Fair,0.3741,214556.0,4.0,Winterschester,HI,Serbia,2.0,0,Low
24,Female,Master's,Single,82137.0,790.0,34428.0,Business,Unemployed,12,Fair,0.4161,296457.0,2.0,Lewismouth,VA,Saint Kitts and Nevis,4.0,1,Medium
45,Female,PhD,Widowed,30677.0,764.0,16809.0,Business,Self-employed,6,Good,0.1845,205069.0,3.0,Ashleyberg,NV,Seychelles,3.0,2,Medium
21,Male,Bachelor's,Widowed,89001.0,642.0,17219.0,Home,Unemployed,0,Poor,0.4386,281300.0,4.0,Eatonmouth,SC,Saudi Arabia,0.0,0,Low
18,Male,High School,Divorced,41788.0,656.0,41755.0,Home,Employed,17,Poor,0.2574,161590.0,0.0,West Danielland,MA,Kyrgyz Republic,1.0,2,Medium
26,Female,High School,Widowed,116080.0,602.0,46499.0,Auto,Self-employed,17,Excellent,0.5986,159781.0,3.0,South Angela,MD,Oman,0.0,1,Low
64,Male,PhD,Married,75685.0,723.0,20100.0,Auto,Unemployed,15,Excellent,0.5669,228942.0,1.0,Lake Hannahborough,FL,Belgium,0.0,0,Low
43,Non-binary,Bachelor's,Single,51351.0,692.0,24605.0,Personal,Unemployed,16,Fair,0.2735,90834.0,2.0,Mariabury,IN,Eritrea,0.0,2,Medium
20,Non-binary,Bachelor's,Widowed,72129.0,734.0,35641.0,Personal,Employed,13,Poor,0.4402,183331.0,3.0,New Melissa,FM,Montserrat,3.0,0,Low
23,Female,PhD,Divorced,95886.0,657.0,31065.0,Business,Self-employed,14,Excellent,0.4813,171038.0,2.0,Deanburgh,ME,Pitcairn Islands,3.0,0,Medium
52,Male,PhD,Divorced,105510.0,759.0,6432.0,Home,Unemployed,10,Poor,0.3618,165467.0,4.0,Jimmyton,AZ,France,0.0,1,Medium
57,Male,High School,Married,111110.0,611.0,39318.0,Home,Self-employed,4,Fair,0.4792,142743.0,4.0,Ortizview,KS,Tonga,3.0,1,Low
33,Male,Master's,Widowed,83472.0,774.0,32268.0,Home,Employed,18,Good,0.2696,63784.0,3.0,North Robin,FM,Cote d'Ivoire,0.0,0,Low
31,Female,High School,Divorced,83305.0,619.0,8453.0,Auto,Self-employed,16,Fair,0.1865,128305.0,3.0,Royville,IA,Tokelau,2.0,1,Medium
28,Non-binary,High School,Divorced,110982.0,657.0,41085.0,Auto,Self-employed,19,Fair,0.3299,101905.0,4.0,Danielshire,MO,Colombia,1.0,1,Low
60,Male,High School,Divorced,29151.0,643.0,13960.0,Auto,Employed,12,Excellent,0.4552,296370.0,0.0,West Christopherchester,GA,Saudi Arabia,4.0,0,High
39,Non-binary,Bachelor's,Married,43438.0,635.0,38202.0,Auto,Employed,0,Fair,0.353,75027.0,1.0,Lake Jeanettechester,OK,Saint Barthelemy,3.0,0,Low
42,Female,Bachelor's,Single,103220.0,781.0,47726.0,Personal,Unemployed,14,Poor,0.4105,231498.0,3.0,Bishopfurt,DE,Seychelles,0.0,2,Low
65,Non-binary,Master's,Single,117127.0,723.0,10765.0,Home,Unemployed,7,Fair,0.5182,267514.0,4.0,Lake Janice,FM,Faroe Islands,4.0,0,Medium
39,Female,High School,Married,105455.0,701.0,39395.0,Business,Unemployed,0,Poor,0.3234,168154.0,3.0,Blakeport,NH,Korea,2.0,0,Low
57,Female,PhD,Divorced,52174.0,740.0,43639.0,Personal,Self-employed,19,Fair,0.2476,295230.0,4.0,West Rachel,IN,United States of America,0.0,2,Medium
43,Female,Master's,Married,33580.0,729.0,46142.0,Home,Employed,17,Excellent,0.2707,171226.0,2.0,Tonyborough,AR,Uruguay,0.0,0,Low
67,Female,High School,Single,98473.0,609.0,10826.0,Home,Employed,12,Poor,0.1891,146692.0,1.0,North Toddport,CT,Gibraltar,3.0,1,Medium
49,Non-binary,Master's,Divorced,57964.0,784.0,32939.0,Personal,Self-employed,13,Excellent,0.1387,271637.0,4.0,Lake Scott,OR,Djibouti,3.0,2,High
50,Male,Master's,Single,47597.0,629.0,26227.0,Personal,Employed,11,Poor,0.5665,48419.0,0.0,Glassfort,CA,South Africa,0.0,2,Low
25,Female,High School,Single,79919.0,641.0,39321.0,Business,Employed,2,Good,0.4329,175204.0,4.0,Lopezmouth,NV,Bouvet Island (Bouvetoya),2.0,0,Low
46,Male,High School,Single,27818.0,784.0,12621.0,Home,Employed,8,Good,0.4177,250537.0,1.0,East Cynthiahaven,DE,Angola,1.0,0,Medium
51,Female,High School,Married,87471.0,727.0,46306.0,Personal,Self-employed,0,Excellent,0.374,243131.0,0.0,North Kyleburgh,GA,United States Minor Outlying Islands,3.0,2,Low
58,Non-binary,High School,Married,71389.0,629.0,36521.0,Business,Employed,0,Excellent,0.231,59460.0,4.0,West Karenborough,AR,Jersey,2.0,1,Low
38,Male,PhD,Single,36254.0,764.0,34850.0,Personal,Unemployed,17,Poor,0.1029,267034.0,3.0,Lake Jennifer,SC,Burundi,3.0,0,Low
21,Non-binary,Bachelor's,Single,67673.0,756.0,45423.0,Auto,Employed,8,Fair,0.4867,140600.0,1.0,Harveyshire,PR,United States Virgin Islands,4.0,0,Medium
55,Non-binary,Master's,Married,68634.0,616.0,14931.0,Personal,Employed,14,Excellent,0.1505,50888.0,4.0,Dawnmouth,AL,Chile,1.0,0,Medium
59,Non-binary,Bachelor's,Widowed,73235.0,641.0,24990.0,Business,Employed,14,Excellent,0.1551,208265.0,3.0,Port Deniseside,VA,Eritrea,3.0,2,Medium
34,Female,High School,Divorced,60711.0,794.0,49036.0,Personal,Employed,2,Excellent,0.2078,40929.0,0.0,Jamesburgh,AR,French Polynesia,1.0,1,Low
69,Male,Master's,Widowed,73506.0,641.0,17180.0,Auto,Self-employed,17,Fair,0.49,112356.0,2.0,Stanleyfort,ME,Palau,2.0,0,Medium
59,Non-binary,Bachelor's,Widowed,119770.0,610.0,31312.0,Home,Self-employed,2,Excellent,0.3363,254292.0,3.0,North Jeremy,OK,Bahamas,4.0,0,Low
50,Male,High School,Married,65733.0,710.0,23688.0,Auto,Employed,8,Good,0.3983,168262.0,4.0,Shaunmouth,WI,Estonia,2.0,0,Medium
28,Male,Master's,Married,55521.0,705.0,11093.0,Business,Self-employed,6,Good,0.2269,262567.0,3.0,Adamsmouth,FL,Armenia,2.0,2,Medium
60,Male,High School,Widowed,81284.0,606.0,13511.0,Personal,Self-employed,17,Poor,0.2653,257427.0,1.0,Janiceview,MO,Barbados,3.0,1,Low
42,Non-binary,PhD,Married,51139.0,721.0,9237.0,Business,Self-employed,11,Good,0.1906,92048.0,2.0,Brownshire,IA,Bulgaria,0.0,2,Low
24,Male,PhD,Widowed,42118.0,745.0,36080.0,Home,Self-employed,2,Fair,0.1743,61514.0,0.0,New Gregorymouth,TX,Uzbekistan,2.0,1,Medium
27,Non-binary,High School,Divorced,44281.0,655.0,48338.0,Business,Unemployed,0,Poor,0.1022,156514.0,1.0,New Angelaton,ND,Tuvalu,3.0,2,Low
38,Female,Master's,Widowed,105470.0,655.0,29558.0,Business,Employed,5,Excellent,0.211,299540.0,4.0,East Cody,IA,Colombia,4.0,1,Low
20,Female,Master's,Married,80598.0,780.0,6800.0,Auto,Employed,10,Fair,0.5281,62849.0,3.0,Lake Richard,CO,Cambodia,3.0,1,Low
62,Female,Bachelor's,Single,86247.0,655.0,38399.0,Home,Unemployed,8,Fair,0.553,34909.0,3.0,Williamsshire,DC,Japan,3.0,0,Medium
55,Female,Bachelor's,Widowed,20057.0,620.0,36104.0,Home,Self-employed,17,Good,0.2514,239693.0,3.0,Michaelport,UT,Guam,2.0,1,Medium
54,Non-binary,PhD,Widowed,58038.0,613.0,43805.0,Auto,Unemployed,0,Excellent,0.3297,255228.0,3.0,Chadfort,AZ,Pakistan,2.0,0,Low
68,Non-binary,Master's,Divorced,94332.0,757.0,24279.0,Business,Unemployed,5,Poor,0.4886,138185.0,4.0,East Juliebury,OR,Ecuador,0.0,1,Medium
36,Female,Bachelor's,Married,82645.0,789.0,7434.0,Home,Self-employed,3,Excellent,0.2684,118671.0,3.0,Ruizstad,ND,Netherlands,1.0,1,High
22,Male,Bachelor's,Married,70396.0,698.0,49006.0,Business,Unemployed,4,Excellent,0.3108,48579.0,4.0,New Timothyville,MT,Zambia,4.0,1,Low
29,Male,PhD,Married,112040.0,700.0,42849.0,Home,Unemployed,7,Fair,0.4863,158374.0,3.0,Aaronview,IA,Korea,2.0,1,Low
33,Female,High School,Single,23760.0,736.0,25229.0,Home,Employed,4,Poor,0.5835,218321.0,0.0,Lake Stacey,WA,Kiribati,1.0,1,Low
41,Female,Master's,Married,74232.0,674.0,23283.0,Auto,Unemployed,9,Good,0.5025,182391.0,1.0,South Matthew,FL,Palestinian Territory,1.0,2,Medium
47,Non-binary,Bachelor's,Divorced,54512.0,725.0,41491.0,Auto,Unemployed,12,Fair,0.5474,178871.0,4.0,Lake George,VI,Lao People's Democratic Republic,2.0,2,Low
44,Female,Master's,Single,92048.0,724.0,8098.0,Business,Self-employed,15,Fair,0.1357,202812.0,2.0,South Janetport,MI,Denmark,1.0,2,Low
46,Female,High School,Divorced,91255.0,768.0,6770.0,Personal,Self-employed,14,Fair,0.5454,31422.0,2.0,Lopezstad,MT,Cayman Islands,4.0,2,Medium
40,Male,Bachelor's,Divorced,103137.0,674.0,33892.0,Personal,Self-employed,17,Excellent,0.1101,71719.0,2.0,New Latoya,MI,Puerto Rico,4.0,1,Low
53,Female,PhD,Widowed,103710.0,732.0,40212.0,Personal,Self-employed,15,Fair,0.209,48849.0,3.0,North Dave,NC,Mozambique,0.0,1,Low
18,Non-binary,Bachelor's,Married,73140.0,621.0,29726.0,Business,Unemployed,5,Fair,0.3764,86124.0,2.0,Fowlerport,GU,Central African Republic,2.0,1,Medium
59,Non-binary,High School,Divorced,35847.0,771.0,17607.0,Home,Employed,0,Fair,0.2454,118020.0,3.0,Port Tylerbury,SC,Sierra Leone,1.0,0,Medium
60,Female,Bachelor's,Divorced,77929.0,688.0,42239.0,Business,Unemployed,12,Excellent,0.4326,143218.0,4.0,New Davidport,MI,New Zealand,2.0,2,Medium
60,Female,High School,Single,106813.0,734.0,5299.0,Auto,Unemployed,10,Good,0.4483,142458.0,3.0,Port Brianland,PR,Suriname,2.0,0,Low
35,Female,Bachelor's,Divorced,84512.0,653.0,39708.0,Personal,Self-employed,16,Excellent,0.376,38333.0,1.0,Mccoytown,MP,Western Sahara,1.0,0,Low
39,Male,Bachelor's,Married,27464.0,720.0,33721.0,Business,Unemployed,16,Fair,0.5734,115977.0,3.0,Craneton,WI,Uzbekistan,3.0,0,Low
56,Female,PhD,Divorced,54121.0,717.0,40278.0,Home,Self-employed,17,Good,0.3882,158292.0,1.0,Lake Anthonyfurt,SC,Congo,1.0,1,Medium
38,Non-binary,Bachelor's,Single,30052.0,788.0,32003.0,Home,Self-employed,3,Fair,0.5682,216472.0,0.0,Hornefort,ID,British Virgin Islands,2.0,0,Low
64,Female,High School,Divorced,109616.0,676.0,12385.0,Personal,Self-employed,12,Excellent,0.4798,178465.0,3.0,Port Noahside,VT,Indonesia,3.0,1,Low
61,Male,PhD,Single,88305.0,776.0,38182.0,Personal,Unemployed,6,Good,0.4249,233276.0,1.0,West Thomaston,WV,Nauru,4.0,2,High
27,Female,Master's,Single,102418.0,796.0,29091.0,Auto,Employed,4,Poor,0.1886,155939.0,0.0,South Bobby,FL,Syrian Arab Republic,4.0,0,Medium
42,Female,PhD,Widowed,73533.0,604.0,43940.0,Personal,Self-employed,11,Fair,0.1797,48664.0,3.0,New Jeremymouth,LA,Thailand,1.0,2,Low
29,Non-binary,Master's,Married,28367.0,632.0,36262.0,Home,Unemployed,12,Good,0.4176,27649.0,0.0,Christopherside,CO,Romania,2.0,2,Low
53,Female,PhD,Single,90875.0,712.0,45981.0,Business,Employed,6,Poor,0.4042,190957.0,4.0,New Luis,VI,Algeria,0.0,1,Medium
49,Male,PhD,Widowed,52264.0,785.0,16347.0,Business,Self-employed,13,Excellent,0.1905,71833.0,4.0,Lisamouth,DC,Montserrat,4.0,0,Low
47,Female,Master's,Divorced,52899.0,659.0,40878.0,Business,Unemployed,4,Poor,0.1123,55538.0,3.0,Daltonburgh,WV,United States Minor Outlying Islands,0.0,0,Low
23,Female,PhD,Divorced,87827.0,736.0,23020.0,Home,Employed,3,Excellent,0.5436,268052.0,2.0,Martinezfurt,WY,Netherlands,4.0,0,Medium
20,Non-binary,High School,Widowed,80188.0,790.0,18171.0,Home,Unemployed,18,Excellent,0.5196,267766.0,4.0,South Georgehaven,MP,Sudan,3.0,2,High
45,Male,Master's,Single,45634.0,658.0,40893.0,Auto,Unemployed,8,Fair,0.3693,141477.0,0.0,West Kelly,NV,Bulgaria,2.0,2,Medium
56,Male,Master's,Widowed,98243.0,680.0,36289.0,Auto,Employed,10,Poor,0.4111,65437.0,0.0,Perezmouth,TX,Micronesia,2.0,0,Medium
31,Non-binary,High School,Single,64293.0,731.0,30491.0,Home,Self-employed,1,Fair,0.1987,289128.0,4.0,Davisstad,IN,Latvia,2.0,0,Low
43,Non-binary,Master's,Single,49473.0,616.0,34324.0,Home,Unemployed,16,Poor,0.1694,76552.0,0.0,Harrisonmouth,NY,American Samoa,1.0,0,Low
61,Female,High School,Single,74941.0,694.0,49180.0,Home,Self-employed,8,Poor,0.466,220759.0,2.0,Freemanfort,AS,Tonga,4.0,2,Low
66,Non-binary,Master's,Single,110404.0,773.0,12169.0,Home,Self-employed,6,Poor,0.1969,178774.0,1.0,New Rebecca,NJ,Niue,2.0,2,Medium
59,Non-binary,High School,Widowed,76614.0,660.0,31369.0,Home,Self-employed,8,Excellent,0.4561,156578.0,3.0,Pittmanburgh,FM,Myanmar,1.0,0,Low
29,Female,High School,Widowed,75822.0,777.0,14013.0,Personal,Unemployed,16,Poor,0.5634,208818.0,0.0,Kellimouth,VT,Singapore,3.0,0,Low
69,Male,Bachelor's,Single,93551.0,679.0,45218.0,Auto,Self-employed,13,Poor,0.2117,90454.0,3.0,East Laura,SD,Anguilla,3.0,0,Low
56,Non-binary,Master's,Divorced,90410.0,736.0,13946.0,Personal,Self-employed,9,Fair,0.3256,251037.0,2.0,Dunnstad,SD,Anguilla,0.0,0,Low
53,Male,PhD,Single,21073.0,624.0,48927.0,Auto,Self-employed,17,Poor,0.1958,295156.0,1.0,Randymouth,WA,Heard Island and McDonald Islands,2.0,2,Low
52,Non-binary,High School,Single,83925.0,730.0,39535.0,Business,Self-employed,17,Good,0.4121,99736.0,2.0,Thomasbury,AS,Austria,0.0,0,Low
26,Male,Bachelor's,Divorced,77841.0,727.0,23289.0,Home,Employed,4,Good,0.3657,245207.0,0.0,Kaylaborough,IN,Congo,3.0,0,Medium
33,Male,Bachelor's,Divorced,106287.0,720.0,46599.0,Personal,Unemployed,3,Poor,0.5501,87798.0,3.0,Jacobfort,VA,France,0.0,1,Low
61,Non-binary,Bachelor's,Single,96022.0,657.0,11217.0,Home,Employed,2,Excellent,0.5869,147087.0,3.0,South Darlene,KY,Congo,3.0,0,Low
59,Male,PhD,Widowed,49160.0,675.0,46470.0,Personal,Unemployed,13,Poor,0.1023,129168.0,0.0,Wilsonfort,ND,Saint Martin,1.0,1,Low
25,Male,High School,Widowed,112724.0,665.0,32967.0,Home,Unemployed,3,Poor,0.2637,288405.0,0.0,South Michael,PA,Hong Kong,4.0,2,Low
64,Female,High School,Single,61120.0,607.0,27816.0,Personal,Employed,2,Fair,0.4747,228310.0,4.0,Fullermouth,OR,Timor-Leste,4.0,0,Low
35,Male,Master's,Married,100263.0,614.0,32278.0,Personal,Self-employed,11,Excellent,0.4009,143203.0,3.0,Heathershire,KY,Vietnam,0.0,2,Medium
64,Female,Bachelor's,Single,80563.0,780.0,33424.0,Personal,Unemployed,6,Fair,0.1426,231622.0,1.0,South Cynthiashire,FM,Liberia,2.0,0,Medium
42,Male,PhD,Married,82979.0,772.0,22896.0,Home,Employed,5,Excellent,0.1939,212469.0,0.0,Chrismouth,OR,Albania,3.0,0,Low
56,Female,Master's,Single,21267.0,678.0,36064.0,Personal,Self-employed,17,Excellent,0.522,184844.0,3.0,East Kaitlyn,IN,Christmas Island,3.0,0,High
59,Female,High School,Divorced,104658.0,762.0,9120.0,Auto,Employed,2,Excellent,0.4191,292741.0,2.0,New Bradley,PR,Liberia,4.0,0,Medium
39,Male,High School,Widowed,96955.0,726.0,40171.0,Auto,Employed,0,Good,0.4725,214558.0,1.0,Port Christinamouth,PA,Luxembourg,4.0,1,Low
24,Male,Bachelor's,Single,107973.0,790.0,38758.0,Auto,Unemployed,4,Good,0.4663,248929.0,2.0,Martinborough,ME,Bangladesh,0.0,0,Low
23,Female,Bachelor's,Single,51509.0,654.0,31579.0,Auto,Employed,1,Good,0.1677,89921.0,0.0,Yateshaven,CO,Western Sahara,4.0,2,Low
19,Male,PhD,Widowed,110546.0,764.0,38743.0,Business,Self-employed,11,Good,0.5333,163518.0,4.0,Jamesstad,DC,Burkina Faso,1.0,0,Low
25,Male,Master's,Divorced,60194.0,735.0,17850.0,Personal,Self-employed,17,Good,0.245,162232.0,0.0,South Gregory,OH,Suriname,1.0,0,Medium
62,Male,Master's,Divorced,86126.0,614.0,32243.0,Personal,Employed,18,Poor,0.2606,129150.0,4.0,Powellstad,MI,Bosnia and Herzegovina,3.0,2,Low
32,Male,Bachelor's,Married,67249.0,608.0,41939.0,Personal,Unemployed,12,Fair,0.1651,120868.0,1.0,New Shawn,SC,Bangladesh,4.0,1,Low
19,Male,High School,Widowed,23404.0,623.0,47752.0,Auto,Unemployed,3,Poor,0.2496,206358.0,1.0,Johnnyberg,MN,Indonesia,0.0,1,Low
25,Female,Master's,Married,60667.0,632.0,25786.0,Personal,Self-employed,11,Poor,0.1496,30718.0,0.0,Bridgesborough,CT,Ukraine,0.0,1,Low
27,Female,Bachelor's,Single,99158.0,797.0,19775.0,Auto,Unemployed,6,Good,0.2082,293033.0,0.0,Port Mary,FM,Moldova,0.0,2,High
32,Female,Bachelor's,Married,29402.0,617.0,8931.0,Auto,Self-employed,0,Fair,0.5057,218891.0,0.0,Shawnmouth,IA,Costa Rica,0.0,1,Medium
45,Female,High School,Married,51712.0,785.0,41709.0,Business,Employed,4,Excellent,0.3756,44832.0,4.0,Port Jacqueline,IN,Costa Rica,1.0,2,High
58,Non-binary,High School,Widowed,57429.0,628.0,26857.0,Business,Unemployed,13,Good,0.4541,291934.0,0.0,West Crystal,VT,Honduras,1.0,1,Medium
49,Female,Master's,Widowed,43390.0,632.0,28746.0,Personal,Employed,2,Excellent,0.1962,268272.0,0.0,New Derek,PW,Mexico,4.0,1,Medium
55,Female,Master's,Widowed,47041.0,725.0,10072.0,Auto,Employed,19,Fair,0.4213,126134.0,1.0,Jamesview,WV,Svalbard & Jan Mayen Islands,3.0,1,Low
52,Male,Bachelor's,Divorced,21711.0,612.0,38059.0,Auto,Employed,1,Fair,0.1718,28918.0,2.0,North Bethanychester,AS,Bahrain,0.0,0,Low
33,Female,High School,Married,34118.0,754.0,12090.0,Business,Employed,1,Poor,0.1797,126246.0,3.0,Dianaburgh,PR,Swaziland,1.0,2,Medium
41,Male,Bachelor's,Divorced,56907.0,725.0,18324.0,Auto,Unemployed,14,Good,0.4453,60679.0,3.0,North Robintown,OK,Sweden,2.0,0,Low
39,Non-binary,PhD,Divorced,70541.0,755.0,22422.0,Auto,Self-employed,1,Fair,0.2453,34883.0,1.0,Lewisport,PR,Papua New Guinea,2.0,0,Medium
19,Male,High School,Divorced,81791.0,784.0,23211.0,Business,Unemployed,4,Fair,0.2199,270787.0,4.0,New Andrew,KS,Papua New Guinea,0.0,0,Medium
19,Male,Bachelor's,Widowed,72035.0,764.0,49228.0,Home,Unemployed,18,Fair,0.3587,223917.0,4.0,Port Sandra,VA,Lesotho,3.0,0,Low
62,Female,PhD,Divorced,116129.0,743.0,16426.0,Auto,Employed,11,Fair,0.3034,226135.0,2.0,Deanberg,AZ,Bhutan,2.0,1,Low
42,Non-binary,Bachelor's,Divorced,110036.0,683.0,31506.0,Auto,Self-employed,18,Good,0.2042,203696.0,1.0,New Jason,AL,Guernsey,2.0,2,Low
21,Non-binary,PhD,Single,112783.0,717.0,42150.0,Business,Self-employed,3,Poor,0.5985,149881.0,1.0,East Gregory,GU,Mauritius,1.0,0,Low
31,Non-binary,High School,Widowed,60194.0,605.0,37223.0,Personal,Self-employed,6,Poor,0.5961,64670.0,1.0,Jacobburgh,MT,El Salvador,0.0,0,Medium
51,Female,High School,Divorced,47289.0,710.0,9627.0,Home,Self-employed,12,Excellent,0.5202,103509.0,1.0,Johnhaven,OR,Slovenia,0.0,1,Low
57,Female,Master's,Divorced,94319.0,736.0,11463.0,Business,Unemployed,1,Fair,0.2531,128731.0,2.0,Nathanshire,VT,Tunisia,3.0,0,Low
26,Male,Bachelor's,Married,107802.0,677.0,31543.0,Home,Self-employed,7,Good,0.4978,32709.0,3.0,West Linda,UT,Nigeria,2.0,1,Low
25,Male,PhD,Widowed,39564.0,610.0,44606.0,Auto,Employed,16,Fair,0.5707,276370.0,0.0,Kathyshire,NJ,Bahrain,1.0,0,High
43,Male,Bachelor's,Divorced,94248.0,742.0,19202.0,Business,Employed,19,Poor,0.4769,213838.0,4.0,Sharpland,LA,Nauru,0.0,0,Low
56,Non-binary,PhD,Divorced,88345.0,784.0,16841.0,Personal,Self-employed,1,Good,0.2069,246057.0,3.0,Taylorburgh,NJ,Croatia,4.0,1,Medium
38,Male,High School,Single,42797.0,684.0,40775.0,Auto,Unemployed,3,Poor,0.3254,82290.0,2.0,Mccormickville,MP,Greece,2.0,1,Low
62,Female,Master's,Single,78900.0,603.0,12020.0,Personal,Unemployed,11,Fair,0.1536,143561.0,3.0,Maryburgh,DE,Lithuania,4.0,2,Low
56,Female,High School,Married,64514.0,724.0,27346.0,Personal,Self-employed,14,Poor,0.2889,257013.0,1.0,Harrischester,MT,Niger,3.0,2,Medium
35,Non-binary,PhD,Single,93567.0,727.0,31399.0,Business,Unemployed,1,Excellent,0.4256,133862.0,3.0,East Brandon,OR,Maldives,0.0,1,Low
66,Non-binary,Master's,Divorced,29953.0,746.0,40008.0,Auto,Employed,18,Good,0.5559,41076.0,1.0,Port Nataliebury,AR,Chile,4.0,2,Low
30,Non-binary,Master's,Widowed,68533.0,668.0,46860.0,Business,Unemployed,4,Fair,0.5865,56327.0,1.0,South Allisontown,NJ,Ireland,2.0,1,Medium
41,Male,Master's,Widowed,90009.0,618.0,23839.0,Business,Employed,13,Excellent,0.2919,47481.0,3.0,Lake Ashley,OK,Luxembourg,3.0,1,Low
46,Female,Bachelor's,Widowed,62625.0,721.0,34012.0,Auto,Employed,6,Fair,0.5823,217229.0,3.0,Lake Frank,AS,Spain,2.0,0,Medium
66,Non-binary,High School,Single,24787.0,651.0,12353.0,Home,Self-employed,10,Fair,0.4468,127291.0,4.0,Kellychester,HI,Gibraltar,1.0,2,Low
62,Non-binary,High School,Married,35032.0,774.0,15146.0,Personal,Self-employed,18,Poor,0.3432,210222.0,1.0,North Kayla,MI,Cyprus,1.0,1,Low
27,Non-binary,High School,Single,39416.0,797.0,20981.0,Personal,Employed,13,Good,0.4398,217062.0,3.0,Thomashaven,MO,Togo,2.0,2,Low
40,Male,High School,Divorced,28584.0,670.0,45944.0,Personal,Employed,19,Poor,0.4659,28582.0,4.0,Lake Nicholas,NC,Mauritania,0.0,2,Low
21,Non-binary,PhD,Widowed,52160.0,768.0,32692.0,Auto,Employed,1,Good,0.532,162610.0,0.0,Pricechester,CT,Haiti,1.0,0,Low
47,Non-binary,PhD,Married,32907.0,607.0,11126.0,Home,Self-employed,12,Fair,0.2059,263399.0,0.0,Chavezmouth,PA,Cuba,4.0,1,Low
38,Male,PhD,Married,118597.0,787.0,15890.0,Business,Self-employed,4,Poor,0.3857,228889.0,4.0,New Donald,ME,Norfolk Island,4.0,2,Low
54,Non-binary,Master's,Widowed,36167.0,732.0,14537.0,Business,Employed,3,Poor,0.3906,114242.0,4.0,Teresaview,WA,Switzerland,0.0,0,Low
62,Non-binary,PhD,Widowed,60799.0,653.0,16653.0,Home,Employed,14,Excellent,0.2294,141013.0,0.0,Holmeshaven,AS,New Caledonia,2.0,1,Low
66,Female,PhD,Widowed,102098.0,774.0,23868.0,Personal,Self-employed,14,Poor,0.3995,138041.0,4.0,Port Vincentland,PR,Kenya,4.0,2,Medium
67,Non-binary,Master's,Widowed,28382.0,611.0,5303.0,Personal,Unemployed,9,Fair,0.5254,105398.0,1.0,Joannton,WY,Niger,1.0,1,Low
40,Non-binary,High School,Married,26472.0,636.0,16001.0,Personal,Unemployed,5,Poor,0.2909,251097.0,4.0,West Thomasmouth,LA,Falkland Islands (Malvinas),2.0,1,Low
47,Male,High School,Widowed,65650.0,611.0,44507.0,Business,Self-employed,18,Good,0.1155,20233.0,4.0,East Jason,PW,Spain,3.0,1,Low
61,Male,Master's,Widowed,35941.0,788.0,49358.0,Personal,Employed,6,Poor,0.3172,218344.0,0.0,Jillianchester,SD,Gibraltar,0.0,2,High
21,Male,Bachelor's,Divorced,50750.0,725.0,38337.0,Personal,Self-employed,4,Poor,0.4775,153666.0,2.0,North Loristad,MS,New Caledonia,4.0,1,Low
29,Male,Master's,Single,50105.0,646.0,43215.0,Business,Employed,9,Excellent,0.5103,135453.0,2.0,East Mary,IN,Liberia,4.0,2,Low
54,Female,Master's,Widowed,56417.0,646.0,30638.0,Personal,Unemployed,17,Excellent,0.1263,79219.0,4.0,Charlesville,UT,Croatia,2.0,2,Medium
20,Female,Master's,Widowed,43453.0,620.0,32213.0,Auto,Self-employed,11,Poor,0.5108,29064.0,4.0,Wilkersonmouth,WI,Slovenia,1.0,0,Low
64,Non-binary,High School,Single,29895.0,672.0,31811.0,Business,Unemployed,10,Fair,0.5753,33934.0,2.0,Vasquezside,GA,Jordan,2.0,2,Medium
27,Male,PhD,Married,65952.0,757.0,28720.0,Home,Unemployed,9,Poor,0.3653,171099.0,2.0,Johnville,TX,Sudan,0.0,1,High
57,Male,Bachelor's,Single,68484.0,665.0,25502.0,Personal,Self-employed,17,Fair,0.5867,92037.0,3.0,North Jessica,AZ,Brunei Darussalam,1.0,2,Medium
57,Male,PhD,Divorced,56365.0,724.0,47706.0,Home,Employed,12,Poor,0.5475,231500.0,1.0,Brownland,MD,Cayman Islands,1.0,1,Low
64,Female,High School,Married,105669.0,672.0,25679.0,Home,Unemployed,12,Fair,0.5497,128139.0,1.0,Davidland,WV,Philippines,2.0,2,Medium
45,Male,Bachelor's,Divorced,46836.0,728.0,16427.0,Home,Unemployed,12,Excellent,0.285,90809.0,0.0,Crawfordberg,PA,Tajikistan,3.0,0,Low
35,Non-binary,High School,Widowed,58233.0,678.0,7467.0,Home,Self-employed,8,Fair,0.2476,212170.0,0.0,East Scott,DE,United States Minor Outlying Islands,4.0,0,Low
40,Non-binary,PhD,Widowed,32039.0,697.0,17736.0,Auto,Unemployed,19,Excellent,0.3125,261013.0,2.0,North Ryan,CA,Isle of Man,2.0,1,Medium
24,Non-binary,Master's,Divorced,62240.0,686.0,16557.0,Home,Self-employed,5,Good,0.4899,161501.0,2.0,Mathewschester,CA,Denmark,2.0,0,Medium
51,Non-binary,Bachelor's,Married,69336.0,623.0,16718.0,Personal,Employed,19,Good,0.5444,191206.0,0.0,West Glen,IL,Latvia,4.0,2,Low
50,Female,Master's,Divorced,100140.0,688.0,33197.0,Auto,Self-employed,11,Good,0.1126,74904.0,2.0,Sheilashire,OR,United States Virgin Islands,1.0,1,Low
34,Male,Master's,Single,42150.0,624.0,48728.0,Personal,Unemployed,15,Poor,0.4146,262621.0,0.0,South Amberport,NM,Russian Federation,0.0,1,Low
64,Female,Master's,Single,80399.0,604.0,26266.0,Home,Self-employed,11,Good,0.2643,180138.0,4.0,Port Elizabeth,SC,Zambia,1.0,0,Medium
62,Non-binary,PhD,Widowed,47524.0,733.0,25006.0,Business,Self-employed,8,Fair,0.3406,266852.0,0.0,Johnsonburgh,DE,Brunei Darussalam,4.0,0,Medium
46,Female,Bachelor's,Widowed,93202.0,693.0,24009.0,Personal,Employed,5,Good,0.2759,271115.0,2.0,Joshuatown,WV,Pakistan,1.0,1,Low
49,Male,High School,Widowed,20048.0,695.0,23531.0,Home,Unemployed,12,Fair,0.152,200287.0,0.0,West Crystal,KY,Holy See (Vatican City State),4.0,1,Low
22,Female,PhD,Single,54819.0,647.0,21502.0,Personal,Employed,9,Good,0.5737,171995.0,4.0,Brentville,LA,Bulgaria,1.0,2,Medium
30,Non-binary,PhD,Married,25166.0,642.0,13812.0,Business,Unemployed,9,Poor,0.4494,165744.0,2.0,East Jesusland,GA,Yemen,1.0,0,Low
40,Non-binary,Master's,Divorced,108941.0,648.0,31656.0,Business,Self-employed,10,Good,0.4713,162950.0,4.0,Dianahaven,ME,Cambodia,2.0,0,Low
45,Female,PhD,Married,80587.0,767.0,32737.0,Business,Self-employed,2,Excellent,0.3417,38887.0,1.0,Connermouth,MH,Puerto Rico,2.0,0,Low
62,Male,Bachelor's,Divorced,29622.0,653.0,19443.0,Home,Self-employed,18,Poor,0.3387,137067.0,2.0,Russellburgh,AL,Egypt,0.0,2,Low
58,Non-binary,Master's,Widowed,82072.0,767.0,32164.0,Home,Unemployed,10,Excellent,0.1313,259608.0,2.0,Rebeccaview,PW,Greenland,1.0,2,Low
30,Male,Master's,Widowed,119129.0,718.0,25879.0,Personal,Employed,3,Good,0.5852,24311.0,4.0,New Whitneyville,WV,Antigua and Barbuda,0.0,1,Low
62,Non-binary,Bachelor's,Divorced,101459.0,798.0,14764.0,Auto,Employed,9,Fair,0.5851,36980.0,0.0,Philipberg,ID,Tuvalu,3.0,2,Low
43,Male,PhD,Married,26114.0,742.0,17020.0,Personal,Self-employed,12,Fair,0.4446,47928.0,4.0,South Reginaldchester,KS,Saudi Arabia,1.0,0,Low
61,Non-binary,Bachelor's,Single,81679.0,682.0,40637.0,Business,Employed,5,Excellent,0.3455,89371.0,2.0,Jonathanberg,GU,Afghanistan,4.0,2,Medium
60,Female,PhD,Widowed,63794.0,616.0,26557.0,Auto,Employed,6,Fair,0.5446,130287.0,0.0,Popemouth,AS,Tokelau,3.0,1,Low
37,Female,High School,Divorced,50215.0,775.0,19538.0,Personal,Self-employed,1,Excellent,0.1977,245353.0,1.0,Clarkeland,LA,Israel,1.0,1,Low
21,Non-binary,PhD,Single,97903.0,612.0,32258.0,Business,Self-employed,8,Poor,0.1834,36597.0,3.0,Kimberlyburgh,MP,Andorra,3.0,2,Medium
57,Male,Master's,Single,104860.0,624.0,37383.0,Business,Self-employed,1,Good,0.5303,294817.0,0.0,Port Jose,MN,Antarctica (the territory South of 60 deg S),4.0,2,Low
69,Non-binary,Master's,Widowed,23140.0,689.0,20402.0,Auto,Employed,15,Fair,0.4235,139670.0,3.0,Birdshire,WV,Comoros,3.0,0,Medium
63,Female,High School,Widowed,72771.0,753.0,7199.0,Home,Unemployed,6,Fair,0.5541,131209.0,2.0,Jonesberg,WV,Haiti,1.0,1,Low
35,Female,High School,Married,64378.0,734.0,36076.0,Home,Self-employed,10,Good,0.3461,212999.0,0.0,Phelpshaven,AL,Czech Republic,0.0,1,Medium
34,Male,Master's,Single,41320.0,643.0,5887.0,Home,Unemployed,16,Poor,0.2727,221383.0,2.0,Willisland,KY,Central African Republic,0.0,0,Medium
57,Male,Bachelor's,Widowed,44914.0,744.0,15436.0,Business,Employed,12,Good,0.1961,178569.0,4.0,Lisaville,PR,Turks and Caicos Islands,0.0,0,Medium
65,Non-binary,High School,Divorced,53514.0,658.0,20960.0,Auto,Unemployed,16,Excellent,0.1662,269094.0,3.0,Josephburgh,GU,British Indian Ocean Territory (Chagos Archipelago),3.0,1,Low
24,Male,Bachelor's,Divorced,79220.0,667.0,22787.0,Business,Employed,19,Poor,0.4643,36768.0,2.0,Arellanotown,NE,Reunion,0.0,1,Low
50,Non-binary,PhD,Married,119423.0,664.0,5783.0,Business,Unemployed,17,Excellent,0.3757,93529.0,4.0,West Jonathan,MH,Bhutan,1.0,1,Low
35,Female,Master's,Divorced,61271.0,621.0,24896.0,Home,Unemployed,5,Poor,0.5607,169296.0,0.0,Stephensshire,TX,Somalia,4.0,2,Low
23,Female,Master's,Divorced,75891.0,770.0,18363.0,Business,Unemployed,11,Good,0.5214,180056.0,1.0,Donaldsonfort,NC,Cuba,3.0,0,High
55,Female,Bachelor's,Single,78175.0,780.0,5389.0,Personal,Self-employed,7,Excellent,0.2624,217543.0,1.0,Dianastad,NE,Western Sahara,3.0,0,Low
30,Non-binary,Bachelor's,Widowed,28103.0,611.0,7720.0,Business,Employed,1,Good,0.2915,243621.0,1.0,East Maryburgh,GU,Niue,0.0,0,Low
37,Male,Bachelor's,Divorced,71786.0,656.0,24319.0,Home,Employed,13,Fair,0.3808,146070.0,3.0,East Lisaville,DE,Eritrea,4.0,1,Low
50,Non-binary,Master's,Single,67838.0,656.0,36472.0,Personal,Employed,9,Poor,0.5353,275737.0,2.0,West Shelly,CO,Georgia,1.0,2,High
65,Female,PhD,Married,88203.0,643.0,40445.0,Personal,Self-employed,13,Excellent,0.4689,181013.0,3.0,Jeffersonville,TX,Australia,4.0,0,Medium
64,Non-binary,PhD,Single,117685.0,653.0,49771.0,Auto,Self-employed,12,Fair,0.2481,92474.0,1.0,Port Laurenport,OH,Hungary,1.0,0,High
63,Female,PhD,Widowed,94005.0,768.0,14529.0,Home,Employed,17,Poor,0.3127,289791.0,0.0,Leeville,MO,Turks and Caicos Islands,2.0,2,Low
62,Non-binary,Master's,Divorced,112604.0,652.0,9141.0,Business,Employed,16,Poor,0.4207,200431.0,1.0,West Valerieburgh,TX,Macao,1.0,2,Low
24,Non-binary,Master's,Single,119322.0,651.0,30312.0,Auto,Self-employed,6,Fair,0.3845,48448.0,0.0,Adamburgh,MN,Dominica,4.0,1,Medium
42,Non-binary,Bachelor's,Widowed,40724.0,632.0,34258.0,Auto,Unemployed,17,Excellent,0.366,37206.0,4.0,South Brittany,KY,Mozambique,2.0,0,Low
66,Non-binary,High School,Divorced,22118.0,699.0,28111.0,Business,Unemployed,4,Good,0.1386,38278.0,0.0,Lake Kathleen,NC,Qatar,2.0,1,Low
64,Female,Master's,Divorced,89142.0,755.0,24622.0,Auto,Unemployed,8,Excellent,0.1163,49324.0,1.0,Port Jacqueline,PR,Korea,1.0,0,High
51,Non-binary,Master's,Divorced,117807.0,766.0,27715.0,Home,Employed,1,Fair,0.5554,97405.0,4.0,East Michael,SD,Israel,2.0,1,Medium
32,Female,Master's,Married,92317.0,694.0,46921.0,Personal,Self-employed,9,Good,0.336,188983.0,2.0,South Rickychester,NV,Cameroon,1.0,1,Low
31,Female,PhD,Divorced,73177.0,731.0,25543.0,Business,Employed,16,Good,0.5775,274825.0,1.0,New Michael,WA,Malawi,2.0,1,Low
46,Male,PhD,Divorced,107594.0,731.0,43398.0,Auto,Unemployed,12,Fair,0.5264,90889.0,3.0,Mirandaburgh,MO,Japan,1.0,1,Low
43,Male,High School,Single,65775.0,647.0,34398.0,Business,Unemployed,8,Excellent,0.3391,254459.0,4.0,North Amber,TX,Peru,0.0,2,Low
62,Non-binary,Bachelor's,Widowed,90739.0,611.0,10644.0,Personal,Self-employed,7,Fair,0.5343,56958.0,0.0,Bairdhaven,SD,Trinidad and Tobago,2.0,1,Low
21,Female,High School,Divorced,101909.0,716.0,27028.0,Auto,Employed,8,Fair,0.1808,105337.0,3.0,Leeton,GA,Tajikistan,0.0,1,Low
40,Male,PhD,Divorced,83545.0,669.0,37091.0,Personal,Employed,4,Fair,0.4323,105009.0,2.0,Alexanderport,DE,Cyprus,0.0,1,Medium
39,Female,High School,Divorced,89434.0,713.0,40742.0,Personal,Self-employed,1,Fair,0.261,274580.0,0.0,Smithfort,KS,Mali,3.0,0,Low
35,Male,High School,Single,22921.0,668.0,32915.0,Business,Unemployed,11,Good,0.3988,194387.0,4.0,Lake Jenniferbury,RI,United States Virgin Islands,1.0,1,Medium
24,Male,Bachelor's,Married,87262.0,785.0,16876.0,Personal,Unemployed,4,Poor,0.5747,94771.0,4.0,Port Christineshire,MP,North Macedonia,4.0,2,High
62,Female,PhD,Widowed,65134.0,688.0,33014.0,Personal,Employed,6,Good,0.493,128020.0,2.0,New Tyler,GU,Jordan,4.0,0,Low
40,Male,PhD,Single,78097.0,663.0,26963.0,Home,Unemployed,6,Good,0.1299,256749.0,2.0,Alexandriaville,AS,Philippines,2.0,2,Low
67,Female,Master's,Married,20792.0,636.0,29432.0,Auto,Self-employed,8,Good,0.3495,288064.0,2.0,Davidmouth,VI,Mayotte,1.0,1,Low
28,Male,Bachelor's,Single,67059.0,761.0,16569.0,Personal,Unemployed,9,Poor,0.3,149175.0,3.0,South Micheleside,SD,Saint Pierre and Miquelon,2.0,0,Medium
47,Male,PhD,Single,25022.0,785.0,11905.0,Auto,Employed,0,Excellent,0.5659,276196.0,3.0,Jacobtown,OK,Montenegro,2.0,2,Medium
54,Female,Bachelor's,Divorced,22108.0,608.0,26009.0,Auto,Unemployed,4,Excellent,0.5488,65873.0,3.0,Welchborough,NC,Antarctica (the territory South of 60 deg S),2.0,2,Low
52,Non-binary,Bachelor's,Single,94266.0,690.0,41006.0,Auto,Employed,14,Good,0.1089,140014.0,2.0,East Emilyside,GA,Bosnia and Herzegovina,3.0,0,Low
62,Female,High School,Widowed,77326.0,601.0,6704.0,Auto,Self-employed,9,Fair,0.107,201209.0,2.0,Lake Evelynborough,AR,Guam,2.0,0,Medium
53,Female,Bachelor's,Divorced,74774.0,677.0,20920.0,Auto,Unemployed,19,Excellent,0.4383,126521.0,1.0,Royport,MT,Jamaica,3.0,2,Low
45,Female,Bachelor's,Divorced,107160.0,652.0,44757.0,Home,Employed,11,Good,0.1209,83345.0,4.0,Lake Johnmouth,NH,Switzerland,3.0,0,Low
35,Non-binary,Bachelor's,Single,52746.0,724.0,45344.0,Business,Unemployed,19,Poor,0.411,208129.0,1.0,Nicholasville,SC,Afghanistan,0.0,2,Low
58,Female,Master's,Widowed,98229.0,603.0,39253.0,Business,Employed,14,Good,0.5612,225389.0,1.0,South Brianberg,MA,Swaziland,4.0,2,Low
54,Female,High School,Divorced,118144.0,606.0,22024.0,Auto,Unemployed,13,Fair,0.4652,167564.0,3.0,East Ryanville,SC,Niger,0.0,1,Low
58,Non-binary,High School,Married,78543.0,678.0,36343.0,Business,Unemployed,9,Poor,0.1143,103672.0,0.0,Chelseaport,MN,Mozambique,1.0,0,Medium
69,Non-binary,Master's,Single,101560.0,652.0,6999.0,Business,Unemployed,1,Good,0.5027,235461.0,1.0,Mendezville,FL,Turks and Caicos Islands,0.0,0,Low
34,Non-binary,Master's,Divorced,87759.0,698.0,46918.0,Home,Unemployed,17,Excellent,0.4654,224509.0,2.0,New Brandy,AR,Saudi Arabia,3.0,0,Low
51,Female,Master's,Single,62381.0,619.0,34113.0,Personal,Employed,15,Poor,0.5991,231228.0,1.0,Antoniochester,ME,Angola,2.0,2,Low
18,Male,Master's,Single,62290.0,651.0,42621.0,Business,Employed,10,Excellent,0.2745,54169.0,4.0,East Kimberlyton,NC,Brunei Darussalam,1.0,1,Low
21,Male,High School,Married,48223.0,602.0,39377.0,Business,Unemployed,8,Excellent,0.1803,44326.0,2.0,Davistown,IL,Guinea,3.0,2,Low
23,Male,High School,Single,23642.0,621.0,39657.0,Auto,Self-employed,19,Poor,0.4285,29916.0,1.0,Rachelborough,TN,Australia,1.0,0,Low
60,Female,Bachelor's,Divorced,36603.0,786.0,45743.0,Business,Unemployed,14,Good,0.1395,150966.0,4.0,Natashachester,VA,Nigeria,3.0,1,Low
55,Male,Master's,Divorced,84509.0,744.0,31510.0,Auto,Self-employed,2,Good,0.3008,27836.0,4.0,East Annhaven,PR,Tunisia,2.0,1,Low
60,Non-binary,Bachelor's,Divorced,29718.0,651.0,22776.0,Home,Self-employed,4,Good,0.143,48721.0,3.0,Nicholasborough,NJ,Dominica,4.0,0,Medium
37,Non-binary,PhD,Divorced,102910.0,673.0,29877.0,Business,Self-employed,18,Good,0.4998,282094.0,4.0,East Brianville,ME,Nepal,3.0,0,Low
27,Male,Bachelor's,Single,31073.0,696.0,20178.0,Auto,Self-employed,5,Poor,0.2111,126314.0,0.0,Connorland,NC,Czech Republic,4.0,2,Medium
68,Non-binary,High School,Divorced,89073.0,614.0,33960.0,Home,Unemployed,7,Good,0.2864,62617.0,1.0,Marshshire,MD,Thailand,0.0,1,Medium
58,Male,Bachelor's,Divorced,21780.0,796.0,41489.0,Home,Self-employed,11,Excellent,0.2026,109152.0,2.0,Lake Moniquehaven,WY,Vanuatu,1.0,2,Low
34,Non-binary,High School,Single,37910.0,674.0,39045.0,Home,Self-employed,4,Fair,0.205,271942.0,2.0,Davidtown,MT,Equatorial Guinea,0.0,0,Medium
68,Female,High School,Divorced,99386.0,652.0,15715.0,Auto,Unemployed,0,Poor,0.2978,164621.0,0.0,North Ryanchester,ID,Zimbabwe,0.0,1,Low
43,Female,Bachelor's,Married,101991.0,673.0,31802.0,Business,Unemployed,8,Good,0.245,64744.0,4.0,Juanmouth,MO,Vanuatu,0.0,0,Low
39,Non-binary,PhD,Married,87136.0,692.0,17919.0,Personal,Unemployed,3,Good,0.4486,70971.0,1.0,Adamside,AS,Grenada,0.0,1,Low
36,Non-binary,Master's,Divorced,85526.0,702.0,49505.0,Auto,Self-employed,19,Excellent,0.2744,214384.0,3.0,West Laurenfurt,OH,Jamaica,3.0,1,High
52,Female,High School,Married,108131.0,744.0,44498.0,Business,Unemployed,10,Fair,0.1092,272850.0,3.0,West Amymouth,VI,Italy,1.0,0,Low
21,Non-binary,High School,Single,44809.0,749.0,35429.0,Home,Self-employed,15,Poor,0.3242,25797.0,0.0,Beasleystad,RI,Honduras,2.0,1,Low
54,Female,PhD,Divorced,68302.0,645.0,33085.0,Auto,Self-employed,5,Good,0.3977,237056.0,3.0,Blakeside,MN,Kenya,3.0,2,Low
52,Non-binary,High School,Widowed,38354.0,674.0,17215.0,Home,Self-employed,17,Fair,0.5519,270021.0,2.0,South Dawn,KY,Gibraltar,1.0,1,High
65,Non-binary,Master's,Married,76143.0,649.0,19838.0,Business,Unemployed,6,Fair,0.2585,276064.0,2.0,Romanburgh,AR,Qatar,3.0,1,Low
47,Female,PhD,Widowed,27946.0,754.0,29496.0,Home,Self-employed,6,Fair,0.1646,211518.0,0.0,West Carolynbury,RI,Wallis and Futuna,3.0,2,Low
53,Non-binary,High School,Widowed,98137.0,793.0,46214.0,Auto,Employed,13,Excellent,0.5136,216945.0,2.0,Katherinechester,AL,French Southern Territories,2.0,1,High
69,Non-binary,Master's,Widowed,110893.0,740.0,18025.0,Business,Employed,3,Poor,0.2407,65156.0,4.0,Grayport,OH,Antigua and Barbuda,4.0,2,Low
51,Male,High School,Widowed,82845.0,773.0,32528.0,Home,Self-employed,14,Good,0.433,78967.0,0.0,East Codybury,CO,Ecuador,2.0,1,High
19,Non-binary,PhD,Married,113120.0,749.0,25843.0,Personal,Unemployed,8,Poor,0.4519,82059.0,0.0,South Tonyatown,AK,Bahrain,1.0,1,Medium
33,Non-binary,PhD,Single,37015.0,607.0,21616.0,Personal,Employed,15,Fair,0.564,209198.0,3.0,Joshuachester,CT,Sweden,4.0,1,Low
50,Female,High School,Married,28977.0,758.0,7988.0,Business,Employed,7,Poor,0.2982,29446.0,1.0,East Mitchellborough,GU,Ecuador,2.0,2,Medium
45,Female,PhD,Divorced,119053.0,764.0,16710.0,Personal,Employed,0,Fair,0.3566,287493.0,4.0,Kristinemouth,IA,Korea,2.0,2,Medium
33,Female,High School,Divorced,111426.0,744.0,37270.0,Home,Unemployed,12,Good,0.4842,171219.0,0.0,Monicaland,NH,Korea,0.0,1,Low
59,Non-binary,PhD,Widowed,82294.0,726.0,49821.0,Personal,Unemployed,19,Good,0.5929,262733.0,1.0,Nicholashaven,AR,Martinique,3.0,1,Low
64,Non-binary,High School,Married,36025.0,711.0,8581.0,Home,Self-employed,5,Excellent,0.2612,62486.0,3.0,New Michaelberg,VA,Vanuatu,4.0,1,Low
67,Non-binary,High School,Married,108198.0,725.0,17381.0,Personal,Self-employed,15,Excellent,0.4701,271393.0,4.0,Bradleyview,LA,Gambia,0.0,1,Medium
61,Female,PhD,Single,82415.0,621.0,46594.0,Auto,Self-employed,17,Fair,0.1295,236625.0,3.0,Alexton,UT,Korea,2.0,1,High
51,Female,Master's,Single,111380.0,717.0,12990.0,Personal,Employed,19,Poor,0.4661,145208.0,0.0,West Michael,SC,Cote d'Ivoire,4.0,0,Low
62,Non-binary,PhD,Single,111981.0,676.0,46547.0,Personal,Employed,7,Fair,0.26,297689.0,4.0,Port Robertchester,OH,Kazakhstan,1.0,0,High
64,Female,High School,Married,63118.0,650.0,26448.0,Personal,Self-employed,13,Good,0.4146,94215.0,2.0,Adamville,WA,Burkina Faso,0.0,2,Low
34,Male,Bachelor's,Widowed,50496.0,653.0,11140.0,Business,Employed,10,Poor,0.4977,119198.0,3.0,North Marvinmouth,KY,Algeria,1.0,0,High
60,Non-binary,High School,Divorced,61249.0,704.0,15114.0,Business,Employed,1,Excellent,0.3737,207834.0,3.0,North John,WI,Marshall Islands,1.0,2,Low
27,Non-binary,PhD,Married,105256.0,684.0,21620.0,Business,Unemployed,14,Poor,0.3623,45029.0,3.0,Lake Lisa,AZ,Christmas Island,4.0,1,Medium
19,Female,PhD,Married,23857.0,789.0,21278.0,Auto,Self-employed,6,Poor,0.4467,203942.0,4.0,Thompsonfort,MI,Malta,1.0,0,Medium
29,Non-binary,High School,Widowed,105895.0,616.0,7067.0,Business,Self-employed,5,Poor,0.4808,56302.0,3.0,Tiffanytown,RI,Slovenia,1.0,2,Low
38,Female,PhD,Single,50066.0,756.0,16917.0,Personal,Self-employed,10,Excellent,0.1604,175769.0,0.0,East Eric,MD,British Virgin Islands,2.0,2,Low
52,Male,High School,Married,33829.0,686.0,19232.0,Personal,Unemployed,17,Excellent,0.5096,93482.0,4.0,Michelefort,MA,Wallis and Futuna,1.0,1,Medium
34,Non-binary,Master's,Divorced,47677.0,781.0,25432.0,Auto,Employed,0,Fair,0.4067,173621.0,4.0,Port Jeremy,NM,Guernsey,3.0,0,High
20,Male,Bachelor's,Widowed,70216.0,624.0,40432.0,Home,Self-employed,16,Excellent,0.1018,189739.0,4.0,Schneidertown,HI,Holy See (Vatican City State),0.0,0,Low
64,Male,PhD,Widowed,65958.0,754.0,23724.0,Personal,Unemployed,18,Poor,0.5414,148785.0,4.0,Laurieport,NV,Qatar,2.0,2,Medium
52,Non-binary,High School,Married,26121.0,722.0,23946.0,Personal,Self-employed,10,Good,0.5177,280403.0,0.0,East Desireebury,NV,Guadeloupe,4.0,1,Medium
52,Female,Master's,Divorced,92036.0,665.0,37262.0,Business,Unemployed,18,Poor,0.5415,188714.0,0.0,Danielleton,NM,New Zealand,4.0,0,Low
43,Female,Master's,Single,89903.0,742.0,19031.0,Auto,Unemployed,4,Poor,0.4206,54504.0,1.0,Richardbury,IA,India,3.0,2,Low
43,Female,PhD,Married,60000.0,687.0,26375.0,Home,Self-employed,17,Poor,0.4528,191637.0,0.0,Kaylaville,AZ,Isle of Man,3.0,0,Low
65,Non-binary,Bachelor's,Divorced,114463.0,701.0,31465.0,Business,Self-employed,14,Good,0.3328,89697.0,4.0,Jeffberg,PW,Azerbaijan,3.0,0,Low
40,Non-binary,Master's,Divorced,67427.0,653.0,11099.0,Auto,Self-employed,3,Good,0.4905,51351.0,3.0,New Timothybury,NM,Taiwan,1.0,2,Low
40,Male,PhD,Divorced,43814.0,695.0,10582.0,Auto,Employed,7,Good,0.5135,220696.0,1.0,Holtbury,TX,Montserrat,2.0,0,High
44,Male,PhD,Widowed,119667.0,641.0,6183.0,Auto,Unemployed,1,Fair,0.3,226410.0,4.0,Kimmouth,SD,Costa Rica,4.0,1,Medium
68,Non-binary,Bachelor's,Widowed,94258.0,620.0,29538.0,Personal,Unemployed,18,Excellent,0.3494,204082.0,3.0,Harrellberg,IL,Thailand,0.0,0,Low
21,Female,High School,Married,26678.0,749.0,6915.0,Personal,Self-employed,8,Good,0.3871,150721.0,1.0,Davidborough,CT,New Caledonia,4.0,2,Low
40,Male,High School,Divorced,117481.0,699.0,35825.0,Auto,Employed,13,Excellent,0.2894,70526.0,0.0,Herringhaven,AZ,Guatemala,3.0,2,Medium
23,Non-binary,High School,Married,94745.0,604.0,16261.0,Auto,Unemployed,16,Fair,0.2427,48819.0,3.0,Prestonstad,MD,Tajikistan,1.0,2,Medium
69,Male,Bachelor's,Single,49063.0,736.0,21781.0,Auto,Employed,17,Good,0.1785,35243.0,3.0,Chaneyburgh,CO,Turkmenistan,3.0,2,Medium
21,Male,PhD,Single,54261.0,704.0,47627.0,Business,Self-employed,14,Good,0.3242,105150.0,2.0,Sanchezview,NY,Korea,1.0,2,Medium
45,Male,Master's,Married,30304.0,628.0,9753.0,Personal,Employed,5,Good,0.345,168168.0,4.0,Jacobsonton,AR,Ecuador,2.0,2,Low
36,Non-binary,PhD,Divorced,62077.0,673.0,5207.0,Auto,Self-employed,6,Poor,0.146,228707.0,1.0,Nicholasberg,HI,Somalia,1.0,1,Medium
36,Female,High School,Widowed,77645.0,721.0,27299.0,Auto,Unemployed,1,Excellent,0.5696,280654.0,3.0,South Luiston,IA,Dominica,0.0,1,Low
34,Non-binary,PhD,Divorced,66475.0,710.0,8185.0,Auto,Self-employed,16,Good,0.1024,71678.0,1.0,Trevorland,AR,Switzerland,4.0,0,Medium
54,Female,High School,Single,41331.0,720.0,33149.0,Auto,Unemployed,10,Good,0.3886,274918.0,2.0,East Timothyland,MI,Lithuania,3.0,1,Low
22,Female,Master's,Widowed,59128.0,619.0,45890.0,Personal,Unemployed,7,Fair,0.3501,202041.0,2.0,Christinabury,NV,Eritrea,4.0,2,Medium
48,Female,Master's,Widowed,70400.0,713.0,27318.0,Business,Unemployed,12,Poor,0.219,262786.0,2.0,South Cynthiachester,PA,French Southern Territories,2.0,0,Medium
27,Non-binary,High School,Widowed,32920.0,733.0,46199.0,Business,Self-employed,18,Good,0.4971,65204.0,1.0,Leechester,CO,Svalbard & Jan Mayen Islands,1.0,1,Low
57,Male,High School,Widowed,85552.0,678.0,48738.0,Auto,Employed,3,Poor,0.4864,96099.0,0.0,Sharpfurt,AS,Netherlands,2.0,2,Low
23,Non-binary,High School,Divorced,84442.0,708.0,39218.0,Business,Unemployed,4,Good,0.3398,227002.0,1.0,Jennifermouth,FL,Tonga,0.0,2,Medium
68,Non-binary,PhD,Widowed,43386.0,670.0,32578.0,Business,Self-employed,15,Good,0.4476,85530.0,4.0,New Nancy,NM,Zambia,4.0,0,Medium
26,Male,Bachelor's,Widowed,81895.0,772.0,26953.0,Personal,Self-employed,18,Poor,0.2102,112523.0,1.0,New Cheyenneton,FM,United States Minor Outlying Islands,1.0,0,Medium
58,Male,Master's,Divorced,42836.0,636.0,23615.0,Home,Unemployed,6,Good,0.4509,247672.0,3.0,Timothyfurt,ID,British Indian Ocean Territory (Chagos Archipelago),4.0,0,Low
67,Non-binary,PhD,Single,40742.0,736.0,12831.0,Personal,Unemployed,16,Fair,0.1189,44130.0,4.0,East Veronicamouth,NY,United States Minor Outlying Islands,1.0,2,Low
49,Male,Bachelor's,Single,27899.0,693.0,19835.0,Auto,Unemployed,0,Fair,0.2039,133200.0,0.0,New Ryan,WY,Jordan,0.0,1,Low
47,Non-binary,Bachelor's,Divorced,92869.0,690.0,43038.0,Business,Self-employed,4,Good,0.3799,49858.0,3.0,Port Jeffreyshire,AK,Paraguay,3.0,0,Low
48,Non-binary,High School,Widowed,27591.0,772.0,46001.0,Auto,Self-employed,17,Good,0.2152,103922.0,0.0,Shannonhaven,FM,Venezuela,0.0,2,Low
52,Male,PhD,Widowed,109627.0,698.0,29660.0,Business,Self-employed,4,Poor,0.2801,63982.0,1.0,Jameston,AR,Bolivia,0.0,1,Low
42,Non-binary,High School,Married,39887.0,788.0,27528.0,Auto,Unemployed,16,Poor,0.193,127435.0,0.0,Grahamburgh,NE,Somalia,0.0,0,Medium
27,Male,PhD,Widowed,98179.0,616.0,19138.0,Home,Employed,2,Poor,0.498,89284.0,3.0,Bentleyborough,MA,Tanzania,2.0,1,Low
29,Male,PhD,Divorced,49652.0,730.0,27812.0,Home,Unemployed,18,Poor,0.3114,87153.0,4.0,Parkerport,NY,Ireland,1.0,1,Medium
18,Male,Master's,Widowed,46930.0,724.0,41036.0,Personal,Employed,0,Excellent,0.1163,254285.0,4.0,Markborough,NC,Germany,2.0,0,Medium
38,Female,Bachelor's,Divorced,47675.0,779.0,9892.0,Auto,Employed,9,Excellent,0.5499,249442.0,0.0,Port Stephanie,WI,Oman,0.0,1,Medium
60,Male,Bachelor's,Married,103213.0,638.0,15895.0,Auto,Unemployed,9,Good,0.4244,107322.0,2.0,West Amandafort,VI,Bolivia,4.0,2,Medium
67,Female,PhD,Divorced,105701.0,737.0,42506.0,Business,Employed,17,Fair,0.2025,288062.0,1.0,Port Davidfort,PR,Puerto Rico,1.0,1,Low
27,Male,PhD,Widowed,92084.0,603.0,28481.0,Auto,Self-employed,16,Fair,0.5143,236953.0,0.0,Christopherchester,NM,Cayman Islands,1.0,0,Low
38,Male,Bachelor's,Single,63856.0,620.0,12503.0,Home,Unemployed,10,Poor,0.1026,127586.0,0.0,North Jayberg,SC,Fiji,3.0,0,Medium
62,Female,High School,Single,72195.0,606.0,45477.0,Personal,Employed,18,Poor,0.215,70114.0,2.0,Port Ethanfort,CA,Finland,1.0,1,High
22,Non-binary,High School,Divorced,62916.0,765.0,37888.0,Auto,Employed,11,Fair,0.3798,88134.0,0.0,New Michael,PA,Falkland Islands (Malvinas),3.0,2,Low
51,Non-binary,PhD,Widowed,21268.0,722.0,26761.0,Personal,Employed,0,Good,0.5406,186485.0,4.0,Joycemouth,OK,Djibouti,0.0,2,Low
43,Female,High School,Divorced,32069.0,675.0,15985.0,Business,Unemployed,1,Good,0.4599,177407.0,1.0,Port Davidville,AZ,Guadeloupe,3.0,0,High
25,Non-binary,High School,Married,58795.0,654.0,20706.0,Auto,Self-employed,15,Fair,0.4269,100455.0,1.0,New Patrick,AZ,Guadeloupe,4.0,2,Medium
36,Non-binary,PhD,Married,111472.0,761.0,21973.0,Home,Unemployed,13,Fair,0.4518,238478.0,4.0,North Samantha,OR,Romania,1.0,0,Low
40,Male,High School,Widowed,71142.0,777.0,14303.0,Business,Employed,14,Excellent,0.2065,254216.0,4.0,South Darrellport,PR,Burundi,4.0,2,Low
35,Female,Master's,Single,95033.0,734.0,16206.0,Personal,Unemployed,18,Fair,0.2969,200482.0,1.0,East Franciston,TN,Zambia,0.0,0,Low
60,Female,Bachelor's,Single,90559.0,704.0,32781.0,Personal,Self-employed,13,Excellent,0.5723,27609.0,2.0,Hardinshire,PA,Honduras,4.0,1,Low
28,Male,High School,Widowed,50755.0,771.0,20765.0,Business,Unemployed,17,Fair,0.4639,217241.0,2.0,Cainburgh,GU,Libyan Arab Jamahiriya,3.0,0,Medium
66,Female,Bachelor's,Married,98681.0,748.0,32620.0,Home,Unemployed,8,Fair,0.4557,210498.0,0.0,Lake Deborahside,GA,Sweden,4.0,2,Medium
33,Female,Master's,Single,71782.0,629.0,36109.0,Home,Self-employed,2,Fair,0.196,167331.0,2.0,Lake Tony,AK,Somalia,0.0,2,Low
57,Female,Bachelor's,Married,52976.0,744.0,16224.0,Home,Employed,1,Poor,0.22,92158.0,1.0,Port Reneebury,MD,Palestinian Territory,2.0,2,High
33,Female,Master's,Married,72716.0,623.0,41726.0,Business,Self-employed,3,Good,0.5314,218186.0,1.0,Kathleenborough,CA,Cape Verde,2.0,2,Medium
51,Male,High School,Divorced,104977.0,602.0,16830.0,Business,Unemployed,8,Poor,0.4511,239965.0,2.0,Port Joanne,NJ,Paraguay,0.0,1,Low
58,Female,Master's,Single,100875.0,781.0,23390.0,Home,Employed,5,Fair,0.3488,191899.0,2.0,Lake Susanbury,NH,Equatorial Guinea,3.0,1,Low
41,Male,Master's,Single,20744.0,773.0,15683.0,Personal,Unemployed,18,Excellent,0.3067,29370.0,2.0,Port Emilyton,MD,Tonga,4.0,1,Medium
62,Male,PhD,Widowed,50482.0,608.0,36953.0,Auto,Unemployed,16,Poor,0.4589,214017.0,3.0,West Ashley,VI,Indonesia,1.0,0,Low
45,Female,Bachelor's,Married,96968.0,692.0,41273.0,Personal,Self-employed,3,Good,0.3739,103094.0,2.0,Sloanland,AR,Niger,0.0,2,Low
48,Female,Bachelor's,Widowed,63677.0,682.0,18217.0,Business,Unemployed,12,Excellent,0.2992,208309.0,2.0,New Taylorburgh,CT,Reunion,1.0,0,Low
52,Male,High School,Single,109336.0,772.0,20556.0,Auto,Self-employed,10,Excellent,0.4601,193255.0,4.0,Lake Cathy,SC,British Indian Ocean Territory (Chagos Archipelago),0.0,2,Medium
69,Non-binary,Bachelor's,Single,66586.0,787.0,22285.0,Business,Unemployed,7,Poor,0.2498,23910.0,2.0,Conradland,MD,Rwanda,4.0,2,Low
54,Female,PhD,Single,82919.0,753.0,46475.0,Business,Employed,7,Good,0.4679,266094.0,0.0,Shaneberg,UT,Guadeloupe,4.0,2,Low
33,Non-binary,High School,Single,96019.0,648.0,46573.0,Auto,Employed,16,Fair,0.2819,247968.0,3.0,Harrisland,MA,Saint Helena,1.0,0,Medium
25,Female,High School,Single,38616.0,652.0,20433.0,Personal,Unemployed,5,Poor,0.3756,86710.0,2.0,Lake Heathertown,KS,Lithuania,1.0,1,Medium
31,Female,High School,Single,28800.0,750.0,33544.0,Personal,Self-employed,0,Poor,0.4312,183243.0,3.0,Schroederhaven,NH,Marshall Islands,0.0,1,Low
43,Male,Bachelor's,Married,56744.0,717.0,10628.0,Business,Employed,2,Good,0.4486,213447.0,2.0,Lake James,PW,Comoros,3.0,0,Low
46,Male,PhD,Divorced,50353.0,681.0,14250.0,Auto,Employed,0,Excellent,0.3809,104860.0,1.0,East Travisborough,WV,Croatia,3.0,1,Low
32,Non-binary,Master's,Widowed,85836.0,775.0,19312.0,Personal,Self-employed,17,Fair,0.3479,257342.0,2.0,Williamville,FL,Sao Tome and Principe,4.0,1,Low
53,Non-binary,PhD,Widowed,73744.0,718.0,16908.0,Auto,Unemployed,11,Good,0.4457,68814.0,4.0,Port Heather,MD,Algeria,4.0,1,Low
27,Non-binary,PhD,Married,78958.0,618.0,21062.0,Business,Employed,12,Good,0.1251,82729.0,2.0,Williamsport,WI,Marshall Islands,0.0,0,Medium
49,Male,Bachelor's,Divorced,98885.0,756.0,21120.0,Home,Unemployed,9,Good,0.4246,219149.0,4.0,West Selenaberg,MO,Albania,4.0,1,Low
19,Male,PhD,Single,23311.0,759.0,38518.0,Home,Self-employed,13,Poor,0.3703,70281.0,0.0,Timothymouth,MT,Poland,1.0,2,Medium
19,Non-binary,High School,Divorced,107221.0,686.0,32574.0,Auto,Unemployed,8,Good,0.2643,92930.0,2.0,North Zachary,AZ,Algeria,0.0,1,Low
39,Non-binary,Master's,Married,58459.0,680.0,21482.0,Personal,Unemployed,9,Fair,0.2418,215696.0,4.0,Rogersberg,NV,Saint Vincent and the Grenadines,3.0,1,Medium
42,Non-binary,High School,Married,117932.0,707.0,31254.0,Personal,Unemployed,6,Excellent,0.3185,295888.0,4.0,Garrettburgh,MO,Ethiopia,2.0,2,High
34,Female,PhD,Married,45499.0,742.0,44082.0,Home,Unemployed,2,Good,0.4349,218626.0,3.0,South Candice,AK,Tajikistan,4.0,1,Low
53,Non-binary,High School,Married,26589.0,626.0,49934.0,Auto,Employed,11,Fair,0.1944,165073.0,1.0,Port Amandashire,NE,Russian Federation,2.0,1,Low
62,Male,Bachelor's,Divorced,34947.0,788.0,20034.0,Auto,Self-employed,16,Good,0.5241,188504.0,1.0,Marvinview,KS,Ukraine,4.0,0,Medium
42,Male,High School,Single,95439.0,602.0,48360.0,Business,Unemployed,8,Poor,0.4037,226623.0,4.0,Elizabethview,VI,Suriname,0.0,2,High
61,Male,Bachelor's,Divorced,38631.0,642.0,41968.0,Business,Self-employed,2,Good,0.1623,150512.0,1.0,Anthonystad,OR,Mali,3.0,2,Low
42,Female,High School,Single,114266.0,656.0,8781.0,Personal,Employed,16,Excellent,0.1285,226364.0,2.0,Theresahaven,IA,Serbia,0.0,1,Low
29,Non-binary,Bachelor's,Single,70659.0,672.0,47256.0,Personal,Employed,17,Excellent,0.297,130345.0,2.0,Hahnfort,CT,Korea,1.0,0,Low
25,Non-binary,Bachelor's,Married,83253.0,715.0,15601.0,Auto,Employed,15,Poor,0.3446,289823.0,2.0,Kevintown,OR,Brunei Darussalam,0.0,0,Medium
56,Non-binary,High School,Single,86156.0,762.0,16020.0,Personal,Unemployed,12,Excellent,0.2396,185188.0,1.0,South Gabriela,NY,Liechtenstein,0.0,2,Medium
62,Male,PhD,Married,62642.0,794.0,35281.0,Personal,Unemployed,4,Excellent,0.2513,45849.0,1.0,Moorehaven,AZ,Bhutan,1.0,2,Low
29,Male,High School,Divorced,23684.0,650.0,25058.0,Personal,Unemployed,2,Poor,0.5024,264964.0,0.0,Brownshire,SC,Iran,1.0,1,Low
38,Male,Bachelor's,Married,65435.0,739.0,14322.0,Home,Unemployed,8,Fair,0.3836,188116.0,2.0,West Ashley,UT,Macao,4.0,1,Low
59,Non-binary,PhD,Widowed,96586.0,692.0,35375.0,Auto,Employed,9,Good,0.3057,279968.0,0.0,Tracyfurt,AL,Ireland,4.0,1,Low
40,Female,PhD,Single,89678.0,686.0,22488.0,Home,Employed,8,Excellent,0.1774,203876.0,4.0,Jeffreymouth,MP,Eritrea,2.0,1,Medium
48,Male,PhD,Single,54364.0,657.0,30420.0,Personal,Unemployed,3,Fair,0.2712,50927.0,4.0,Lake Elizabethshire,MH,Uganda,4.0,1,Low
68,Female,Master's,Widowed,29278.0,788.0,22363.0,Personal,Unemployed,13,Excellent,0.217,238941.0,0.0,South Danielberg,CO,Equatorial Guinea,2.0,2,Low
52,Non-binary,Master's,Married,118077.0,798.0,44410.0,Business,Employed,4,Excellent,0.4263,69218.0,2.0,Barkerbury,DC,Chad,1.0,0,Medium
31,Non-binary,PhD,Single,94379.0,712.0,43785.0,Auto,Employed,9,Good,0.5606,130219.0,4.0,East Julianbury,IN,Saint Barthelemy,4.0,1,Medium
38,Non-binary,High School,Single,107084.0,652.0,21771.0,Personal,Unemployed,17,Good,0.3902,63686.0,4.0,East Lance,MT,Timor-Leste,2.0,1,Low
40,Male,Master's,Widowed,38212.0,633.0,37235.0,Home,Unemployed,11,Good,0.2787,196624.0,2.0,Amyside,CA,Algeria,2.0,0,Low
51,Male,Master's,Married,42849.0,622.0,35666.0,Personal,Employed,15,Fair,0.4891,142782.0,0.0,West Candice,VT,Bahrain,0.0,1,Medium
49,Male,Master's,Divorced,106677.0,762.0,17823.0,Business,Self-employed,13,Excellent,0.254,210645.0,2.0,East Vincent,WY,Lao People's Democratic Republic,0.0,2,Low
45,Non-binary,Bachelor's,Single,89201.0,756.0,34603.0,Personal,Unemployed,2,Excellent,0.3225,271038.0,3.0,Port Rachelfort,CA,India,2.0,0,Low
26,Male,Bachelor's,Married,28177.0,751.0,32971.0,Personal,Unemployed,4,Good,0.182,150411.0,3.0,Lake Amanda,CA,Luxembourg,0.0,1,Low
68,Non-binary,PhD,Divorced,62864.0,699.0,47311.0,Personal,Self-employed,6,Excellent,0.487,176305.0,0.0,West Charles,MH,Pakistan,4.0,1,Low
61,Non-binary,Master's,Single,87147.0,753.0,17052.0,Personal,Unemployed,17,Fair,0.1251,136931.0,4.0,Georgeshire,OR,United States of America,2.0,1,High
45,Female,Bachelor's,Married,75333.0,671.0,39173.0,Home,Employed,4,Good,0.1418,45207.0,4.0,Christensenhaven,OH,Belarus,2.0,2,Low
50,Non-binary,High School,Divorced,21454.0,761.0,42817.0,Auto,Unemployed,4,Poor,0.5194,288913.0,0.0,Priceview,VA,Cote d'Ivoire,3.0,2,Low
19,Female,Master's,Divorced,101120.0,728.0,43733.0,Home,Unemployed,14,Poor,0.1133,183594.0,4.0,Castilloville,MO,Malta,0.0,2,Low
50,Non-binary,PhD,Widowed,35225.0,652.0,42644.0,Personal,Unemployed,5,Fair,0.2761,88733.0,2.0,Port Jacobburgh,OH,Mali,4.0,0,Low
68,Non-binary,PhD,Single,119854.0,788.0,31886.0,Auto,Employed,17,Excellent,0.3237,88004.0,0.0,New Annmouth,AL,Marshall Islands,0.0,1,Low
69,Female,Master's,Married,25443.0,777.0,45227.0,Business,Unemployed,1,Excellent,0.2709,84119.0,0.0,Andersonport,ME,Seychelles,4.0,1,Low
45,Non-binary,PhD,Divorced,88590.0,779.0,42908.0,Home,Self-employed,8,Fair,0.3713,204821.0,0.0,Watsonborough,WY,Jersey,0.0,0,Medium
22,Female,Master's,Married,43810.0,678.0,38010.0,Personal,Self-employed,12,Good,0.27,185672.0,3.0,Codyburgh,TN,Guinea-Bissau,0.0,1,High
21,Non-binary,PhD,Married,23657.0,705.0,29017.0,Personal,Employed,9,Excellent,0.1923,25405.0,1.0,Johnsontown,MI,Fiji,1.0,1,Medium
42,Male,High School,Divorced,23484.0,703.0,9388.0,Personal,Employed,10,Good,0.5607,33019.0,0.0,East Ninaberg,NJ,Taiwan,1.0,0,Low
31,Female,High School,Widowed,26895.0,608.0,6136.0,Auto,Self-employed,0,Fair,0.2535,147095.0,0.0,Dianeport,RI,Indonesia,0.0,2,Low
46,Male,PhD,Divorced,71697.0,682.0,32870.0,Auto,Unemployed,0,Excellent,0.1466,132237.0,1.0,Eatonland,UT,French Polynesia,2.0,0,Medium
41,Non-binary,Bachelor's,Divorced,92102.0,651.0,19686.0,Personal,Unemployed,0,Fair,0.5302,125802.0,4.0,Grimesport,AS,Maldives,4.0,1,Low
30,Male,PhD,Widowed,113430.0,623.0,15704.0,Business,Unemployed,14,Fair,0.3445,272906.0,3.0,Lake Michael,DE,North Macedonia,2.0,0,Low
23,Female,Master's,Divorced,108782.0,775.0,18079.0,Home,Self-employed,16,Fair,0.4906,278380.0,0.0,Jackieside,CO,Botswana,0.0,0,Low
22,Female,High School,Widowed,43519.0,739.0,36443.0,Auto,Self-employed,7,Poor,0.2127,144441.0,2.0,Jonesbury,NV,Cocos (Keeling) Islands,0.0,0,Medium
56,Non-binary,PhD,Married,66212.0,704.0,20025.0,Auto,Employed,5,Fair,0.3787,293637.0,4.0,Cynthiamouth,NY,Serbia,0.0,2,Medium
36,Male,High School,Widowed,47426.0,795.0,32331.0,Personal,Unemployed,6,Fair,0.5631,111082.0,3.0,New Melvin,FL,Burundi,3.0,1,Low
62,Non-binary,Master's,Single,52525.0,771.0,43055.0,Business,Unemployed,3,Poor,0.3358,257469.0,4.0,Smithberg,AR,Mauritius,1.0,2,Low
34,Female,High School,Divorced,81779.0,727.0,35443.0,Personal,Employed,4,Poor,0.5616,273814.0,2.0,Candaceport,IL,Trinidad and Tobago,3.0,1,Low
56,Male,Master's,Single,97303.0,621.0,9474.0,Business,Unemployed,1,Fair,0.424,53051.0,1.0,Brownville,AL,Chile,4.0,2,Medium
65,Female,High School,Widowed,96574.0,745.0,26874.0,Home,Self-employed,4,Excellent,0.2129,86534.0,1.0,New Kimberly,VA,Benin,2.0,2,Low
49,Female,PhD,Single,53443.0,603.0,26258.0,Personal,Self-employed,4,Good,0.4212,84219.0,1.0,Mitchellton,ME,Bermuda,0.0,2,Medium
24,Male,High School,Widowed,113515.0,792.0,16602.0,Business,Unemployed,9,Good,0.1572,270642.0,2.0,South Jasmine,MT,Chad,1.0,0,Low
28,Non-binary,Bachelor's,Widowed,21821.0,641.0,35101.0,Personal,Unemployed,3,Fair,0.2835,90444.0,0.0,Clarkport,MH,Algeria,2.0,2,Low
60,Female,Bachelor's,Widowed,35072.0,739.0,32439.0,Business,Self-employed,9,Good,0.2913,130435.0,1.0,Olivermouth,CA,Haiti,4.0,2,Medium
21,Female,Master's,Widowed,72652.0,771.0,47794.0,Auto,Employed,6,Good,0.1411,124410.0,2.0,Alexandratown,DE,Russian Federation,2.0,1,Low
43,Non-binary,High School,Divorced,31785.0,671.0,5733.0,Home,Employed,2,Good,0.5231,63046.0,4.0,North Karenbury,CT,Liberia,2.0,2,Low
40,Non-binary,PhD,Married,97582.0,664.0,36407.0,Auto,Employed,11,Fair,0.1913,120327.0,4.0,Jenniferhaven,TX,Tokelau,4.0,0,Low
47,Male,PhD,Divorced,83944.0,622.0,8852.0,Auto,Unemployed,14,Fair,0.3971,185579.0,0.0,Stevenfort,MT,Saint Helena,4.0,0,Low
38,Non-binary,Master's,Single,86177.0,661.0,22734.0,Auto,Employed,9,Good,0.463,28389.0,3.0,Brownchester,KY,Costa Rica,0.0,1,Low
18,Female,Bachelor's,Married,51742.0,615.0,47447.0,Business,Employed,6,Good,0.1383,278309.0,0.0,Stevemouth,KY,Uganda,0.0,0,Medium
32,Female,High School,Widowed,29343.0,725.0,18139.0,Auto,Self-employed,5,Excellent,0.1785,180365.0,3.0,Martinezville,AS,Somalia,3.0,0,Low
40,Female,High School,Single,63048.0,655.0,24249.0,Business,Self-employed,1,Excellent,0.2058,23919.0,2.0,Gatesland,NC,United Arab Emirates,2.0,0,Low
47,Female,Bachelor's,Divorced,105873.0,666.0,20143.0,Auto,Self-employed,6,Good,0.1616,58110.0,1.0,New Betty,DE,Moldova,3.0,2,Medium
37,Non-binary,Bachelor's,Widowed,89550.0,681.0,27062.0,Personal,Self-employed,9,Poor,0.5908,224252.0,4.0,Port Jonathantown,PA,Netherlands Antilles,2.0,1,Medium
18,Non-binary,High School,Single,82468.0,629.0,41868.0,Business,Unemployed,7,Poor,0.5086,144653.0,2.0,South Cindy,AK,Aruba,1.0,2,Medium
66,Male,Bachelor's,Single,41784.0,617.0,44626.0,Auto,Employed,15,Good,0.4283,25162.0,1.0,Yoderfort,WY,Liechtenstein,1.0,0,Low
66,Female,PhD,Single,94181.0,617.0,21486.0,Auto,Unemployed,15,Good,0.2478,230077.0,3.0,East Joseph,NJ,North Macedonia,4.0,0,Low
69,Male,High School,Divorced,35861.0,635.0,48453.0,Business,Self-employed,2,Fair,0.1405,52128.0,1.0,Port Rebecca,WY,Syrian Arab Republic,0.0,0,Low
26,Male,Bachelor's,Married,108728.0,758.0,46739.0,Auto,Employed,12,Poor,0.4896,189116.0,0.0,North Stacey,MS,Sweden,0.0,0,Low
32,Male,Master's,Divorced,53550.0,777.0,40422.0,Personal,Employed,14,Fair,0.1747,174151.0,4.0,West Sonya,KY,Ireland,2.0,2,Low
62,Male,Bachelor's,Single,25983.0,740.0,9379.0,Auto,Unemployed,12,Excellent,0.1263,214975.0,1.0,Port Jeffreyfort,MH,Ukraine,4.0,1,Medium
48,Male,Master's,Divorced,94583.0,682.0,8704.0,Personal,Employed,12,Poor,0.2366,236519.0,3.0,Deniseville,FM,Ghana,2.0,1,Medium
22,Female,PhD,Married,84057.0,630.0,43946.0,Business,Employed,9,Good,0.3097,237313.0,2.0,Riveraport,AZ,Panama,1.0,1,Low
21,Non-binary,Bachelor's,Married,69641.0,726.0,9743.0,Home,Unemployed,15,Excellent,0.1952,20576.0,1.0,Lake Robert,VI,Niue,4.0,2,Medium
65,Male,Master's,Single,103384.0,759.0,42770.0,Personal,Self-employed,17,Fair,0.519,197271.0,1.0,Fischershire,PR,Barbados,3.0,2,Low
23,Male,Master's,Widowed,110812.0,736.0,26551.0,Auto,Unemployed,11,Poor,0.4387,298336.0,2.0,Carlside,MO,Austria,4.0,2,High
59,Non-binary,High School,Divorced,80661.0,662.0,27633.0,Home,Unemployed,11,Fair,0.443,34429.0,1.0,New Joyland,MT,Burkina Faso,0.0,0,High
56,Non-binary,Bachelor's,Divorced,25312.0,694.0,5824.0,Business,Unemployed,9,Fair,0.2901,291947.0,4.0,Wesleyport,CT,Samoa,1.0,1,Medium
40,Female,Master's,Married,111826.0,624.0,9683.0,Business,Employed,2,Fair,0.3531,286523.0,0.0,Woodville,NH,Serbia,1.0,0,Low
32,Female,Bachelor's,Widowed,81351.0,748.0,38299.0,Personal,Unemployed,13,Good,0.5815,117688.0,2.0,Angelafort,SD,Mali,1.0,0,Low
29,Male,Bachelor's,Divorced,47944.0,649.0,40948.0,Auto,Employed,0,Poor,0.4855,294175.0,3.0,Scottfort,SC,New Caledonia,1.0,2,Medium
34,Non-binary,High School,Divorced,41770.0,756.0,39210.0,Home,Unemployed,0,Excellent,0.4906,157655.0,3.0,Galvanfort,MI,Costa Rica,1.0,2,Low
46,Male,Master's,Divorced,68180.0,775.0,21977.0,Personal,Employed,5,Excellent,0.2432,116672.0,0.0,Michaelside,PW,Bosnia and Herzegovina,1.0,0,Medium
66,Female,High School,Single,41818.0,641.0,14681.0,Business,Self-employed,9,Excellent,0.5562,299132.0,2.0,Eugeneshire,MH,New Caledonia,3.0,1,Low
22,Non-binary,High School,Single,115666.0,789.0,34866.0,Personal,Employed,12,Excellent,0.2859,160166.0,1.0,South Ambershire,MP,Albania,3.0,2,High
61,Male,Master's,Widowed,62530.0,663.0,10322.0,Business,Employed,15,Good,0.5244,247918.0,2.0,Port Tamara,VA,Western Sahara,4.0,0,Low
34,Female,Bachelor's,Married,55200.0,745.0,45037.0,Auto,Employed,19,Good,0.3592,223926.0,3.0,Shelbyland,MO,United Arab Emirates,3.0,2,Low
57,Female,High School,Married,62530.0,785.0,41888.0,Auto,Unemployed,11,Excellent,0.5136,274622.0,2.0,Evanland,PW,Reunion,0.0,2,High
56,Male,Master's,Widowed,29260.0,672.0,23777.0,Business,Self-employed,19,Fair,0.1798,116095.0,1.0,Parkermouth,KS,Uzbekistan,4.0,1,High
27,Female,Master's,Single,25230.0,607.0,17454.0,Business,Unemployed,16,Excellent,0.253,205371.0,3.0,Monicaside,ME,Zimbabwe,1.0,0,Medium
45,Male,Bachelor's,Widowed,109711.0,694.0,5912.0,Business,Unemployed,4,Poor,0.2257,144431.0,2.0,Kennedystad,GA,Bangladesh,3.0,1,Low
38,Male,Master's,Single,29907.0,613.0,24005.0,Home,Self-employed,8,Good,0.3324,165085.0,0.0,Davidville,LA,Liberia,2.0,2,Low
26,Female,High School,Married,119258.0,739.0,6779.0,Auto,Self-employed,15,Good,0.2662,81845.0,4.0,Port Colleen,GA,Saint Martin,3.0,0,Medium
53,Male,Master's,Single,90871.0,762.0,36017.0,Home,Employed,11,Excellent,0.4204,295127.0,4.0,Lake Anthonyshire,DC,Botswana,4.0,1,Medium
54,Male,Bachelor's,Single,62898.0,606.0,30860.0,Business,Self-employed,4,Poor,0.103,32368.0,0.0,East Charlesside,OH,Sao Tome and Principe,4.0,2,Medium
27,Female,Bachelor's,Divorced,60225.0,652.0,25780.0,Personal,Employed,6,Good,0.4004,84075.0,3.0,North Cindy,CA,British Indian Ocean Territory (Chagos Archipelago),4.0,0,High
23,Male,High School,Divorced,104716.0,604.0,28443.0,Auto,Self-employed,11,Excellent,0.1962,242566.0,4.0,Allenshire,NH,Cote d'Ivoire,1.0,0,Low
62,Male,High School,Divorced,37111.0,639.0,23325.0,Auto,Unemployed,12,Fair,0.56,188847.0,1.0,New Dawn,AR,Gabon,2.0,2,Medium
50,Female,Bachelor's,Widowed,103251.0,640.0,27245.0,Personal,Self-employed,1,Good,0.4613,283689.0,4.0,Cunninghamport,OH,Palau,0.0,2,Low
28,Female,PhD,Single,109007.0,683.0,42920.0,Personal,Self-employed,4,Poor,0.1813,226015.0,0.0,North Robert,NE,Armenia,1.0,0,Medium
25,Non-binary,Master's,Divorced,32084.0,786.0,32198.0,Personal,Self-employed,9,Fair,0.1343,155611.0,0.0,Peterhaven,MP,Kyrgyz Republic,2.0,2,Low
65,Female,Master's,Widowed,107408.0,793.0,35134.0,Personal,Unemployed,14,Excellent,0.1757,27644.0,2.0,Port Kathleenfurt,AS,Namibia,2.0,0,Low
65,Non-binary,PhD,Widowed,88816.0,757.0,19150.0,Personal,Employed,1,Poor,0.2248,40681.0,0.0,Phillipsstad,LA,Afghanistan,1.0,0,Low
21,Non-binary,Bachelor's,Single,72693.0,798.0,28683.0,Business,Self-employed,15,Poor,0.548,223362.0,0.0,New Terrishire,TN,Iran,3.0,2,Medium
42,Male,High School,Single,109928.0,776.0,33493.0,Business,Employed,17,Good,0.451,91281.0,2.0,Jenniferburgh,MN,Austria,3.0,2,Medium
34,Non-binary,High School,Widowed,38447.0,735.0,11024.0,Business,Employed,13,Excellent,0.3781,176525.0,2.0,Garciaborough,TN,Georgia,3.0,2,Medium
29,Non-binary,Master's,Married,42540.0,758.0,25134.0,Business,Self-employed,15,Excellent,0.2588,124824.0,1.0,North Michelleview,NH,Guernsey,3.0,2,Low
63,Male,High School,Married,82473.0,606.0,30516.0,Home,Self-employed,1,Fair,0.3038,175136.0,2.0,Kellertown,NM,Guam,0.0,0,Low
48,Female,High School,Widowed,55287.0,642.0,6492.0,Business,Self-employed,9,Fair,0.3451,111253.0,2.0,Jimmyport,VT,Djibouti,0.0,1,Medium
67,Male,PhD,Married,72452.0,654.0,13571.0,Home,Employed,8,Fair,0.303,143464.0,0.0,New Bethchester,PR,Palau,1.0,2,Low
41,Non-binary,Master's,Widowed,115263.0,728.0,31019.0,Personal,Employed,7,Excellent,0.505,135866.0,2.0,Lake Charles,WV,Malta,4.0,1,Medium
51,Female,Master's,Single,30910.0,622.0,19374.0,Home,Unemployed,18,Poor,0.4142,41810.0,0.0,New Gabriela,NJ,Saint Pierre and Miquelon,4.0,1,Low
51,Female,Master's,Widowed,87449.0,774.0,46463.0,Business,Unemployed,18,Excellent,0.2873,129521.0,1.0,Fergusonville,IN,Nicaragua,2.0,0,Low
18,Male,PhD,Divorced,77114.0,747.0,29509.0,Auto,Self-employed,16,Good,0.1986,172613.0,4.0,South Morgan,GA,Netherlands,2.0,1,Low
56,Male,High School,Widowed,106153.0,710.0,9178.0,Auto,Unemployed,15,Excellent,0.166,244008.0,3.0,Georgeshire,NM,Congo,4.0,0,Low
31,Male,Bachelor's,Married,55949.0,765.0,9415.0,Home,Employed,5,Fair,0.1373,102587.0,3.0,Brownfort,MN,American Samoa,1.0,1,Medium
48,Female,High School,Single,30845.0,789.0,43866.0,Auto,Employed,5,Good,0.4869,299999.0,4.0,New William,VI,Saint Pierre and Miquelon,1.0,0,Low
62,Male,High School,Married,44031.0,779.0,27942.0,Business,Employed,3,Poor,0.1077,99543.0,2.0,Boylehaven,FM,Zambia,0.0,1,High
18,Female,Bachelor's,Divorced,112881.0,698.0,5069.0,Personal,Self-employed,11,Fair,0.4227,279962.0,0.0,Amandatown,ND,Seychelles,2.0,0,Medium
33,Male,Bachelor's,Divorced,96054.0,715.0,20481.0,Business,Self-employed,8,Good,0.3304,297773.0,1.0,Jessefurt,NH,Thailand,1.0,0,Low
64,Male,PhD,Widowed,111310.0,639.0,48548.0,Personal,Employed,0,Excellent,0.2842,48695.0,4.0,North Jesse,VA,Palestinian Territory,3.0,2,Low
50,Female,High School,Widowed,23017.0,684.0,36244.0,Auto,Self-employed,13,Poor,0.2447,271898.0,1.0,Valenciafurt,AR,Brunei Darussalam,4.0,0,High
27,Female,High School,Single,28265.0,695.0,28486.0,Business,Self-employed,12,Good,0.5196,113627.0,3.0,Fowlerport,NV,Bahamas,3.0,2,Medium
37,Female,High School,Widowed,112154.0,608.0,21411.0,Home,Self-employed,1,Good,0.3473,130631.0,0.0,Melissafort,CA,Eritrea,4.0,2,Medium
57,Non-binary,High School,Single,101434.0,758.0,37868.0,Personal,Unemployed,10,Excellent,0.2309,207867.0,2.0,Christineland,WY,Jersey,0.0,1,Medium
41,Non-binary,Bachelor's,Single,27076.0,668.0,8759.0,Home,Self-employed,15,Good,0.1341,47646.0,2.0,Jenniferville,TN,Estonia,1.0,2,Low
41,Female,Bachelor's,Divorced,112221.0,772.0,33936.0,Home,Unemployed,18,Excellent,0.3955,190208.0,0.0,West Johnny,MA,British Indian Ocean Territory (Chagos Archipelago),3.0,0,Medium
69,Non-binary,PhD,Widowed,23717.0,603.0,44324.0,Auto,Employed,8,Poor,0.1411,262801.0,0.0,Port Charles,MN,Holy See (Vatican City State),1.0,1,Medium
58,Female,High School,Widowed,49895.0,645.0,23773.0,Home,Unemployed,16,Excellent,0.4403,53493.0,4.0,Allisonland,GU,Malaysia,4.0,0,Medium
68,Non-binary,High School,Married,29212.0,751.0,6012.0,Home,Self-employed,4,Excellent,0.4601,206514.0,1.0,East Christopher,DE,Cuba,4.0,0,High
61,Non-binary,PhD,Single,59238.0,685.0,22787.0,Home,Unemployed,12,Poor,0.1883,166626.0,0.0,East Catherine,VI,Chad,4.0,2,Low
29,Female,PhD,Widowed,104675.0,718.0,45358.0,Personal,Unemployed,8,Good,0.5244,251930.0,2.0,East Gabrieltown,AL,Aruba,3.0,0,Medium
24,Non-binary,PhD,Single,89208.0,624.0,33655.0,Home,Self-employed,9,Poor,0.1206,56097.0,2.0,East Joseph,MA,Holy See (Vatican City State),0.0,2,Low
43,Male,Bachelor's,Widowed,49433.0,710.0,22523.0,Business,Self-employed,5,Fair,0.2133,111625.0,4.0,Lake Valerie,OH,Saudi Arabia,3.0,2,Low
30,Non-binary,PhD,Single,53639.0,684.0,47922.0,Auto,Employed,10,Good,0.4912,245713.0,0.0,West Tina,OK,Mozambique,4.0,1,Low
22,Female,Master's,Divorced,105366.0,785.0,21975.0,Auto,Unemployed,9,Poor,0.5129,242944.0,3.0,Gallagherport,NY,France,2.0,2,Low
35,Non-binary,Master's,Divorced,74091.0,772.0,44856.0,Auto,Employed,0,Excellent,0.1844,171362.0,3.0,Lake Victoria,UT,El Salvador,3.0,2,Low
39,Female,High School,Single,63154.0,645.0,17359.0,Personal,Employed,12,Excellent,0.4547,238299.0,3.0,Danielburgh,VA,Puerto Rico,2.0,1,Low
29,Non-binary,PhD,Married,108571.0,637.0,46239.0,Home,Unemployed,9,Good,0.5951,151306.0,1.0,North Andrew,HI,Guatemala,2.0,2,Low
44,Non-binary,Bachelor's,Single,83327.0,740.0,38696.0,Home,Employed,16,Good,0.3401,34153.0,3.0,Bradyview,ME,Serbia,1.0,1,Low
39,Female,Master's,Widowed,79516.0,762.0,35084.0,Business,Unemployed,3,Excellent,0.5303,177614.0,1.0,Julieberg,CO,Qatar,3.0,1,Medium
35,Male,Bachelor's,Single,41395.0,657.0,38993.0,Home,Unemployed,18,Excellent,0.2795,209005.0,1.0,Katiefurt,CA,Oman,4.0,1,Low
67,Non-binary,PhD,Single,70764.0,726.0,18870.0,Home,Employed,16,Excellent,0.413,272966.0,3.0,Hardingbury,SC,Cocos (Keeling) Islands,0.0,0,High
33,Female,Bachelor's,Divorced,88876.0,749.0,45596.0,Auto,Employed,14,Good,0.56,189512.0,2.0,Wilsonview,SC,Denmark,3.0,1,High
56,Female,Bachelor's,Widowed,73634.0,641.0,39110.0,Business,Employed,10,Fair,0.4986,66769.0,0.0,New Kellystad,MD,Congo,0.0,2,Low
66,Male,PhD,Widowed,34436.0,750.0,40591.0,Personal,Unemployed,0,Good,0.3512,41973.0,1.0,Rivasland,SC,Western Sahara,0.0,0,High
22,Non-binary,Bachelor's,Married,20903.0,634.0,13095.0,Auto,Unemployed,13,Poor,0.1749,208150.0,3.0,Andrewsside,SC,Mauritania,0.0,0,Low
35,Female,Master's,Divorced,95121.0,744.0,46562.0,Personal,Self-employed,3,Poor,0.4846,37018.0,1.0,Port Juan,NC,Netherlands,0.0,0,High
66,Male,PhD,Single,23436.0,789.0,31576.0,Home,Unemployed,6,Excellent,0.4951,198343.0,4.0,Martinton,IA,Congo,0.0,0,Low
33,Non-binary,High School,Married,98267.0,613.0,30577.0,Home,Employed,14,Poor,0.1883,142956.0,0.0,Jenniferton,TN,Uruguay,3.0,0,Medium
65,Non-binary,High School,Divorced,24052.0,724.0,35588.0,Business,Unemployed,12,Poor,0.3487,141730.0,2.0,North Tyler,SC,Ethiopia,3.0,1,Medium
21,Male,Bachelor's,Divorced,89806.0,622.0,5992.0,Auto,Self-employed,16,Excellent,0.3858,76829.0,0.0,Stewarthaven,TN,Monaco,3.0,0,Low
46,Female,Bachelor's,Single,94283.0,645.0,39934.0,Auto,Employed,14,Good,0.4717,253153.0,0.0,Turnerchester,CO,Armenia,0.0,0,Low
32,Male,Master's,Married,42444.0,693.0,17980.0,Business,Employed,10,Fair,0.2186,148969.0,3.0,South Victoriaton,MH,Syrian Arab Republic,2.0,1,Low
21,Male,PhD,Single,47284.0,745.0,35366.0,Auto,Unemployed,18,Poor,0.1166,263197.0,4.0,Rileyshire,GA,Germany,0.0,2,Medium
33,Non-binary,PhD,Divorced,67951.0,666.0,41258.0,Personal,Self-employed,0,Fair,0.4792,58081.0,2.0,Morrisview,MI,Svalbard & Jan Mayen Islands,3.0,0,Low
29,Non-binary,High School,Widowed,96015.0,751.0,25907.0,Home,Employed,3,Poor,0.3923,250785.0,0.0,New Xavierview,WY,South Georgia and the South Sandwich Islands,2.0,1,Medium
42,Female,PhD,Single,110341.0,766.0,42946.0,Auto,Self-employed,16,Fair,0.5646,68922.0,2.0,North Nicole,NE,Guernsey,3.0,2,Low
47,Non-binary,Bachelor's,Married,96935.0,655.0,6559.0,Home,Employed,4,Good,0.5079,171332.0,0.0,Scottburgh,MP,North Macedonia,4.0,2,Medium
69,Non-binary,High School,Widowed,116159.0,739.0,48639.0,Personal,Unemployed,4,Good,0.326,161305.0,3.0,Davisbury,VA,Ukraine,3.0,1,Medium
43,Male,High School,Married,93598.0,704.0,18222.0,Personal,Employed,1,Excellent,0.2184,216099.0,3.0,North Michelle,VT,Mexico,1.0,0,Low
64,Non-binary,High School,Married,84636.0,669.0,15013.0,Personal,Unemployed,12,Fair,0.5097,68599.0,1.0,North Kimberlyton,MN,Bosnia and Herzegovina,3.0,1,Medium
36,Male,High School,Divorced,72077.0,609.0,36093.0,Business,Unemployed,12,Excellent,0.4762,247455.0,3.0,New Anthony,WA,Tajikistan,1.0,1,Low
68,Male,High School,Widowed,56258.0,727.0,18854.0,Home,Unemployed,12,Excellent,0.5462,213565.0,3.0,Lake Stephenbury,AK,Mozambique,4.0,2,Medium
37,Non-binary,Master's,Married,53971.0,795.0,48546.0,Business,Self-employed,4,Excellent,0.5267,76623.0,0.0,Lake David,IL,Tunisia,3.0,2,Low
31,Male,Master's,Married,113316.0,691.0,23707.0,Home,Self-employed,0,Fair,0.5028,58566.0,1.0,Lake Michaelland,WI,Libyan Arab Jamahiriya,2.0,2,Low
42,Female,Master's,Single,54551.0,602.0,44305.0,Auto,Unemployed,18,Fair,0.5362,162414.0,2.0,Port Donaldhaven,MT,Tunisia,2.0,1,Medium
47,Non-binary,PhD,Widowed,93271.0,647.0,32917.0,Auto,Unemployed,13,Excellent,0.2642,94818.0,0.0,South Brianbury,DC,Cote d'Ivoire,2.0,1,Low
27,Male,PhD,Married,45257.0,672.0,42459.0,Business,Employed,18,Excellent,0.3664,100626.0,4.0,West Michael,RI,Lao People's Democratic Republic,0.0,1,Medium
56,Male,Bachelor's,Widowed,115864.0,675.0,13846.0,Business,Unemployed,8,Excellent,0.3317,176517.0,4.0,New Cynthiahaven,WV,Wallis and Futuna,2.0,2,Low
63,Male,High School,Single,68166.0,736.0,37407.0,Home,Unemployed,18,Good,0.314,176520.0,0.0,West Jessica,MA,Guyana,3.0,0,Medium
41,Female,Bachelor's,Widowed,77999.0,652.0,44616.0,Business,Unemployed,0,Poor,0.4928,45851.0,2.0,East Michael,NY,Kyrgyz Republic,0.0,2,Medium
65,Female,High School,Married,33750.0,786.0,41242.0,Home,Employed,18,Good,0.5666,76221.0,1.0,Cheyennechester,NC,Guyana,0.0,2,Medium
52,Non-binary,Master's,Single,99711.0,600.0,48967.0,Personal,Unemployed,13,Fair,0.1672,78869.0,1.0,Micheleland,IA,Latvia,0.0,0,Low
45,Male,PhD,Divorced,28727.0,712.0,40813.0,Home,Unemployed,3,Fair,0.556,209897.0,4.0,Devinburgh,CO,Peru,1.0,2,Low
47,Female,Bachelor's,Married,85088.0,713.0,6393.0,Business,Unemployed,7,Excellent,0.1051,264977.0,1.0,West Daisyside,VI,Central African Republic,0.0,0,Medium
23,Male,PhD,Single,69322.0,666.0,13116.0,Personal,Employed,6,Fair,0.5252,153526.0,4.0,Williamsstad,AR,Ireland,0.0,0,Low
29,Non-binary,Bachelor's,Married,59038.0,600.0,12745.0,Auto,Employed,14,Excellent,0.1623,55985.0,2.0,New Davidfurt,OH,Swaziland,1.0,0,Low
29,Female,PhD,Married,86296.0,711.0,15752.0,Home,Unemployed,10,Good,0.2411,212834.0,2.0,Stephanieburgh,VI,Croatia,2.0,1,Medium
44,Male,High School,Widowed,102018.0,734.0,30993.0,Personal,Unemployed,6,Fair,0.1132,53790.0,0.0,Port Mandyside,CO,Monaco,4.0,0,Low
26,Female,PhD,Divorced,100882.0,738.0,25410.0,Business,Unemployed,11,Poor,0.2616,43226.0,0.0,Tristanport,CO,Andorra,3.0,0,Medium
65,Female,Master's,Single,96939.0,673.0,17002.0,Home,Employed,16,Excellent,0.4567,116884.0,3.0,Port Cynthiaton,IN,Chile,1.0,1,High
39,Female,PhD,Widowed,110034.0,603.0,25628.0,Home,Self-employed,1,Good,0.3723,172499.0,2.0,Braymouth,CA,Bangladesh,4.0,2,High
36,Male,PhD,Widowed,78215.0,695.0,10749.0,Business,Self-employed,14,Fair,0.3625,241502.0,2.0,Rebeccafort,PR,Guernsey,3.0,0,Low
41,Male,PhD,Widowed,112141.0,600.0,25709.0,Personal,Unemployed,18,Excellent,0.2277,25925.0,0.0,New Christopher,IN,Finland,2.0,1,Low
19,Female,Master's,Widowed,43233.0,786.0,17390.0,Home,Self-employed,13,Excellent,0.5799,25118.0,1.0,Williamshaven,NE,Algeria,2.0,0,Low
35,Male,High School,Divorced,27111.0,649.0,41890.0,Home,Unemployed,6,Good,0.1738,185663.0,3.0,Port Michael,CA,Haiti,4.0,2,Low
54,Male,PhD,Single,92358.0,739.0,33855.0,Personal,Employed,12,Poor,0.3893,55174.0,0.0,Garciaton,NH,Lesotho,0.0,2,Low
41,Non-binary,Bachelor's,Widowed,108247.0,785.0,29726.0,Business,Employed,5,Excellent,0.1924,260545.0,4.0,Port Michele,UT,Sudan,2.0,2,High
56,Female,High School,Married,46641.0,754.0,5013.0,Auto,Unemployed,17,Good,0.4075,132531.0,4.0,Zacharyland,MI,Senegal,4.0,1,Medium
48,Female,High School,Widowed,78791.0,688.0,29614.0,Home,Employed,2,Fair,0.3518,43311.0,2.0,New Ryan,WY,Iran,2.0,0,Low
28,Non-binary,Bachelor's,Married,97482.0,636.0,23921.0,Home,Unemployed,18,Excellent,0.4419,244995.0,2.0,Port Jeremy,MT,French Southern Territories,4.0,0,Medium
55,Male,Master's,Widowed,75773.0,785.0,22792.0,Auto,Employed,1,Fair,0.4724,287626.0,4.0,New Joshua,MS,Wallis and Futuna,1.0,2,Low
30,Female,PhD,Married,29678.0,682.0,15334.0,Auto,Employed,12,Excellent,0.3627,185715.0,0.0,Shaneville,VI,Antigua and Barbuda,0.0,1,Low
57,Female,PhD,Divorced,31573.0,772.0,20706.0,Business,Employed,9,Excellent,0.3827,34614.0,2.0,East Edward,NV,Tunisia,0.0,1,Low
38,Male,Bachelor's,Divorced,66479.0,747.0,31154.0,Home,Unemployed,5,Good,0.3835,233374.0,3.0,Griffinport,PA,Christmas Island,2.0,0,Medium
33,Non-binary,Bachelor's,Single,37507.0,703.0,15250.0,Auto,Self-employed,12,Poor,0.2441,197818.0,2.0,West Kimberlymouth,KY,Venezuela,2.0,0,Low
53,Male,Master's,Single,25731.0,766.0,15311.0,Business,Self-employed,11,Fair,0.534,266677.0,0.0,West Holly,NV,Spain,3.0,1,High
62,Female,Master's,Divorced,108669.0,700.0,44119.0,Business,Employed,18,Poor,0.4583,47780.0,4.0,East Ronald,VI,Croatia,1.0,2,Medium
22,Non-binary,Bachelor's,Divorced,53193.0,608.0,45677.0,Personal,Self-employed,8,Poor,0.3183,169713.0,2.0,Austinfurt,WA,Kuwait,2.0,1,Low
21,Female,PhD,Widowed,38318.0,626.0,34930.0,Auto,Employed,6,Poor,0.2911,203827.0,1.0,Port Michael,WI,Ukraine,0.0,2,Low
28,Male,PhD,Widowed,91442.0,657.0,19432.0,Auto,Employed,0,Excellent,0.3029,185445.0,1.0,Smithport,SD,New Zealand,3.0,1,Low
69,Male,High School,Divorced,36551.0,661.0,44352.0,Business,Employed,13,Fair,0.5101,258875.0,2.0,Lake Alisonburgh,MA,Israel,4.0,1,High
60,Male,High School,Divorced,79269.0,634.0,30572.0,Personal,Unemployed,17,Poor,0.1819,52325.0,1.0,East Dennisport,VT,Serbia,3.0,0,Medium
23,Male,Bachelor's,Married,98701.0,656.0,5877.0,Home,Unemployed,18,Fair,0.5128,177047.0,1.0,Rayberg,DE,Yemen,3.0,1,Medium
31,Male,Master's,Married,105425.0,666.0,39707.0,Business,Unemployed,1,Good,0.4839,219518.0,3.0,Robertsonmouth,PA,Saint Barthelemy,2.0,0,Medium
56,Female,Bachelor's,Divorced,107778.0,665.0,43887.0,Home,Self-employed,6,Poor,0.3332,66883.0,1.0,Michaelfort,WV,China,4.0,1,Low
63,Non-binary,Master's,Married,57827.0,730.0,40942.0,Business,Employed,16,Fair,0.5163,114198.0,2.0,Sydneyberg,FM,Pakistan,4.0,2,Low
38,Female,PhD,Single,39521.0,674.0,22467.0,Auto,Employed,13,Fair,0.2831,174523.0,3.0,Davidborough,WY,Mongolia,0.0,2,Low
29,Non-binary,Bachelor's,Married,113005.0,697.0,10629.0,Personal,Self-employed,3,Poor,0.5288,218391.0,4.0,West Alecside,HI,Uzbekistan,0.0,1,Low
31,Female,Master's,Widowed,37430.0,609.0,17839.0,Home,Unemployed,14,Fair,0.2314,267941.0,2.0,Tammymouth,WV,Benin,1.0,2,Low
62,Non-binary,Bachelor's,Widowed,23846.0,623.0,29831.0,Personal,Employed,4,Fair,0.5356,227918.0,4.0,Timothyport,FM,Benin,0.0,1,Low
24,Non-binary,Master's,Single,31091.0,788.0,25880.0,Personal,Self-employed,15,Good,0.339,162996.0,0.0,Carrtown,MD,Western Sahara,0.0,2,Low
32,Non-binary,Bachelor's,Single,88606.0,683.0,25894.0,Business,Unemployed,5,Poor,0.4482,24768.0,4.0,West Suzanneside,AZ,Iran,3.0,2,Medium
69,Non-binary,Master's,Widowed,33686.0,698.0,47501.0,Business,Employed,5,Poor,0.1451,216923.0,4.0,South Daniel,IN,China,2.0,2,Low
34,Non-binary,PhD,Divorced,92495.0,691.0,30947.0,Personal,Unemployed,18,Excellent,0.2715,58075.0,4.0,North Johnborough,MD,Papua New Guinea,4.0,1,Low
20,Female,Master's,Married,55388.0,678.0,27280.0,Business,Employed,13,Excellent,0.5343,73829.0,4.0,New Allenborough,VI,Jersey,0.0,2,Medium
22,Female,High School,Single,36225.0,790.0,47148.0,Home,Employed,15,Good,0.2232,158530.0,1.0,Lake Karen,MP,Zimbabwe,0.0,2,Low
30,Male,Master's,Single,104624.0,633.0,40183.0,Personal,Employed,11,Fair,0.1019,171342.0,0.0,Craigport,KS,British Virgin Islands,3.0,0,Medium
61,Non-binary,PhD,Single,69250.0,723.0,32682.0,Business,Unemployed,10,Fair,0.5426,29359.0,4.0,Port Andreahaven,FM,Montserrat,2.0,2,Low
38,Male,Bachelor's,Married,76843.0,748.0,7970.0,Business,Self-employed,19,Fair,0.2061,207297.0,2.0,Matthewville,NV,Trinidad and Tobago,4.0,1,Medium
55,Male,High School,Widowed,53339.0,794.0,35311.0,Personal,Unemployed,7,Fair,0.1396,47655.0,1.0,New Davidview,WY,Colombia,0.0,1,Low
25,Male,Master's,Divorced,28463.0,736.0,34181.0,Business,Employed,9,Excellent,0.5795,165945.0,1.0,Hansonmouth,NJ,Marshall Islands,3.0,1,Low
33,Female,Bachelor's,Single,118983.0,694.0,42879.0,Business,Unemployed,3,Excellent,0.4291,169205.0,1.0,Charlottemouth,AK,Sudan,0.0,0,Low
29,Non-binary,PhD,Married,115603.0,714.0,43809.0,Auto,Self-employed,13,Excellent,0.1762,250967.0,4.0,Sotostad,VI,Guinea-Bissau,1.0,1,Low
21,Male,Master's,Widowed,82694.0,662.0,21519.0,Home,Unemployed,9,Fair,0.3771,40833.0,0.0,Lake Davidville,PA,Armenia,2.0,0,Medium
39,Female,Bachelor's,Single,66007.0,723.0,19307.0,Home,Self-employed,15,Excellent,0.4372,184100.0,1.0,Robertberg,MP,Burundi,1.0,1,Medium
52,Male,High School,Married,96089.0,622.0,49088.0,Home,Unemployed,2,Fair,0.11,77533.0,4.0,New Desiree,AS,Bangladesh,2.0,1,Medium
28,Non-binary,High School,Widowed,43395.0,742.0,10913.0,Personal,Employed,8,Good,0.2115,134527.0,2.0,Alanfurt,MN,Ecuador,2.0,0,Low
59,Non-binary,High School,Widowed,97233.0,774.0,40763.0,Personal,Employed,4,Poor,0.4736,116396.0,4.0,Troychester,VA,Georgia,0.0,2,Low
25,Non-binary,Master's,Widowed,115373.0,643.0,46216.0,Auto,Employed,15,Good,0.1789,110853.0,3.0,Brandonland,MD,Singapore,4.0,2,Medium
62,Non-binary,Bachelor's,Single,40948.0,676.0,37593.0,Home,Unemployed,16,Fair,0.4008,200186.0,4.0,East Kevin,OH,Cocos (Keeling) Islands,1.0,1,Medium
55,Male,High School,Single,25833.0,736.0,40477.0,Personal,Self-employed,6,Good,0.4595,87514.0,4.0,Lowerychester,AR,Sierra Leone,3.0,0,Low
24,Non-binary,Bachelor's,Married,73462.0,756.0,49504.0,Business,Unemployed,13,Excellent,0.2583,292857.0,4.0,Port Annmouth,NM,Iceland,3.0,1,Medium
43,Female,Bachelor's,Widowed,50011.0,685.0,42261.0,Personal,Employed,18,Fair,0.1259,143489.0,4.0,New John,HI,Svalbard & Jan Mayen Islands,0.0,1,Low
47,Male,High School,Widowed,46245.0,658.0,29117.0,Business,Unemployed,4,Poor,0.497,198807.0,2.0,Vargasfort,MS,Kenya,0.0,2,Low
20,Male,Bachelor's,Divorced,116576.0,661.0,31838.0,Personal,Self-employed,14,Poor,0.2031,286754.0,4.0,Martinport,OR,Lesotho,1.0,0,Low
20,Male,Master's,Widowed,24554.0,737.0,18107.0,Business,Employed,6,Fair,0.1348,43603.0,2.0,South Paul,ND,Cote d'Ivoire,0.0,1,High
23,Male,PhD,Divorced,99056.0,623.0,25500.0,Business,Unemployed,10,Good,0.1623,143112.0,2.0,Thomasport,NM,Antarctica (the territory South of 60 deg S),2.0,2,Low
39,Male,Bachelor's,Married,35154.0,613.0,9824.0,Home,Self-employed,14,Poor,0.5483,284754.0,2.0,Ryanton,WA,Senegal,1.0,2,Low
37,Male,Bachelor's,Married,49677.0,767.0,40692.0,Personal,Self-employed,9,Fair,0.5689,128373.0,3.0,Port Anthonyborough,ID,United States Virgin Islands,1.0,0,Medium
19,Female,High School,Divorced,97125.0,791.0,41214.0,Auto,Employed,5,Good,0.2359,233060.0,1.0,Charlesfurt,IN,Romania,1.0,1,Medium
34,Female,Bachelor's,Single,70756.0,663.0,13499.0,Home,Self-employed,18,Poor,0.3784,135194.0,1.0,Burtontown,AL,Nepal,2.0,1,Medium
61,Female,High School,Single,107486.0,744.0,15497.0,Business,Self-employed,16,Poor,0.345,294396.0,0.0,West Donald,WY,Mozambique,4.0,1,Low
40,Non-binary,High School,Divorced,44647.0,735.0,27632.0,Personal,Self-employed,17,Poor,0.1274,288958.0,3.0,Brownborough,GA,Zimbabwe,0.0,1,Low
56,Non-binary,Master's,Widowed,83089.0,744.0,48868.0,Business,Unemployed,17,Poor,0.4121,270483.0,3.0,Summersborough,NC,Sierra Leone,4.0,1,Medium
44,Non-binary,High School,Divorced,36167.0,622.0,25790.0,Home,Unemployed,1,Excellent,0.428,43847.0,4.0,Staffordside,MO,Paraguay,4.0,2,Low
51,Non-binary,Bachelor's,Married,29179.0,651.0,5606.0,Business,Self-employed,14,Excellent,0.4312,246520.0,1.0,South Melissa,DE,Norfolk Island,1.0,2,Low
41,Non-binary,PhD,Married,47313.0,755.0,18830.0,Personal,Unemployed,0,Good,0.399,32946.0,4.0,Mcdanielside,LA,Ukraine,2.0,0,Low
57,Male,Master's,Divorced,92561.0,760.0,5171.0,Home,Unemployed,16,Good,0.4186,60697.0,2.0,Trevorland,FL,Taiwan,3.0,1,Low
34,Female,High School,Widowed,76884.0,609.0,27717.0,Auto,Unemployed,10,Good,0.1779,140482.0,3.0,Martinezberg,CT,Costa Rica,4.0,0,Medium
24,Male,High School,Divorced,69094.0,651.0,19062.0,Business,Employed,5,Poor,0.1993,91058.0,2.0,Whiteshire,MN,Fiji,4.0,1,High
41,Non-binary,Master's,Divorced,95017.0,665.0,22057.0,Personal,Self-employed,9,Good,0.5965,85121.0,2.0,South Annafurt,MH,Kuwait,4.0,2,Medium
19,Female,Master's,Single,56479.0,764.0,20437.0,Personal,Unemployed,14,Excellent,0.2394,44343.0,0.0,West Cathystad,OK,Brazil,1.0,0,High
35,Female,Master's,Divorced,99214.0,621.0,12489.0,Personal,Employed,12,Excellent,0.2248,33288.0,0.0,Aaronshire,MA,Jordan,1.0,2,Low
24,Male,Master's,Widowed,39465.0,779.0,37795.0,Home,Self-employed,13,Fair,0.533,284391.0,2.0,West Andrew,AZ,Dominica,3.0,0,High
67,Male,High School,Married,94855.0,649.0,20459.0,Home,Self-employed,17,Excellent,0.3864,130816.0,0.0,Vargastown,MS,Grenada,3.0,2,Low
31,Male,High School,Married,66716.0,758.0,36656.0,Home,Unemployed,12,Good,0.2953,48152.0,4.0,Lake Shelly,PR,Oman,3.0,2,Medium
62,Female,High School,Married,100383.0,766.0,33274.0,Auto,Employed,18,Excellent,0.3855,235047.0,0.0,Port Anthonymouth,SC,Gambia,0.0,0,Low
30,Non-binary,PhD,Divorced,70877.0,611.0,27963.0,Home,Employed,9,Fair,0.2039,270060.0,2.0,South Patrick,PW,Kazakhstan,2.0,1,Low
26,Non-binary,PhD,Married,79886.0,674.0,33651.0,Business,Unemployed,4,Excellent,0.1158,61958.0,0.0,North Andrew,GU,Lebanon,1.0,1,Low
52,Non-binary,High School,Married,102297.0,773.0,39139.0,Home,Self-employed,15,Fair,0.336,246920.0,1.0,Lake Jameston,PR,Cocos (Keeling) Islands,4.0,2,Low
53,Female,High School,Divorced,28108.0,730.0,9566.0,Business,Employed,19,Excellent,0.4322,267871.0,1.0,South Johnville,NM,Nicaragua,3.0,1,Low
39,Female,Bachelor's,Married,107089.0,608.0,46104.0,Auto,Self-employed,3,Fair,0.5848,24466.0,3.0,Milesfort,NY,Malawi,2.0,1,Medium
49,Male,Master's,Single,86714.0,712.0,40229.0,Personal,Unemployed,7,Fair,0.5687,66960.0,4.0,Angelachester,UT,Vietnam,0.0,0,Low
63,Male,PhD,Divorced,51419.0,727.0,24432.0,Home,Self-employed,16,Excellent,0.3322,103284.0,2.0,Bakermouth,WA,Finland,3.0,1,Medium
56,Female,High School,Married,86046.0,766.0,49003.0,Home,Unemployed,10,Fair,0.3075,196150.0,1.0,Port Jacob,LA,New Zealand,4.0,2,Low
39,Non-binary,PhD,Divorced,49039.0,772.0,9227.0,Home,Self-employed,3,Excellent,0.484,95660.0,2.0,Ashleyville,TX,Isle of Man,3.0,2,Medium
61,Non-binary,PhD,Widowed,59159.0,682.0,22072.0,Personal,Employed,14,Excellent,0.4544,132331.0,4.0,Levineside,IA,Maldives,3.0,1,Low
32,Male,PhD,Divorced,53799.0,723.0,5547.0,Home,Self-employed,11,Excellent,0.1853,57006.0,3.0,New Jeffreyberg,NH,Niue,2.0,1,Low
25,Female,Master's,Married,32644.0,795.0,18365.0,Personal,Self-employed,13,Poor,0.1235,142145.0,4.0,Brandonview,GA,Zambia,2.0,0,Low
67,Male,Bachelor's,Divorced,95205.0,706.0,32168.0,Personal,Employed,4,Poor,0.1413,161221.0,4.0,Jasonville,TN,Marshall Islands,1.0,2,Low
58,Female,High School,Married,94732.0,617.0,20999.0,Personal,Employed,17,Fair,0.4924,52663.0,0.0,Ralphton,GU,Niue,0.0,2,Medium
42,Non-binary,Master's,Divorced,80663.0,692.0,27106.0,Business,Self-employed,6,Fair,0.1783,132634.0,1.0,Lake Jonathan,SC,South Georgia and the South Sandwich Islands,1.0,0,Medium
34,Female,Master's,Widowed,107385.0,725.0,41751.0,Auto,Unemployed,7,Fair,0.4294,143236.0,3.0,New Ryan,SD,Denmark,0.0,2,Low
43,Non-binary,PhD,Widowed,97000.0,735.0,8062.0,Personal,Unemployed,9,Excellent,0.1137,72202.0,4.0,Shaunberg,WI,Saint Lucia,3.0,2,Low
48,Male,Master's,Widowed,102799.0,686.0,5977.0,Home,Self-employed,16,Excellent,0.4279,87738.0,4.0,South Christina,MO,Malawi,0.0,0,Low
64,Non-binary,PhD,Divorced,87982.0,643.0,30416.0,Auto,Unemployed,17,Fair,0.4951,149176.0,1.0,North Cynthiashire,MI,Bouvet Island (Bouvetoya),4.0,2,Low
59,Male,High School,Widowed,70606.0,612.0,33264.0,Home,Self-employed,6,Poor,0.5789,67897.0,2.0,North Ericafort,PR,Antarctica (the territory South of 60 deg S),4.0,1,Low
56,Non-binary,Bachelor's,Single,101981.0,715.0,44642.0,Business,Self-employed,1,Excellent,0.3109,111455.0,1.0,South Andrea,CA,Jersey,0.0,1,Low
59,Female,Bachelor's,Divorced,117383.0,749.0,8501.0,Business,Unemployed,13,Poor,0.1147,248336.0,1.0,Derekfurt,IA,Estonia,2.0,1,Medium
49,Female,Bachelor's,Married,118993.0,709.0,40512.0,Home,Unemployed,18,Excellent,0.3711,193007.0,1.0,South Robertland,MD,Syrian Arab Republic,4.0,2,Low
44,Female,Master's,Divorced,109294.0,628.0,31524.0,Auto,Self-employed,17,Excellent,0.584,128173.0,4.0,South Carrieborough,WI,Qatar,1.0,0,Medium
33,Female,Master's,Married,45412.0,681.0,25287.0,Personal,Self-employed,4,Poor,0.1292,132590.0,2.0,Jasonmouth,GA,Bermuda,4.0,1,Low
65,Male,Master's,Divorced,92024.0,780.0,13451.0,Home,Unemployed,17,Fair,0.5444,70816.0,1.0,Jeffreyland,UT,Saint Martin,0.0,1,High
25,Female,High School,Married,83226.0,626.0,7938.0,Home,Unemployed,3,Excellent,0.5065,151383.0,1.0,Jesseton,OH,Netherlands Antilles,3.0,1,Low
67,Female,PhD,Widowed,109125.0,794.0,27698.0,Business,Employed,3,Fair,0.1621,90156.0,1.0,Port Zachary,VT,Ethiopia,4.0,2,Medium
55,Female,Master's,Married,65752.0,738.0,22517.0,Auto,Employed,6,Good,0.5764,44981.0,2.0,Lake Denisefurt,OH,Central African Republic,1.0,0,Low
35,Male,High School,Single,87224.0,767.0,13787.0,Personal,Employed,8,Poor,0.5707,196178.0,0.0,East Andres,WI,Tuvalu,2.0,1,Medium
19,Male,High School,Widowed,82740.0,710.0,32004.0,Auto,Self-employed,16,Excellent,0.4265,236134.0,1.0,Mendozaville,MH,Chile,3.0,1,High
40,Female,Bachelor's,Married,30605.0,739.0,17180.0,Personal,Employed,0,Poor,0.278,225526.0,0.0,South Shaunburgh,PR,Benin,2.0,1,High
59,Male,High School,Divorced,70701.0,740.0,5500.0,Personal,Unemployed,1,Good,0.4502,152355.0,2.0,New Jerry,VA,North Macedonia,2.0,2,Low
19,Non-binary,Bachelor's,Married,54723.0,685.0,21004.0,Auto,Self-employed,15,Fair,0.431,228303.0,4.0,West Kimberlyfort,NY,Costa Rica,1.0,1,Low
61,Female,PhD,Single,30247.0,631.0,13190.0,Business,Self-employed,4,Good,0.3098,58272.0,3.0,West Georgeberg,TX,Jordan,0.0,1,Low
45,Non-binary,PhD,Widowed,85563.0,649.0,12811.0,Business,Self-employed,1,Poor,0.5436,124873.0,1.0,West Carl,GA,Thailand,2.0,0,Low
37,Non-binary,PhD,Married,51419.0,717.0,35612.0,Auto,Unemployed,19,Excellent,0.2992,39433.0,4.0,Blackstad,SC,United States of America,3.0,0,Low
20,Male,Master's,Divorced,38996.0,656.0,38243.0,Home,Unemployed,11,Good,0.1286,49802.0,1.0,Lake Melanieport,PA,Bermuda,2.0,2,Low
26,Non-binary,High School,Single,106805.0,782.0,11115.0,Business,Unemployed,10,Poor,0.1526,245546.0,4.0,Barnesview,MA,Palau,1.0,0,Low
37,Male,Bachelor's,Widowed,104326.0,609.0,41215.0,Business,Self-employed,14,Fair,0.4944,27903.0,3.0,Paulmouth,IL,French Polynesia,3.0,1,Low
65,Female,Bachelor's,Single,49696.0,769.0,18990.0,Auto,Employed,19,Good,0.3759,69191.0,2.0,Brendantown,RI,Sudan,4.0,1,Low
68,Male,PhD,Single,72443.0,638.0,49412.0,Personal,Unemployed,4,Fair,0.5389,107685.0,1.0,New David,VT,American Samoa,2.0,2,Medium
41,Female,Master's,Divorced,56230.0,627.0,22597.0,Personal,Unemployed,5,Good,0.4683,171542.0,1.0,Cochranland,CO,Eritrea,0.0,1,Low
41,Female,Master's,Widowed,78204.0,633.0,11901.0,Personal,Employed,4,Excellent,0.4541,148810.0,3.0,Port Jason,MD,Kyrgyz Republic,3.0,1,Low
40,Non-binary,Bachelor's,Single,67731.0,721.0,32073.0,Personal,Unemployed,16,Good,0.2059,177476.0,4.0,Lewismouth,FL,Venezuela,0.0,0,Medium
54,Non-binary,PhD,Divorced,103533.0,668.0,31011.0,Personal,Unemployed,3,Excellent,0.3801,265493.0,4.0,Johnstonshire,NH,El Salvador,1.0,1,Low
62,Male,Bachelor's,Divorced,114542.0,796.0,20094.0,Home,Employed,3,Fair,0.5581,129210.0,2.0,Whitebury,DC,Slovakia (Slovak Republic),1.0,0,Low
30,Male,Bachelor's,Single,29669.0,714.0,8527.0,Auto,Self-employed,0,Good,0.5267,255757.0,0.0,Erikstad,CT,Isle of Man,3.0,2,Medium
28,Male,Bachelor's,Divorced,82969.0,754.0,34094.0,Auto,Self-employed,8,Good,0.1908,187271.0,1.0,Codybury,PW,Trinidad and Tobago,1.0,1,Low
42,Male,High School,Single,23497.0,773.0,30838.0,Business,Employed,19,Good,0.5868,215305.0,1.0,West Devinfurt,PR,Senegal,3.0,2,Low
44,Non-binary,PhD,Married,78070.0,714.0,26773.0,Auto,Unemployed,13,Poor,0.2666,240149.0,3.0,West Nicolechester,MD,Ireland,0.0,1,Low
50,Male,Master's,Single,91060.0,681.0,5710.0,Home,Employed,1,Good,0.3527,242415.0,4.0,East Nicholasmouth,AZ,Palestinian Territory,3.0,2,Medium
62,Male,PhD,Married,88843.0,603.0,13549.0,Business,Employed,11,Poor,0.2121,21568.0,1.0,Port Anthonyport,NY,Iraq,2.0,0,Low
21,Male,Master's,Single,23878.0,723.0,26430.0,Personal,Employed,14,Poor,0.1449,277799.0,0.0,Port Timothy,OH,Tanzania,4.0,0,Low
48,Female,PhD,Married,62967.0,659.0,5078.0,Home,Self-employed,0,Fair,0.3469,213905.0,0.0,Christinestad,RI,Northern Mariana Islands,1.0,1,Medium
46,Non-binary,Bachelor's,Widowed,53050.0,754.0,43270.0,Home,Employed,13,Fair,0.2207,296770.0,0.0,Jeremyton,WI,Montenegro,3.0,2,Low
37,Male,High School,Divorced,61477.0,680.0,32472.0,Auto,Unemployed,9,Fair,0.2546,269984.0,3.0,Ramirezview,PW,Cape Verde,1.0,2,Low
52,Male,Master's,Married,63388.0,769.0,16218.0,Auto,Employed,10,Excellent,0.1368,23236.0,3.0,Amandatown,NE,Benin,2.0,2,Medium
67,Female,High School,Widowed,33919.0,709.0,45702.0,Personal,Unemployed,8,Good,0.4127,156758.0,0.0,East Brianna,VI,Canada,2.0,2,Low
18,Female,Bachelor's,Widowed,30133.0,779.0,47360.0,Personal,Employed,2,Excellent,0.2846,162588.0,4.0,Lake Joshua,ND,Cook Islands,3.0,2,Medium
20,Male,Master's,Divorced,83332.0,702.0,25333.0,Personal,Unemployed,5,Good,0.2778,130628.0,0.0,Hawkinston,ID,Argentina,1.0,1,Low
20,Male,Bachelor's,Married,52682.0,778.0,18971.0,Business,Employed,0,Poor,0.1448,205687.0,4.0,South Jose,IA,Rwanda,2.0,0,Medium
57,Female,PhD,Married,70998.0,672.0,22871.0,Personal,Self-employed,1,Excellent,0.2353,195231.0,2.0,Stokesmouth,KS,Zambia,2.0,2,Low
34,Non-binary,Bachelor's,Married,42505.0,742.0,41678.0,Auto,Employed,3,Fair,0.4369,130007.0,0.0,North Rachel,ND,Vanuatu,0.0,1,Low
42,Male,Master's,Married,104218.0,669.0,43548.0,Personal,Self-employed,9,Fair,0.5891,281773.0,3.0,Saundersborough,NV,Belgium,0.0,0,Low
27,Female,High School,Widowed,108061.0,725.0,41202.0,Personal,Self-employed,8,Good,0.489,250497.0,0.0,Sanchezfort,MP,New Caledonia,3.0,2,Medium
36,Female,Master's,Divorced,35701.0,741.0,24596.0,Business,Employed,9,Poor,0.1687,93732.0,1.0,Millershire,MI,Mauritius,4.0,2,Low
19,Non-binary,PhD,Single,70998.0,784.0,40894.0,Personal,Self-employed,5,Poor,0.2261,108836.0,4.0,Craneborough,WV,Northern Mariana Islands,1.0,1,Low
61,Non-binary,High School,Married,48247.0,745.0,32341.0,Auto,Unemployed,9,Poor,0.5958,154402.0,0.0,Port Danielberg,HI,Micronesia,1.0,2,Medium
43,Non-binary,Master's,Single,77940.0,770.0,29333.0,Home,Self-employed,13,Good,0.2969,125554.0,1.0,Hayleyshire,HI,Tonga,0.0,1,Medium
54,Male,High School,Single,39504.0,689.0,10062.0,Home,Employed,13,Good,0.5741,37110.0,4.0,South Reginachester,NV,Andorra,4.0,2,Low
26,Male,Master's,Widowed,56656.0,660.0,39226.0,Personal,Employed,10,Excellent,0.5334,76762.0,1.0,New Sarah,PW,Syrian Arab Republic,2.0,0,High
28,Non-binary,Bachelor's,Married,96190.0,755.0,32809.0,Home,Employed,11,Good,0.1665,89583.0,1.0,Foleyburgh,VA,Congo,4.0,0,Low
59,Non-binary,Master's,Single,108713.0,702.0,32577.0,Home,Self-employed,7,Good,0.5271,60231.0,2.0,Wolfmouth,ID,Costa Rica,4.0,0,Medium
40,Female,PhD,Married,60426.0,720.0,40340.0,Business,Employed,9,Excellent,0.2029,145774.0,0.0,Josephview,CO,Montenegro,3.0,2,Low
35,Male,High School,Single,119027.0,715.0,26402.0,Auto,Unemployed,11,Excellent,0.5538,68789.0,1.0,Lake Mark,CA,Algeria,0.0,1,Low
28,Female,PhD,Single,77784.0,632.0,49247.0,Business,Self-employed,6,Fair,0.1722,38304.0,4.0,South Georgeview,KY,Svalbard & Jan Mayen Islands,0.0,0,Low
23,Male,PhD,Widowed,44067.0,666.0,48945.0,Home,Unemployed,7,Excellent,0.3077,97306.0,1.0,Lake Jesse,MN,British Indian Ocean Territory (Chagos Archipelago),3.0,1,Low
58,Male,High School,Single,59909.0,764.0,8497.0,Home,Self-employed,11,Excellent,0.1543,242875.0,0.0,Samanthastad,MI,Mexico,2.0,0,Low
56,Female,PhD,Single,82661.0,773.0,28057.0,Business,Unemployed,1,Good,0.4123,211913.0,0.0,South Reginafort,OH,Mauritania,4.0,1,Medium
43,Female,PhD,Single,54626.0,784.0,11867.0,Business,Unemployed,16,Good,0.5378,99497.0,4.0,Port Michelle,NE,Bermuda,0.0,2,Low
50,Male,Master's,Widowed,107812.0,683.0,36171.0,Business,Unemployed,6,Excellent,0.4397,259520.0,3.0,Christopherchester,MT,Lesotho,2.0,2,Low
60,Male,High School,Divorced,88019.0,613.0,29153.0,Auto,Unemployed,3,Good,0.1134,232055.0,0.0,Armstrongtown,WV,Ethiopia,4.0,2,Low
62,Non-binary,Master's,Divorced,36217.0,755.0,6758.0,Business,Employed,6,Good,0.4802,206294.0,4.0,Cynthiafurt,WA,Niger,1.0,0,Medium
22,Male,Bachelor's,Single,63199.0,666.0,15827.0,Auto,Employed,2,Good,0.384,176311.0,0.0,Braunhaven,GA,Sierra Leone,1.0,0,Low
61,Female,PhD,Single,102189.0,765.0,38418.0,Auto,Unemployed,17,Good,0.4718,183846.0,4.0,Michelleview,GA,Somalia,1.0,1,Medium
55,Non-binary,Master's,Divorced,39727.0,710.0,29757.0,Personal,Employed,16,Good,0.5741,63439.0,1.0,New Craig,MI,Cocos (Keeling) Islands,4.0,0,Low
60,Non-binary,PhD,Widowed,71457.0,753.0,30657.0,Auto,Unemployed,1,Poor,0.514,68412.0,2.0,New Heather,MA,Saint Martin,4.0,1,Medium
61,Non-binary,High School,Single,102684.0,634.0,19182.0,Business,Employed,10,Excellent,0.4351,72540.0,0.0,North Jessicaside,VI,Algeria,2.0,0,Medium
19,Non-binary,Bachelor's,Divorced,46170.0,635.0,34394.0,Personal,Employed,11,Excellent,0.5425,110425.0,3.0,Williamport,IA,Estonia,0.0,0,Low
23,Non-binary,High School,Divorced,50183.0,736.0,8893.0,Personal,Unemployed,1,Good,0.4922,59087.0,0.0,Cochranfort,CO,Italy,0.0,0,Low
63,Non-binary,PhD,Single,21135.0,732.0,49014.0,Business,Employed,19,Good,0.4955,177327.0,2.0,North Jessica,AL,Vanuatu,1.0,2,Low
31,Non-binary,Master's,Single,61057.0,775.0,36454.0,Personal,Unemployed,10,Excellent,0.3089,58628.0,1.0,Lake Janice,TN,Sierra Leone,4.0,1,Low
68,Non-binary,Bachelor's,Single,71986.0,670.0,36843.0,Personal,Self-employed,9,Good,0.4461,211943.0,0.0,Jodihaven,AS,Togo,0.0,0,Low
32,Male,Master's,Divorced,48082.0,639.0,9937.0,Home,Unemployed,18,Excellent,0.3434,297632.0,1.0,Lopezfurt,DC,Serbia,3.0,2,Medium
43,Male,High School,Married,117898.0,733.0,27737.0,Home,Self-employed,11,Excellent,0.3438,271268.0,3.0,Richardsland,ME,Saint Barthelemy,1.0,2,Low
54,Non-binary,High School,Divorced,28083.0,638.0,31626.0,Personal,Unemployed,12,Poor,0.2617,240980.0,4.0,Port Kathleenhaven,AL,Qatar,4.0,1,Low
66,Non-binary,PhD,Married,54592.0,776.0,22994.0,Home,Self-employed,12,Fair,0.5353,152199.0,0.0,Curryhaven,NM,Mauritius,4.0,1,Low
20,Male,Bachelor's,Divorced,48281.0,755.0,9518.0,Auto,Employed,10,Fair,0.1585,59184.0,3.0,North Johnnybury,NY,Djibouti,0.0,1,Medium
39,Female,Master's,Divorced,31251.0,625.0,19833.0,Business,Unemployed,19,Fair,0.4975,169675.0,1.0,Lake Elizabethfort,FL,Sudan,2.0,0,Low
29,Female,High School,Single,61201.0,620.0,33652.0,Business,Employed,6,Poor,0.517,244228.0,4.0,Lindachester,CT,France,0.0,2,Low
24,Female,PhD,Widowed,62631.0,610.0,15738.0,Business,Unemployed,0,Excellent,0.1676,240332.0,1.0,South Rebeccaville,TX,Saint Lucia,4.0,0,Medium
48,Non-binary,Master's,Married,71658.0,707.0,7839.0,Auto,Self-employed,9,Poor,0.2332,181511.0,1.0,Port Billy,TN,Andorra,2.0,0,Medium
24,Male,High School,Single,112345.0,765.0,5715.0,Business,Employed,15,Poor,0.5833,291385.0,4.0,Keithbury,OR,Bahamas,1.0,0,Low
54,Female,PhD,Single,111903.0,632.0,23691.0,Auto,Employed,2,Good,0.4704,188922.0,2.0,Port Tammy,GA,San Marino,0.0,2,Low
58,Female,PhD,Widowed,98027.0,779.0,11580.0,Home,Self-employed,4,Good,0.3636,113784.0,2.0,South Lisa,AZ,Papua New Guinea,1.0,0,Medium
53,Male,Master's,Divorced,119655.0,772.0,20173.0,Auto,Self-employed,12,Excellent,0.2017,195572.0,4.0,Conwaymouth,NM,Singapore,0.0,2,Low
18,Non-binary,Master's,Divorced,69862.0,793.0,46612.0,Auto,Employed,1,Poor,0.5678,284107.0,3.0,South Bryanside,NH,Malta,0.0,0,Low
55,Non-binary,Bachelor's,Divorced,83308.0,613.0,48426.0,Personal,Self-employed,12,Fair,0.3874,126894.0,3.0,Steelehaven,IL,Brunei Darussalam,0.0,1,Low
40,Non-binary,PhD,Single,33079.0,707.0,13770.0,Home,Unemployed,6,Fair,0.4875,223038.0,4.0,Kellymouth,IL,Botswana,4.0,0,Low
68,Female,Bachelor's,Widowed,101171.0,746.0,33368.0,Home,Unemployed,0,Fair,0.3486,170018.0,2.0,West Glennburgh,VA,Japan,3.0,0,Medium
22,Female,Bachelor's,Divorced,37986.0,704.0,27029.0,Business,Self-employed,17,Poor,0.1044,166714.0,0.0,Lindaview,OK,Kenya,2.0,0,Low
61,Male,High School,Divorced,66612.0,686.0,45583.0,Personal,Employed,7,Excellent,0.1113,32208.0,2.0,Tonyaton,AL,Niue,4.0,0,Low
22,Non-binary,High School,Single,54296.0,688.0,18432.0,Personal,Employed,18,Good,0.1341,145527.0,1.0,Martinezmouth,IA,Poland,1.0,0,Low
23,Female,Master's,Widowed,89563.0,722.0,6331.0,Home,Employed,17,Good,0.1495,65227.0,0.0,Gloverstad,DE,Zambia,3.0,0,Low
59,Female,Bachelor's,Widowed,118994.0,636.0,17254.0,Auto,Self-employed,13,Good,0.4632,120646.0,2.0,West Crystal,ID,Trinidad and Tobago,4.0,0,Medium
65,Female,PhD,Married,94289.0,746.0,41806.0,Business,Unemployed,9,Good,0.4884,110057.0,2.0,West Tylermouth,MD,Georgia,4.0,0,Low
43,Male,Master's,Widowed,33706.0,700.0,21272.0,Auto,Unemployed,15,Good,0.4846,25596.0,4.0,Lake Janefort,OR,Belarus,2.0,1,Medium
62,Non-binary,Bachelor's,Divorced,43237.0,698.0,9165.0,Business,Employed,17,Excellent,0.1611,162761.0,1.0,Martinezhaven,NE,Guernsey,3.0,1,Medium
52,Non-binary,Bachelor's,Married,113885.0,758.0,45431.0,Home,Employed,2,Excellent,0.4183,65753.0,2.0,Jamesmouth,NY,Colombia,3.0,2,Low
65,Male,High School,Widowed,63401.0,635.0,40030.0,Personal,Employed,4,Poor,0.488,200753.0,2.0,Jamesview,SC,Grenada,2.0,2,Low
57,Non-binary,High School,Widowed,108148.0,633.0,23508.0,Home,Unemployed,8,Fair,0.2026,259766.0,2.0,Samuelton,ME,Pakistan,0.0,1,Medium
64,Female,Bachelor's,Divorced,103967.0,668.0,8513.0,Business,Employed,1,Excellent,0.3861,139932.0,2.0,Lake Jamie,DC,United Arab Emirates,1.0,2,Medium
19,Male,High School,Divorced,24163.0,753.0,14362.0,Auto,Employed,19,Excellent,0.2994,116590.0,0.0,West Michelleville,CO,Latvia,4.0,1,High
23,Non-binary,Bachelor's,Divorced,44660.0,688.0,19474.0,Home,Unemployed,14,Excellent,0.1297,290916.0,2.0,Donaldsonfurt,MA,Tuvalu,4.0,0,Medium
57,Female,Master's,Single,92043.0,609.0,9274.0,Home,Unemployed,10,Good,0.1339,104422.0,3.0,Jonesfurt,DE,Uruguay,0.0,0,Low
54,Male,Master's,Married,87381.0,617.0,12611.0,Personal,Employed,17,Poor,0.4704,241773.0,2.0,Fosterstad,MD,Sweden,0.0,2,Low
43,Non-binary,PhD,Married,61132.0,700.0,5654.0,Home,Employed,18,Poor,0.3364,246098.0,0.0,Jasonland,NJ,Guyana,1.0,0,High
21,Male,High School,Married,105381.0,631.0,49073.0,Home,Employed,3,Good,0.483,294640.0,0.0,Perryport,ME,Cambodia,2.0,2,Medium
52,Male,PhD,Married,33065.0,634.0,48272.0,Home,Self-employed,13,Fair,0.3653,129573.0,2.0,Jeanhaven,MT,United States Minor Outlying Islands,1.0,1,Medium
55,Female,High School,Married,26800.0,731.0,46575.0,Home,Self-employed,17,Fair,0.2735,170870.0,4.0,North Ryan,TN,Iran,1.0,0,Low
61,Non-binary,PhD,Widowed,21620.0,760.0,21882.0,Auto,Self-employed,7,Fair,0.2227,121171.0,4.0,Cassandrachester,WV,Djibouti,0.0,1,Low
26,Male,High School,Married,39307.0,631.0,42994.0,Auto,Unemployed,19,Excellent,0.2391,143189.0,4.0,South Adam,DC,Portugal,2.0,2,Medium
48,Male,High School,Widowed,115001.0,652.0,25286.0,Personal,Unemployed,7,Excellent,0.366,63368.0,1.0,Wardton,UT,China,2.0,0,Low
66,Female,Bachelor's,Single,105641.0,768.0,35759.0,Auto,Employed,4,Poor,0.4572,290309.0,4.0,Port Paul,SD,Saint Helena,2.0,2,Low
18,Non-binary,Master's,Single,32501.0,789.0,28289.0,Personal,Unemployed,4,Poor,0.2039,251867.0,2.0,Turnerchester,ID,Qatar,1.0,1,Medium
25,Non-binary,Bachelor's,Widowed,78639.0,707.0,13554.0,Personal,Employed,17,Excellent,0.1776,271003.0,1.0,Port Theresaville,PW,Nauru,3.0,1,Medium
31,Female,Bachelor's,Married,60821.0,600.0,6571.0,Auto,Self-employed,15,Good,0.3585,56937.0,1.0,Port Keith,VT,Sweden,0.0,0,Low
36,Female,High School,Single,36108.0,654.0,47629.0,Personal,Employed,10,Excellent,0.5494,159077.0,2.0,South Gregory,MP,Albania,0.0,1,Low
45,Non-binary,PhD,Divorced,97755.0,714.0,47459.0,Business,Unemployed,4,Good,0.195,263004.0,1.0,Flemingbury,OK,Northern Mariana Islands,0.0,1,Low
58,Non-binary,Bachelor's,Divorced,72890.0,729.0,44683.0,Personal,Self-employed,15,Good,0.2051,43986.0,0.0,Munozmouth,AK,Mali,0.0,1,Low
57,Female,High School,Divorced,34987.0,677.0,7301.0,Personal,Employed,12,Poor,0.3934,160851.0,4.0,Navarroburgh,MH,Saint Vincent and the Grenadines,2.0,2,Medium
57,Male,PhD,Widowed,90030.0,690.0,43194.0,Business,Employed,12,Good,0.4446,124972.0,0.0,Priceview,TN,North Macedonia,0.0,0,High
59,Non-binary,Bachelor's,Married,102168.0,790.0,13869.0,Home,Employed,0,Poor,0.5837,166313.0,3.0,East Nathanhaven,MT,Tokelau,1.0,0,Low
34,Male,Bachelor's,Divorced,117686.0,701.0,30563.0,Personal,Self-employed,17,Good,0.5852,66595.0,4.0,New Josephshire,IA,Turkey,1.0,1,Low
18,Female,High School,Single,108602.0,799.0,5332.0,Auto,Employed,11,Poor,0.1869,76312.0,3.0,East Maria,LA,Grenada,4.0,2,Medium
64,Non-binary,High School,Divorced,80044.0,706.0,8392.0,Auto,Self-employed,6,Poor,0.5065,187417.0,4.0,Paulashire,KS,British Virgin Islands,2.0,0,Low
35,Non-binary,PhD,Divorced,31377.0,690.0,26570.0,Home,Unemployed,16,Good,0.4026,111597.0,3.0,West Michael,MO,Rwanda,0.0,0,Low
36,Female,Master's,Widowed,39750.0,649.0,12139.0,Auto,Employed,19,Fair,0.4058,106118.0,3.0,Erinton,SD,Belarus,2.0,2,High
46,Female,Bachelor's,Married,46671.0,791.0,12092.0,Auto,Employed,2,Fair,0.1209,105478.0,3.0,Susanmouth,VA,Mauritania,1.0,0,Low
53,Male,High School,Divorced,75210.0,629.0,46073.0,Auto,Self-employed,1,Poor,0.2528,150556.0,0.0,West Anthony,PW,Saint Martin,0.0,2,Medium
50,Female,Master's,Married,39623.0,782.0,9214.0,Home,Self-employed,3,Good,0.339,193342.0,2.0,North Peterfurt,CO,Turkey,0.0,0,Medium
37,Non-binary,Bachelor's,Widowed,65221.0,763.0,44264.0,Home,Unemployed,9,Excellent,0.302,196053.0,1.0,Lake Jonathan,KS,Anguilla,2.0,0,High
48,Non-binary,Bachelor's,Widowed,109364.0,668.0,15281.0,Auto,Unemployed,16,Good,0.1673,296493.0,3.0,East Jason,RI,Mauritania,2.0,0,Low
41,Female,PhD,Single,20185.0,670.0,37897.0,Business,Employed,8,Poor,0.3357,258954.0,1.0,Moraleschester,ID,Equatorial Guinea,4.0,0,Medium
45,Female,High School,Widowed,28469.0,635.0,27982.0,Home,Unemployed,1,Good,0.5769,168066.0,2.0,Lake Kelseymouth,PR,Ukraine,3.0,0,Low
43,Male,Bachelor's,Widowed,30002.0,614.0,36736.0,Home,Self-employed,16,Poor,0.4319,146180.0,3.0,Lake Jillport,FM,Isle of Man,1.0,0,Low
57,Female,Master's,Single,39121.0,641.0,40720.0,Auto,Unemployed,9,Fair,0.5551,142231.0,2.0,Port Sarahshire,AK,Western Sahara,3.0,0,High
33,Female,High School,Widowed,29033.0,648.0,42112.0,Personal,Self-employed,1,Excellent,0.3088,88385.0,1.0,Dawntown,AK,Serbia,2.0,2,Medium
67,Male,Master's,Married,70806.0,600.0,22018.0,Business,Self-employed,9,Good,0.4783,78437.0,2.0,Paynebury,MP,Vanuatu,3.0,0,Medium
35,Non-binary,High School,Widowed,80098.0,692.0,24119.0,Auto,Self-employed,16,Good,0.398,274489.0,0.0,Andrewborough,SC,Spain,2.0,1,Low
35,Male,Master's,Widowed,73812.0,735.0,6562.0,Home,Employed,0,Good,0.4793,153107.0,3.0,Lake Jermaineville,RI,United States Virgin Islands,2.0,0,Medium
55,Male,Master's,Divorced,56380.0,758.0,40216.0,Personal,Self-employed,6,Excellent,0.1497,179718.0,1.0,Riddleville,NM,Mexico,0.0,2,High
54,Male,High School,Divorced,117417.0,690.0,31631.0,Personal,Employed,8,Excellent,0.1087,115543.0,4.0,Lake Helenshire,FM,Anguilla,0.0,2,Low
52,Male,High School,Married,77872.0,761.0,23358.0,Business,Unemployed,19,Poor,0.1981,151650.0,4.0,Calderonberg,MS,Saint Kitts and Nevis,4.0,1,Medium
45,Non-binary,PhD,Married,36127.0,701.0,40624.0,Home,Employed,3,Excellent,0.4086,32098.0,3.0,Port Jerome,MS,Andorra,4.0,2,Medium
28,Female,Master's,Married,55985.0,683.0,43661.0,Personal,Employed,13,Fair,0.4354,247277.0,2.0,Kathleenmouth,WY,New Zealand,4.0,2,Low
28,Female,High School,Married,118979.0,777.0,38566.0,Home,Self-employed,2,Good,0.4085,75226.0,3.0,Jamesside,TX,Liberia,0.0,1,Low
18,Female,PhD,Widowed,104600.0,612.0,45506.0,Personal,Self-employed,2,Poor,0.3173,232364.0,4.0,Burnettmouth,FL,Congo,0.0,1,Low
27,Male,PhD,Married,100880.0,704.0,16656.0,Auto,Unemployed,13,Good,0.1501,121449.0,0.0,South Jonathanhaven,DE,Micronesia,3.0,1,Low
31,Female,Master's,Married,84796.0,670.0,42344.0,Home,Unemployed,3,Good,0.4859,173406.0,3.0,Villegasmouth,MP,Saint Helena,1.0,0,Low
45,Female,Bachelor's,Divorced,30935.0,668.0,29987.0,Auto,Self-employed,0,Good,0.4372,148136.0,3.0,Amberside,SC,Yemen,2.0,2,Medium
41,Non-binary,PhD,Single,106348.0,611.0,16284.0,Home,Employed,12,Good,0.2829,281924.0,0.0,Brownborough,SC,Kiribati,1.0,1,Low
60,Male,Bachelor's,Married,48805.0,737.0,13853.0,Business,Employed,6,Poor,0.2789,149468.0,0.0,West Michaelberg,AK,New Zealand,1.0,2,Low
32,Male,Bachelor's,Single,86473.0,758.0,22117.0,Auto,Unemployed,11,Good,0.1911,222848.0,4.0,West Catherineport,KS,Trinidad and Tobago,3.0,1,High
44,Non-binary,PhD,Widowed,98347.0,624.0,41759.0,Auto,Employed,13,Poor,0.1537,124813.0,4.0,Elizabethmouth,SC,Ecuador,0.0,1,High
53,Male,High School,Single,90345.0,779.0,23181.0,Home,Self-employed,12,Fair,0.2248,273425.0,0.0,Morgantown,SC,Gabon,1.0,1,Medium
64,Non-binary,Master's,Divorced,70325.0,762.0,48903.0,Business,Self-employed,18,Fair,0.1396,69319.0,4.0,West Deborah,MP,Christmas Island,0.0,1,Low
29,Female,High School,Single,31955.0,684.0,43989.0,Business,Unemployed,12,Poor,0.3398,93732.0,4.0,East Taylor,AZ,Cape Verde,2.0,2,Medium
49,Male,PhD,Single,41865.0,752.0,38445.0,Auto,Unemployed,19,Good,0.4679,23278.0,0.0,Lisaside,KS,Belgium,3.0,0,Medium
39,Male,Bachelor's,Single,114182.0,788.0,29990.0,Business,Self-employed,8,Excellent,0.4117,109842.0,4.0,Davisfort,AS,Andorra,4.0,0,Low
35,Non-binary,Bachelor's,Divorced,101454.0,762.0,16768.0,Personal,Unemployed,0,Poor,0.1618,59293.0,2.0,North Richard,VI,Azerbaijan,3.0,2,Medium
38,Female,PhD,Single,84736.0,750.0,40252.0,Business,Employed,0,Excellent,0.2967,106637.0,0.0,Sarahhaven,FL,Ghana,2.0,0,Low
43,Male,Master's,Single,78209.0,756.0,38755.0,Home,Unemployed,13,Fair,0.1386,194063.0,3.0,Ashleychester,OK,Bhutan,1.0,1,Low
38,Male,High School,Single,112064.0,688.0,10974.0,Home,Self-employed,15,Fair,0.3373,81989.0,4.0,Francishaven,NJ,Cape Verde,0.0,2,Medium
31,Male,High School,Widowed,82103.0,689.0,35465.0,Auto,Self-employed,16,Fair,0.591,297612.0,1.0,Mcguirestad,MS,Wallis and Futuna,1.0,2,Low
41,Female,High School,Married,52788.0,793.0,40354.0,Business,Employed,2,Poor,0.2698,160676.0,1.0,South Meganfort,WY,Haiti,3.0,2,Low
65,Non-binary,High School,Single,106934.0,663.0,6604.0,Business,Unemployed,15,Poor,0.3035,179799.0,4.0,North Steven,NJ,Hong Kong,0.0,2,High
34,Male,PhD,Single,109666.0,669.0,39599.0,Business,Unemployed,3,Poor,0.5045,204446.0,0.0,Veronicamouth,AS,Norway,1.0,0,Medium
50,Male,PhD,Widowed,26677.0,751.0,14708.0,Business,Employed,7,Good,0.5687,43175.0,2.0,South Michaelbury,SD,Namibia,2.0,1,Low
33,Non-binary,PhD,Married,77993.0,674.0,41634.0,Business,Employed,16,Poor,0.1845,297870.0,3.0,Port Hannah,CT,Mayotte,2.0,0,Medium
69,Male,PhD,Married,114440.0,793.0,7385.0,Home,Unemployed,4,Poor,0.2603,123055.0,4.0,Joshualand,NV,Mauritania,2.0,1,Medium
40,Male,Bachelor's,Widowed,23487.0,679.0,37928.0,Business,Employed,16,Good,0.5485,287466.0,1.0,Lake Angelashire,IA,South Africa,0.0,2,Low
57,Male,Bachelor's,Married,96202.0,614.0,35214.0,Business,Self-employed,2,Excellent,0.1051,83968.0,0.0,North Elizabethport,MT,Oman,0.0,2,Low
58,Female,High School,Widowed,69681.0,678.0,38486.0,Auto,Employed,5,Poor,0.3205,263478.0,1.0,Langfort,OR,Grenada,3.0,1,Medium
43,Female,High School,Single,61798.0,653.0,16048.0,Auto,Employed,5,Fair,0.4179,30769.0,1.0,Port Danielle,PR,Singapore,0.0,2,High
43,Male,Bachelor's,Married,115341.0,667.0,43640.0,Business,Employed,4,Good,0.5562,98873.0,0.0,Lake Caitlin,MO,South Africa,3.0,1,Low
38,Male,PhD,Widowed,84877.0,794.0,42741.0,Business,Employed,2,Good,0.1745,145375.0,0.0,South Dana,NM,Netherlands Antilles,1.0,1,Medium
44,Male,Master's,Married,91129.0,733.0,28923.0,Business,Self-employed,14,Poor,0.3594,167719.0,0.0,Krausestad,MO,Somalia,1.0,0,Medium
33,Female,PhD,Single,23260.0,675.0,32826.0,Home,Unemployed,15,Fair,0.5206,157830.0,2.0,Angelashire,KY,Montenegro,3.0,1,Low
68,Non-binary,PhD,Single,96028.0,628.0,33670.0,Auto,Employed,14,Excellent,0.2617,226070.0,4.0,Amandashire,MO,Nigeria,0.0,1,High
66,Male,Master's,Married,106181.0,791.0,41748.0,Personal,Self-employed,1,Good,0.1263,125555.0,0.0,Ericmouth,LA,Serbia,3.0,1,Medium
29,Male,Bachelor's,Widowed,44325.0,759.0,8667.0,Personal,Employed,17,Fair,0.1807,116520.0,4.0,Marieview,CO,Svalbard & Jan Mayen Islands,0.0,0,Medium
50,Non-binary,Bachelor's,Widowed,38243.0,768.0,6526.0,Home,Employed,11,Excellent,0.401,71650.0,3.0,Garciachester,MS,Samoa,1.0,2,Low
43,Male,High School,Single,50331.0,743.0,19996.0,Home,Unemployed,5,Fair,0.4479,125622.0,1.0,Beckview,IL,El Salvador,2.0,0,Medium
53,Male,Master's,Widowed,109622.0,644.0,19008.0,Business,Unemployed,13,Good,0.3484,113344.0,2.0,New Scottburgh,KY,Dominica,4.0,1,Low
26,Non-binary,High School,Single,46597.0,620.0,42293.0,Personal,Self-employed,7,Good,0.3547,137565.0,1.0,Thompsonborough,VA,Dominican Republic,2.0,0,Low
67,Non-binary,PhD,Widowed,117739.0,732.0,36335.0,Personal,Self-employed,18,Poor,0.5314,203932.0,4.0,West Brent,NE,Netherlands Antilles,2.0,0,Medium
60,Female,Master's,Divorced,72483.0,774.0,39729.0,Personal,Unemployed,5,Excellent,0.1292,203978.0,2.0,East Michelleland,DC,Russian Federation,4.0,1,High
67,Male,Bachelor's,Single,107340.0,722.0,17072.0,Business,Self-employed,18,Excellent,0.5238,44099.0,2.0,Dorothyshire,KS,Senegal,4.0,1,Medium
19,Female,Master's,Single,110502.0,655.0,39218.0,Auto,Self-employed,1,Good,0.4402,285565.0,3.0,Phillipsville,AL,Montserrat,4.0,0,Low
20,Female,High School,Widowed,37458.0,623.0,20297.0,Auto,Employed,14,Good,0.5155,265360.0,4.0,Cookeview,ID,Cocos (Keeling) Islands,3.0,1,Low
36,Female,Bachelor's,Divorced,79507.0,739.0,39825.0,Home,Unemployed,8,Fair,0.2667,114379.0,1.0,Baileyburgh,NY,Western Sahara,3.0,2,Low
41,Female,PhD,Widowed,78973.0,711.0,13293.0,Auto,Self-employed,10,Good,0.3122,168134.0,0.0,West Josehaven,MA,Sri Lanka,4.0,2,Low
66,Male,High School,Single,41292.0,627.0,38343.0,Home,Self-employed,8,Fair,0.5195,224860.0,4.0,Edwardshaven,KY,Guatemala,0.0,1,Low
60,Female,High School,Widowed,101259.0,635.0,5594.0,Personal,Self-employed,9,Excellent,0.1581,262368.0,3.0,Susanchester,PA,Angola,1.0,2,Medium
60,Non-binary,High School,Divorced,78017.0,689.0,5201.0,Business,Employed,16,Poor,0.2959,295670.0,2.0,Masseyshire,PW,Switzerland,1.0,1,Low
38,Non-binary,Master's,Widowed,104458.0,688.0,17609.0,Business,Self-employed,18,Fair,0.2393,245863.0,1.0,Jenniferstad,IA,Niger,4.0,2,Low
37,Male,Bachelor's,Widowed,63352.0,655.0,24531.0,Business,Unemployed,13,Poor,0.1177,141533.0,1.0,West Christopherland,GU,Ecuador,3.0,1,High
49,Non-binary,Bachelor's,Single,112995.0,617.0,8923.0,Auto,Unemployed,14,Good,0.405,277622.0,0.0,Phillipsburgh,NY,Gambia,0.0,0,Low
29,Non-binary,High School,Married,62213.0,719.0,16036.0,Personal,Self-employed,18,Fair,0.105,173093.0,4.0,New Marioberg,FM,Uzbekistan,0.0,1,Low
40,Non-binary,PhD,Married,45525.0,666.0,45392.0,Personal,Self-employed,8,Fair,0.2337,197435.0,2.0,Johnbury,OR,Vanuatu,0.0,2,Low
62,Male,PhD,Divorced,108568.0,798.0,15051.0,Home,Employed,4,Poor,0.1878,124685.0,2.0,Faithborough,WI,Spain,0.0,2,Medium
37,Male,PhD,Divorced,110859.0,736.0,6063.0,Business,Employed,4,Good,0.5077,264447.0,2.0,New Katelynview,ME,South Africa,0.0,1,Low
52,Male,PhD,Married,64852.0,602.0,43555.0,Personal,Self-employed,17,Excellent,0.3619,137653.0,0.0,Lauraton,NC,Australia,3.0,0,Low
62,Non-binary,High School,Single,90921.0,696.0,10535.0,Home,Unemployed,5,Poor,0.1314,38709.0,4.0,Barbaraberg,IA,Mozambique,1.0,0,Medium
19,Female,Master's,Widowed,48780.0,786.0,7825.0,Auto,Self-employed,17,Excellent,0.5359,41669.0,4.0,West Sara,PW,Madagascar,4.0,0,High
51,Female,PhD,Divorced,103336.0,748.0,38637.0,Auto,Employed,11,Excellent,0.142,130335.0,1.0,Mitchellmouth,MD,Timor-Leste,0.0,0,Low
59,Female,PhD,Divorced,113913.0,639.0,15709.0,Business,Unemployed,11,Poor,0.4396,275907.0,4.0,Douglasmouth,AZ,Antarctica (the territory South of 60 deg S),3.0,1,Low
66,Non-binary,High School,Single,21642.0,673.0,48939.0,Auto,Self-employed,11,Fair,0.193,196205.0,4.0,North Kristiside,CT,France,1.0,2,High
25,Non-binary,PhD,Widowed,93588.0,650.0,15620.0,Personal,Employed,7,Fair,0.3896,45571.0,2.0,Dawnfurt,IL,Reunion,0.0,1,Low
42,Male,Master's,Divorced,43500.0,648.0,5129.0,Auto,Self-employed,3,Excellent,0.1517,260707.0,0.0,Stanleyshire,WV,United Arab Emirates,2.0,1,Medium
21,Male,PhD,Single,97366.0,728.0,22118.0,Auto,Self-employed,2,Excellent,0.5294,117000.0,1.0,Heatherchester,MT,Guadeloupe,1.0,1,Low
44,Non-binary,Bachelor's,Widowed,44450.0,724.0,7177.0,Personal,Employed,18,Good,0.3584,237624.0,4.0,Lake Timothyland,PW,Azerbaijan,1.0,0,Low
55,Male,Master's,Widowed,61423.0,739.0,21659.0,Business,Unemployed,1,Fair,0.2662,130013.0,3.0,Greenstad,AS,Guinea,1.0,0,Low
63,Female,Master's,Widowed,49511.0,685.0,23149.0,Auto,Employed,12,Good,0.4068,281074.0,1.0,Deniseshire,NJ,Grenada,1.0,0,High
43,Non-binary,PhD,Widowed,33587.0,731.0,23707.0,Home,Employed,3,Poor,0.3688,235831.0,2.0,Larsontown,VT,El Salvador,1.0,0,Low
36,Non-binary,Bachelor's,Widowed,70050.0,684.0,16260.0,Personal,Unemployed,17,Poor,0.2491,280121.0,0.0,Marcofort,HI,Niger,2.0,1,Medium
58,Non-binary,Bachelor's,Single,25461.0,768.0,24419.0,Auto,Self-employed,4,Good,0.5878,167155.0,1.0,Choiberg,WI,Namibia,3.0,0,High
28,Non-binary,PhD,Single,72025.0,746.0,37953.0,Personal,Unemployed,5,Good,0.5993,124742.0,2.0,Henryfurt,NE,Panama,4.0,1,Medium
19,Male,High School,Single,103298.0,756.0,28584.0,Personal,Employed,17,Fair,0.2584,72929.0,0.0,Bakerburgh,MA,Egypt,2.0,1,Medium
63,Non-binary,Bachelor's,Widowed,114200.0,606.0,29329.0,Personal,Unemployed,16,Excellent,0.3578,146348.0,4.0,Timothyborough,GU,Cameroon,4.0,2,Medium
46,Female,High School,Single,67404.0,783.0,26008.0,Personal,Employed,8,Fair,0.3035,171597.0,3.0,Lindaville,IN,Georgia,2.0,1,Medium
21,Male,PhD,Married,35362.0,755.0,11546.0,Auto,Self-employed,17,Poor,0.4087,175675.0,0.0,Kevinbury,GA,Bouvet Island (Bouvetoya),2.0,2,Medium
49,Female,High School,Married,118279.0,685.0,44812.0,Home,Self-employed,11,Fair,0.3389,193205.0,0.0,Port Tina,MI,Nauru,2.0,2,Low
54,Male,Master's,Divorced,104559.0,737.0,11703.0,Personal,Employed,12,Good,0.3375,276912.0,2.0,Perryhaven,SC,Colombia,1.0,0,Medium
22,Non-binary,High School,Divorced,66384.0,714.0,34477.0,Auto,Unemployed,2,Excellent,0.5449,139286.0,3.0,East Heidi,CA,Estonia,1.0,1,Medium
24,Female,PhD,Divorced,81134.0,675.0,35068.0,Home,Self-employed,14,Good,0.2221,190284.0,1.0,New Daniel,SC,Pakistan,4.0,1,Medium
34,Male,PhD,Single,69546.0,701.0,35235.0,Business,Employed,11,Poor,0.4872,170083.0,1.0,Michelleton,MS,Netherlands,1.0,1,Low
69,Female,Master's,Married,31171.0,650.0,47262.0,Auto,Self-employed,12,Excellent,0.4891,228830.0,1.0,Krauseburgh,OH,Kuwait,1.0,2,Low
25,Female,Bachelor's,Married,71030.0,704.0,38907.0,Business,Self-employed,16,Poor,0.4043,290515.0,1.0,Rosschester,MS,Belize,2.0,2,Low
55,Female,Master's,Single,69545.0,621.0,17473.0,Home,Employed,1,Good,0.5861,66718.0,2.0,New Dawn,OR,Sierra Leone,2.0,2,Medium
57,Male,Master's,Divorced,78916.0,604.0,9993.0,Business,Unemployed,18,Excellent,0.5511,225108.0,1.0,Phamview,NH,Slovakia (Slovak Republic),2.0,2,Medium
51,Male,Bachelor's,Single,47075.0,742.0,21389.0,Auto,Self-employed,2,Fair,0.3866,21736.0,2.0,Parkfort,TX,Western Sahara,2.0,2,Low
34,Female,Bachelor's,Widowed,77888.0,676.0,20200.0,Personal,Unemployed,0,Good,0.5029,152883.0,0.0,East Chelsea,MA,Djibouti,4.0,2,Medium
57,Male,High School,Married,55843.0,744.0,36259.0,Home,Unemployed,1,Poor,0.5548,41227.0,1.0,Deborahville,UT,Yemen,1.0,0,Low
61,Female,PhD,Widowed,87703.0,607.0,24188.0,Business,Self-employed,7,Excellent,0.3652,202499.0,2.0,Sandovalview,CT,Grenada,3.0,0,Low
26,Non-binary,Bachelor's,Widowed,110185.0,789.0,6871.0,Auto,Employed,7,Poor,0.5287,152964.0,1.0,Gordonmouth,DC,Kiribati,4.0,2,Medium
30,Non-binary,High School,Married,39309.0,752.0,24916.0,Home,Unemployed,17,Fair,0.2751,209791.0,0.0,Mcfarlandton,IN,Algeria,2.0,0,High
43,Male,Bachelor's,Widowed,53241.0,745.0,41564.0,Home,Self-employed,5,Fair,0.283,141762.0,2.0,Adamsmouth,VI,Argentina,1.0,2,Low
66,Male,PhD,Married,81274.0,638.0,33375.0,Personal,Unemployed,13,Poor,0.4313,173738.0,2.0,New Stacy,MA,South Africa,1.0,2,Low
40,Female,Bachelor's,Divorced,50340.0,604.0,40196.0,Business,Employed,8,Good,0.1201,288367.0,0.0,Port Stevenburgh,OK,Cayman Islands,1.0,2,Low
54,Female,PhD,Widowed,118598.0,719.0,38460.0,Business,Employed,16,Fair,0.502,216857.0,3.0,West Angelhaven,MA,Bangladesh,2.0,0,Low
47,Female,Master's,Divorced,78735.0,769.0,46961.0,Business,Self-employed,5,Good,0.5012,255263.0,0.0,Angelicafurt,TN,Colombia,1.0,0,Low
64,Male,High School,Widowed,119500.0,725.0,47174.0,Business,Self-employed,19,Excellent,0.5534,235087.0,2.0,Jamesfort,LA,Uganda,4.0,0,Low
29,Non-binary,High School,Single,66580.0,614.0,7325.0,Home,Unemployed,11,Fair,0.1631,48605.0,3.0,Butlerberg,MO,Costa Rica,2.0,0,High
57,Female,High School,Divorced,30935.0,656.0,28484.0,Auto,Employed,9,Excellent,0.3881,240299.0,2.0,South Daniel,WY,Mayotte,2.0,2,Medium
28,Non-binary,High School,Widowed,92323.0,776.0,41615.0,Personal,Employed,12,Good,0.5779,221392.0,2.0,Bautistaport,ID,Lao People's Democratic Republic,2.0,1,Low
56,Female,PhD,Married,42066.0,654.0,9110.0,Home,Self-employed,17,Poor,0.1637,167220.0,4.0,West Colin,UT,French Polynesia,4.0,0,Medium
30,Male,Master's,Married,102246.0,646.0,22428.0,Auto,Self-employed,9,Good,0.2835,203817.0,4.0,Port Johnbury,GU,Belize,3.0,1,Medium
56,Female,PhD,Single,32467.0,722.0,18656.0,Home,Employed,2,Fair,0.5315,126294.0,3.0,Port Jonathanmouth,AS,Bosnia and Herzegovina,2.0,1,Medium
64,Non-binary,Bachelor's,Single,89086.0,794.0,7698.0,Home,Self-employed,8,Fair,0.3422,33371.0,0.0,North Brian,PW,Antigua and Barbuda,0.0,0,Medium
36,Female,PhD,Widowed,51989.0,701.0,40864.0,Business,Unemployed,9,Poor,0.1727,53090.0,2.0,Vanessaview,MT,Luxembourg,2.0,1,Medium
64,Female,Master's,Married,112407.0,684.0,20503.0,Auto,Employed,17,Good,0.2214,221056.0,2.0,Mooreborough,SC,Thailand,1.0,1,Low
53,Non-binary,Bachelor's,Single,59536.0,745.0,19166.0,Home,Unemployed,19,Poor,0.1125,237895.0,1.0,South Codyland,MP,Tajikistan,4.0,0,Low
61,Non-binary,High School,Divorced,33860.0,630.0,20505.0,Business,Self-employed,2,Fair,0.1087,164817.0,0.0,Jocelynborough,NY,Cameroon,0.0,2,Medium
18,Non-binary,Master's,Married,39965.0,612.0,32359.0,Personal,Self-employed,11,Poor,0.3384,163469.0,1.0,Emmaburgh,PA,Guam,2.0,2,Medium
24,Male,High School,Widowed,75598.0,630.0,7519.0,Home,Unemployed,6,Poor,0.5063,244860.0,2.0,East Geraldfurt,MP,Rwanda,1.0,0,Low
18,Female,Bachelor's,Widowed,91819.0,653.0,46360.0,Home,Self-employed,11,Excellent,0.5055,155063.0,3.0,Mitchellborough,CO,Cuba,1.0,0,Low
18,Female,Bachelor's,Widowed,83436.0,688.0,36568.0,Business,Employed,13,Fair,0.1803,153571.0,2.0,Marisaview,VT,North Macedonia,3.0,2,Medium
43,Male,Bachelor's,Widowed,54256.0,786.0,11162.0,Home,Employed,17,Poor,0.5282,113184.0,2.0,Hernandezville,MA,Saint Barthelemy,0.0,0,Low
67,Female,High School,Married,95207.0,649.0,13705.0,Auto,Self-employed,17,Excellent,0.3226,29689.0,1.0,East Jonathan,AR,Cameroon,4.0,2,Low
18,Female,High School,Single,103391.0,655.0,16659.0,Home,Unemployed,16,Poor,0.292,219512.0,0.0,Craigville,PW,Rwanda,3.0,1,High
44,Male,High School,Single,44668.0,707.0,12930.0,Home,Unemployed,13,Fair,0.5715,267676.0,2.0,South Jane,NE,Paraguay,0.0,1,Low
38,Non-binary,PhD,Widowed,92179.0,615.0,22546.0,Home,Unemployed,0,Poor,0.3669,216296.0,2.0,New Calebhaven,TN,Croatia,4.0,2,Low
38,Male,High School,Married,59305.0,797.0,35495.0,Auto,Self-employed,6,Poor,0.4208,124669.0,2.0,Micheleville,DE,Jamaica,1.0,1,Low
21,Female,Master's,Single,115148.0,769.0,40868.0,Personal,Unemployed,10,Fair,0.4419,124984.0,4.0,Villarrealville,NV,Suriname,1.0,1,Low
30,Female,High School,Divorced,39928.0,699.0,16936.0,Auto,Unemployed,2,Fair,0.3123,281975.0,1.0,Stewartland,TX,Marshall Islands,4.0,1,Low
68,Female,Master's,Single,52121.0,789.0,44980.0,Auto,Employed,6,Poor,0.1881,244624.0,2.0,Butlerborough,TX,France,2.0,1,Low
21,Female,Master's,Widowed,54227.0,682.0,23780.0,Personal,Employed,3,Poor,0.1829,203745.0,2.0,Devinstad,NY,Uganda,2.0,2,Low
61,Male,PhD,Married,109147.0,721.0,30156.0,Personal,Self-employed,14,Poor,0.3757,164222.0,1.0,Ramirezland,AK,French Guiana,4.0,2,Low
52,Female,Bachelor's,Single,74086.0,771.0,8557.0,Business,Self-employed,3,Fair,0.2626,239275.0,0.0,Simpsonfort,WI,Croatia,0.0,0,Medium
48,Male,Master's,Widowed,53701.0,647.0,26997.0,Personal,Self-employed,4,Excellent,0.1363,299014.0,1.0,Carolburgh,VI,Slovenia,2.0,1,Low
42,Male,High School,Divorced,69573.0,604.0,36281.0,Business,Unemployed,12,Poor,0.5339,220136.0,0.0,Lake Taylormouth,KY,Paraguay,4.0,1,Medium
21,Female,High School,Divorced,99149.0,673.0,18384.0,Auto,Unemployed,0,Fair,0.1886,146941.0,0.0,Martintown,WI,Western Sahara,2.0,2,Medium
63,Male,Master's,Single,106649.0,645.0,29395.0,Auto,Self-employed,6,Poor,0.2663,152983.0,1.0,Kevinmouth,NC,Niue,4.0,0,Medium
59,Male,PhD,Divorced,93185.0,673.0,21212.0,Business,Unemployed,18,Fair,0.224,136026.0,1.0,South Wendystad,VI,Norfolk Island,3.0,0,Low
30,Male,High School,Divorced,107630.0,657.0,27776.0,Personal,Self-employed,18,Poor,0.5159,143800.0,4.0,Lake Martin,UT,Jordan,1.0,1,Medium
39,Non-binary,Bachelor's,Widowed,92776.0,770.0,24945.0,Auto,Employed,11,Fair,0.3001,292413.0,1.0,Lake Meghanberg,WY,French Guiana,2.0,2,Low
24,Non-binary,Bachelor's,Married,104046.0,644.0,41595.0,Business,Self-employed,6,Fair,0.4122,241007.0,0.0,New Hollyview,TX,Ukraine,4.0,2,Low
45,Female,PhD,Single,83220.0,660.0,12973.0,Home,Self-employed,12,Good,0.1207,204886.0,3.0,Port Philipmouth,MI,Djibouti,2.0,0,Low
37,Female,Master's,Widowed,63341.0,643.0,33999.0,Business,Self-employed,17,Fair,0.2625,71710.0,3.0,Jonesstad,VI,Uganda,1.0,2,Medium
58,Female,High School,Divorced,103094.0,691.0,12028.0,Personal,Employed,6,Fair,0.5498,207924.0,3.0,West Cindyfort,IL,Georgia,1.0,0,Medium
52,Female,Master's,Married,30372.0,643.0,28451.0,Home,Self-employed,4,Excellent,0.415,189136.0,3.0,Lake Denise,WY,Aruba,3.0,0,Low
67,Female,High School,Divorced,95998.0,748.0,47430.0,Personal,Employed,3,Good,0.1903,273263.0,2.0,Lake Charles,UT,Turkey,0.0,0,High
51,Male,Bachelor's,Married,22766.0,774.0,44307.0,Home,Unemployed,16,Poor,0.2671,212794.0,2.0,Port Tammy,TX,Somalia,1.0,2,Medium
28,Female,PhD,Widowed,94967.0,620.0,20386.0,Home,Unemployed,12,Excellent,0.1834,181280.0,4.0,Littlemouth,GA,North Macedonia,4.0,1,Low
49,Male,Master's,Widowed,66901.0,729.0,6725.0,Personal,Employed,7,Fair,0.1117,71557.0,2.0,East Tamitown,KY,Slovakia (Slovak Republic),2.0,1,Low
35,Non-binary,Master's,Widowed,82805.0,654.0,40031.0,Business,Employed,9,Poor,0.5183,290927.0,4.0,Port Melissa,HI,United Kingdom,3.0,1,Low
56,Female,Master's,Married,105970.0,785.0,20876.0,Business,Unemployed,6,Excellent,0.2935,244024.0,2.0,Fisherfurt,KY,Jamaica,2.0,0,Low
64,Non-binary,PhD,Divorced,43485.0,734.0,25878.0,Auto,Employed,4,Excellent,0.516,120485.0,2.0,West Gerald,OH,Gambia,3.0,2,Low
27,Non-binary,Master's,Widowed,51212.0,775.0,10044.0,Business,Unemployed,8,Excellent,0.5759,94067.0,2.0,North Cameronmouth,AS,Ethiopia,0.0,2,Medium
64,Male,Bachelor's,Widowed,53236.0,682.0,14357.0,Home,Employed,8,Good,0.362,74199.0,2.0,West Linda,NM,Palau,4.0,2,Low
69,Female,Bachelor's,Single,26566.0,795.0,15385.0,Business,Unemployed,2,Excellent,0.1466,298416.0,3.0,Danielletown,MI,Liechtenstein,3.0,1,Low
67,Non-binary,Bachelor's,Married,57538.0,759.0,45957.0,Auto,Employed,3,Good,0.501,144912.0,0.0,Lake Baileychester,VI,Paraguay,4.0,1,Low
67,Male,PhD,Divorced,98349.0,688.0,23761.0,Home,Unemployed,17,Excellent,0.4693,266870.0,0.0,North Amanda,NY,Morocco,4.0,0,Low
48,Female,Master's,Widowed,38642.0,698.0,11524.0,Auto,Unemployed,2,Good,0.3735,294140.0,3.0,East Cheryl,MI,United Kingdom,3.0,2,Low
60,Non-binary,High School,Single,107102.0,749.0,22557.0,Business,Self-employed,7,Poor,0.1229,275745.0,3.0,Kimberlyside,FM,Heard Island and McDonald Islands,3.0,1,Low
23,Female,High School,Single,110724.0,746.0,6011.0,Auto,Self-employed,9,Good,0.3612,36257.0,1.0,New Kimberly,SD,Nauru,3.0,2,Low
19,Non-binary,Bachelor's,Married,71534.0,786.0,19705.0,Business,Unemployed,10,Poor,0.2566,107324.0,3.0,New Christine,KY,Christmas Island,2.0,1,Low
38,Non-binary,High School,Widowed,104084.0,609.0,42676.0,Auto,Employed,7,Poor,0.4947,225516.0,1.0,Oliviaport,NH,French Polynesia,0.0,1,Low
62,Non-binary,Bachelor's,Single,36163.0,667.0,26940.0,Business,Unemployed,14,Good,0.2774,217694.0,4.0,Hoovermouth,VI,Botswana,0.0,1,Medium
20,Male,Master's,Married,68155.0,641.0,10976.0,Business,Self-employed,1,Excellent,0.4937,285175.0,2.0,Port Heathertown,OK,Ukraine,4.0,2,Low
34,Male,High School,Single,100977.0,705.0,6563.0,Business,Self-employed,6,Fair,0.1974,123530.0,4.0,Port Kylemouth,VA,Bouvet Island (Bouvetoya),3.0,2,Medium
64,Male,PhD,Widowed,94426.0,711.0,28099.0,Home,Self-employed,17,Good,0.1441,109365.0,0.0,South Courtneyside,MP,Cuba,3.0,0,Medium
19,Non-binary,PhD,Divorced,69002.0,750.0,20783.0,Business,Unemployed,1,Excellent,0.5371,252825.0,1.0,West Beverly,OR,Lebanon,0.0,0,Low
28,Non-binary,Master's,Married,86553.0,678.0,10544.0,Auto,Unemployed,2,Fair,0.1699,149372.0,3.0,Ellisside,NC,Tuvalu,2.0,1,Low
21,Male,Bachelor's,Widowed,65706.0,615.0,32775.0,Auto,Unemployed,4,Fair,0.1503,193065.0,3.0,Wilsonmouth,NC,El Salvador,3.0,0,Low
57,Female,Master's,Single,26674.0,747.0,18331.0,Business,Employed,5,Poor,0.3959,140640.0,4.0,Timothyton,VA,Tunisia,2.0,0,Medium
40,Female,Master's,Single,69040.0,682.0,49344.0,Personal,Self-employed,11,Poor,0.3396,34732.0,2.0,Jerryborough,MA,Saint Helena,3.0,2,Medium
59,Male,PhD,Widowed,43731.0,785.0,36107.0,Home,Self-employed,10,Poor,0.5989,166812.0,2.0,South Charles,NC,Vanuatu,0.0,0,Low
56,Female,High School,Single,90540.0,717.0,36175.0,Business,Unemployed,2,Fair,0.4257,279568.0,2.0,Davidport,VT,Martinique,2.0,0,Low
56,Non-binary,Bachelor's,Married,27546.0,742.0,22015.0,Auto,Employed,1,Fair,0.4092,224150.0,1.0,Erinborough,FM,Palestinian Territory,2.0,1,Medium
47,Female,PhD,Single,81526.0,623.0,20970.0,Auto,Self-employed,10,Excellent,0.1092,254961.0,4.0,Jeremyton,VA,Albania,4.0,1,Low
63,Non-binary,High School,Married,54571.0,653.0,37862.0,Auto,Unemployed,9,Fair,0.5374,144914.0,4.0,Beanmouth,MN,Estonia,2.0,2,Low
55,Non-binary,High School,Married,104462.0,623.0,29825.0,Home,Self-employed,4,Fair,0.1107,126432.0,1.0,South Andrew,CA,Uganda,2.0,1,Medium
18,Male,Master's,Widowed,28758.0,688.0,45214.0,Auto,Employed,12,Excellent,0.3731,250275.0,4.0,Conradside,TN,Bangladesh,3.0,1,Low
64,Male,Bachelor's,Single,70241.0,735.0,24082.0,Home,Unemployed,3,Poor,0.2564,182365.0,4.0,Mckeeburgh,OH,Bermuda,0.0,2,Low
45,Female,Master's,Widowed,110027.0,794.0,7917.0,Personal,Self-employed,11,Fair,0.2551,106182.0,1.0,North Madelinemouth,CT,Estonia,3.0,1,Low
52,Non-binary,Master's,Married,111190.0,707.0,33980.0,Personal,Employed,0,Fair,0.3203,111757.0,2.0,Thompsonville,CA,United Kingdom,2.0,2,Low
56,Female,PhD,Widowed,63835.0,739.0,6294.0,Personal,Unemployed,11,Fair,0.1864,289269.0,4.0,Riosview,UT,Ireland,4.0,0,Low
54,Non-binary,Bachelor's,Single,29114.0,659.0,37021.0,Personal,Unemployed,18,Poor,0.2509,42391.0,3.0,Kristenhaven,FM,Macao,3.0,2,Low
66,Male,Master's,Widowed,37545.0,747.0,9919.0,Business,Unemployed,1,Good,0.2579,180382.0,3.0,Dixonview,GU,British Indian Ocean Territory (Chagos Archipelago),2.0,0,Low
60,Female,PhD,Single,44671.0,666.0,41510.0,Personal,Self-employed,17,Excellent,0.3991,194662.0,4.0,Port Nicole,DE,Gabon,4.0,0,Medium
32,Non-binary,Bachelor's,Widowed,92613.0,657.0,25246.0,Home,Self-employed,18,Good,0.2375,209605.0,3.0,Lake Michael,MS,Bouvet Island (Bouvetoya),4.0,2,Low
69,Female,Master's,Divorced,98819.0,777.0,27188.0,Business,Employed,6,Good,0.1725,247889.0,4.0,Cunninghamview,CT,Macao,1.0,1,Medium
18,Male,Bachelor's,Single,49607.0,717.0,23696.0,Auto,Employed,18,Good,0.2862,272816.0,2.0,Weekston,NV,Venezuela,0.0,2,Low
64,Non-binary,High School,Divorced,77402.0,693.0,32287.0,Auto,Employed,6,Fair,0.2204,211500.0,2.0,Jeanetteport,IA,Lesotho,2.0,1,Medium
35,Male,High School,Widowed,30058.0,728.0,38007.0,Home,Unemployed,16,Good,0.3121,194985.0,2.0,Rogersstad,MO,United Kingdom,1.0,2,Medium
40,Female,PhD,Divorced,113949.0,720.0,42711.0,Auto,Unemployed,2,Poor,0.4215,255839.0,2.0,Ashleybury,MA,British Virgin Islands,3.0,1,Low
29,Female,Bachelor's,Widowed,40886.0,710.0,10286.0,Personal,Unemployed,8,Fair,0.1008,147291.0,4.0,Rushton,AL,Nauru,3.0,1,Low
46,Female,Bachelor's,Married,87551.0,791.0,49066.0,Home,Employed,13,Poor,0.4802,234639.0,3.0,Port Amy,ID,Paraguay,1.0,0,Low
33,Male,High School,Widowed,99304.0,624.0,41842.0,Personal,Employed,13,Good,0.2514,273272.0,1.0,East Tylershire,FM,Japan,1.0,1,Low
49,Male,PhD,Widowed,92307.0,713.0,37700.0,Personal,Unemployed,9,Excellent,0.4458,92061.0,4.0,Westville,SC,Saint Martin,0.0,2,Medium
57,Non-binary,PhD,Single,72755.0,751.0,23476.0,Personal,Employed,0,Good,0.3613,290078.0,3.0,Christopherberg,AR,Mozambique,3.0,1,Low
52,Male,High School,Widowed,83328.0,630.0,45422.0,Auto,Unemployed,2,Poor,0.5361,214950.0,2.0,North Shannon,DE,Brunei Darussalam,3.0,2,Low
47,Male,PhD,Married,48502.0,724.0,26575.0,Home,Employed,4,Poor,0.2872,160690.0,0.0,Jessicaville,DC,Cameroon,0.0,1,Low
42,Non-binary,PhD,Married,103785.0,647.0,8547.0,Business,Self-employed,17,Fair,0.2728,40192.0,2.0,Elizabethburgh,GA,Georgia,1.0,1,Low
56,Non-binary,Master's,Married,24714.0,644.0,24870.0,Personal,Unemployed,4,Good,0.5648,227628.0,2.0,Farmerview,FM,Aruba,2.0,1,Medium
36,Female,Master's,Widowed,25818.0,693.0,26160.0,Business,Unemployed,18,Fair,0.4186,77508.0,2.0,Leslietown,NJ,Cote d'Ivoire,1.0,2,Low
52,Male,High School,Single,23078.0,727.0,29131.0,Business,Self-employed,9,Fair,0.4267,28297.0,4.0,Daviston,PR,Iraq,0.0,0,Low
26,Male,Master's,Divorced,25521.0,793.0,12574.0,Auto,Unemployed,3,Excellent,0.2491,156450.0,3.0,North Christopher,PA,Myanmar,0.0,2,High
64,Female,High School,Divorced,111963.0,734.0,20300.0,Auto,Unemployed,7,Poor,0.3906,137461.0,3.0,South William,DC,Nigeria,0.0,1,Low
56,Non-binary,PhD,Widowed,46799.0,716.0,46983.0,Personal,Unemployed,5,Poor,0.4701,155237.0,4.0,South Philip,NJ,Samoa,3.0,0,Medium
37,Male,High School,Single,29764.0,686.0,35467.0,Auto,Self-employed,9,Good,0.2492,161659.0,1.0,Port Ralphhaven,ME,France,4.0,0,High
38,Non-binary,Master's,Single,35600.0,628.0,25517.0,Personal,Employed,6,Fair,0.4815,270148.0,2.0,North Jasonville,IA,Antarctica (the territory South of 60 deg S),4.0,1,Low
55,Male,Bachelor's,Widowed,106940.0,679.0,9819.0,Personal,Employed,4,Poor,0.3982,155589.0,4.0,Mcleanville,ID,United Arab Emirates,3.0,2,Low
45,Non-binary,Bachelor's,Divorced,64456.0,743.0,46099.0,Auto,Employed,15,Excellent,0.165,54806.0,1.0,Janiceland,MI,Sao Tome and Principe,0.0,1,High
37,Female,Master's,Divorced,25310.0,777.0,6158.0,Home,Employed,7,Poor,0.12,257352.0,1.0,Davidville,AS,Uruguay,0.0,0,Low
42,Non-binary,Master's,Single,109891.0,753.0,22426.0,Personal,Unemployed,0,Excellent,0.3538,55701.0,3.0,West Natalie,NH,Myanmar,0.0,2,Low
25,Female,Master's,Married,33222.0,673.0,49390.0,Home,Unemployed,8,Excellent,0.1368,86740.0,4.0,Port Ricardoberg,UT,Czech Republic,2.0,2,Low
47,Female,PhD,Divorced,113012.0,796.0,8560.0,Business,Self-employed,7,Poor,0.1982,186122.0,0.0,New Caleb,NM,Bahrain,3.0,2,Low
66,Non-binary,High School,Married,45622.0,687.0,20362.0,Personal,Self-employed,18,Good,0.5723,115345.0,1.0,Millsmouth,HI,Azerbaijan,0.0,0,Low
56,Non-binary,Bachelor's,Divorced,39575.0,745.0,26946.0,Home,Unemployed,17,Good,0.4777,289097.0,2.0,Port Lisa,RI,Canada,4.0,0,Medium
66,Non-binary,High School,Single,74604.0,652.0,32030.0,Home,Unemployed,1,Good,0.4705,57873.0,2.0,South Michele,NE,Bahrain,2.0,0,Low
19,Non-binary,PhD,Married,42791.0,707.0,14744.0,Business,Employed,14,Good,0.4069,186511.0,2.0,Johnsontown,HI,Yemen,4.0,1,Low
42,Male,Master's,Widowed,33351.0,739.0,45294.0,Auto,Self-employed,14,Good,0.3798,288481.0,0.0,South Annestad,OK,Hungary,0.0,0,Medium
45,Female,PhD,Divorced,20929.0,648.0,40027.0,Personal,Unemployed,10,Good,0.5106,116801.0,0.0,Duffytown,MP,Liberia,0.0,1,Low
36,Female,High School,Divorced,55191.0,666.0,22986.0,Business,Unemployed,14,Fair,0.4849,39696.0,1.0,Sheachester,CT,Hungary,2.0,2,Low
31,Male,Master's,Single,26544.0,686.0,48827.0,Personal,Employed,1,Poor,0.5037,261872.0,0.0,Morganstad,KS,Switzerland,4.0,2,Low
56,Male,PhD,Married,93501.0,732.0,32703.0,Personal,Unemployed,1,Fair,0.4678,205766.0,1.0,Port Jean,SD,Fiji,3.0,2,Low
43,Male,High School,Single,68536.0,648.0,46547.0,Business,Self-employed,17,Excellent,0.2331,168471.0,3.0,North Hannah,IA,American Samoa,1.0,0,Medium
20,Non-binary,Master's,Widowed,61400.0,796.0,35239.0,Home,Employed,8,Fair,0.2288,273249.0,1.0,Shermanshire,AK,Christmas Island,1.0,2,Low
60,Female,Bachelor's,Single,116421.0,687.0,40243.0,Auto,Self-employed,11,Poor,0.3253,204050.0,1.0,East Wendy,DC,South Georgia and the South Sandwich Islands,3.0,2,Low
69,Male,Bachelor's,Single,33432.0,693.0,8033.0,Home,Self-employed,6,Good,0.5366,199596.0,0.0,East Sheryltown,VI,Togo,0.0,0,Low
48,Female,Bachelor's,Divorced,41661.0,679.0,14003.0,Home,Unemployed,4,Fair,0.237,254248.0,2.0,Tonyatown,WA,Germany,1.0,2,Low
49,Non-binary,Bachelor's,Widowed,90233.0,765.0,47852.0,Auto,Employed,1,Excellent,0.531,134253.0,1.0,Brownchester,LA,Benin,4.0,2,Low
58,Non-binary,High School,Widowed,111145.0,607.0,22335.0,Business,Unemployed,19,Good,0.5466,231688.0,2.0,Hartfurt,FL,Burundi,2.0,0,High
66,Male,High School,Single,47215.0,697.0,14145.0,Auto,Self-employed,1,Good,0.1938,276596.0,3.0,North Antonioport,AR,Bahamas,1.0,0,Low
48,Female,PhD,Divorced,65594.0,653.0,14737.0,Personal,Self-employed,5,Poor,0.2481,237316.0,4.0,South Debbie,WY,Nicaragua,4.0,1,High
51,Non-binary,High School,Married,47655.0,646.0,30282.0,Home,Employed,12,Good,0.4259,27106.0,1.0,Morganshire,GU,Comoros,2.0,0,Medium
55,Non-binary,Bachelor's,Single,83288.0,727.0,18137.0,Home,Employed,19,Fair,0.1847,37779.0,4.0,West Eric,AL,Gambia,1.0,1,High
46,Female,PhD,Married,100198.0,662.0,22267.0,Business,Unemployed,3,Good,0.178,99140.0,4.0,North Mary,FM,Vietnam,1.0,2,Low
20,Non-binary,Master's,Single,103279.0,727.0,32993.0,Home,Self-employed,0,Poor,0.3789,283771.0,3.0,North Roberta,OH,Nepal,4.0,1,Low
34,Male,Bachelor's,Divorced,32938.0,695.0,32817.0,Personal,Self-employed,17,Fair,0.1381,149928.0,3.0,Lewisborough,MH,Cambodia,1.0,1,Low
42,Non-binary,High School,Widowed,84079.0,723.0,16879.0,Auto,Self-employed,2,Good,0.4099,178919.0,4.0,Simmonsfurt,MA,Togo,0.0,1,Low
52,Male,High School,Single,41643.0,674.0,32487.0,Personal,Employed,1,Excellent,0.547,156682.0,1.0,Roseborough,CO,Jersey,3.0,0,Medium
20,Male,PhD,Divorced,71044.0,773.0,6383.0,Business,Employed,3,Good,0.4913,125569.0,4.0,North Gregory,DC,Guinea-Bissau,0.0,1,Low
29,Non-binary,PhD,Widowed,71588.0,659.0,12921.0,Business,Unemployed,0,Fair,0.5048,200989.0,4.0,Crystalton,TX,Mongolia,1.0,0,Medium
39,Male,High School,Single,103845.0,721.0,18686.0,Auto,Self-employed,14,Good,0.2913,185196.0,1.0,Garciaborough,MT,Chad,1.0,2,Low
46,Non-binary,Bachelor's,Single,21861.0,678.0,33820.0,Home,Unemployed,13,Good,0.2887,282396.0,4.0,Maryside,NV,Lithuania,3.0,2,Medium
21,Non-binary,Master's,Divorced,66873.0,688.0,11140.0,Auto,Unemployed,15,Good,0.4247,219075.0,0.0,Jensenshire,MH,Tunisia,2.0,0,Medium
43,Male,Master's,Married,117616.0,693.0,29102.0,Personal,Unemployed,7,Poor,0.3867,255344.0,4.0,Kevinmouth,ID,Egypt,4.0,1,Low
35,Non-binary,PhD,Single,111810.0,759.0,42895.0,Home,Employed,7,Good,0.2234,65951.0,1.0,Alvarezshire,MS,Marshall Islands,0.0,2,Medium
34,Female,PhD,Single,54047.0,785.0,21927.0,Personal,Self-employed,19,Excellent,0.3686,76977.0,4.0,Christopherhaven,IA,Estonia,4.0,0,High
47,Non-binary,Master's,Divorced,42449.0,719.0,18128.0,Personal,Unemployed,9,Poor,0.1714,200288.0,4.0,Courtneyshire,DC,El Salvador,0.0,1,Low
21,Non-binary,Master's,Single,76965.0,706.0,47145.0,Business,Unemployed,16,Good,0.3765,126672.0,3.0,West Joseph,VT,Pitcairn Islands,0.0,1,Low
36,Male,PhD,Widowed,78967.0,651.0,26186.0,Home,Self-employed,16,Poor,0.2714,36662.0,0.0,Christopherberg,NJ,Georgia,0.0,2,High
23,Male,Bachelor's,Divorced,40645.0,751.0,16602.0,Auto,Self-employed,6,Fair,0.5464,36387.0,1.0,Carlmouth,PA,Honduras,4.0,2,High
32,Male,Master's,Divorced,28390.0,628.0,47254.0,Auto,Employed,10,Good,0.1278,256707.0,3.0,South Barrymouth,MS,Ethiopia,4.0,1,High
58,Non-binary,PhD,Married,46648.0,647.0,40517.0,Home,Employed,4,Good,0.1012,155958.0,2.0,South Madisonmouth,NY,Mexico,1.0,0,Medium
50,Non-binary,Master's,Single,114333.0,797.0,20271.0,Business,Unemployed,16,Good,0.5324,74777.0,4.0,Robinsonborough,MP,Korea,1.0,1,Medium
44,Female,Bachelor's,Divorced,91388.0,796.0,13457.0,Home,Employed,2,Excellent,0.5616,26178.0,0.0,South Jordanton,ND,Belarus,0.0,2,Low
38,Non-binary,High School,Widowed,50436.0,705.0,12898.0,Business,Unemployed,6,Good,0.4329,52704.0,2.0,Orrport,TN,Somalia,3.0,0,Low
54,Non-binary,PhD,Married,68951.0,729.0,46026.0,Personal,Unemployed,8,Good,0.1121,281710.0,3.0,East Hunter,IA,Swaziland,1.0,0,Low
53,Female,High School,Divorced,33733.0,777.0,49564.0,Personal,Employed,16,Excellent,0.3101,142311.0,3.0,West Karina,VT,Guinea,4.0,0,Low
21,Female,High School,Divorced,38290.0,706.0,36106.0,Home,Self-employed,13,Poor,0.2017,147177.0,1.0,New Ashleyport,KS,Holy See (Vatican City State),3.0,0,High
45,Male,High School,Married,21595.0,684.0,33793.0,Home,Employed,14,Good,0.5087,76243.0,0.0,Henrymouth,OK,Guyana,3.0,2,Medium
20,Male,High School,Divorced,52407.0,675.0,13104.0,Auto,Self-employed,3,Fair,0.1572,119414.0,3.0,Kylefurt,FL,Cameroon,3.0,2,Low
46,Female,High School,Married,64518.0,725.0,5555.0,Personal,Unemployed,4,Fair,0.1902,273697.0,4.0,South Derek,MA,Bolivia,3.0,0,Low
47,Non-binary,Master's,Married,64109.0,772.0,13374.0,Auto,Employed,16,Poor,0.5191,100198.0,3.0,Mitchellmouth,PW,Korea,2.0,0,Low
67,Non-binary,Master's,Widowed,58718.0,749.0,47750.0,Home,Self-employed,5,Poor,0.1339,281099.0,4.0,Annafurt,GU,Ethiopia,1.0,2,High
57,Female,High School,Widowed,32699.0,783.0,48124.0,Personal,Self-employed,10,Good,0.2156,112764.0,0.0,South Michael,NV,Saint Pierre and Miquelon,4.0,0,Low
61,Male,High School,Married,41509.0,637.0,28770.0,Home,Self-employed,19,Poor,0.2009,109655.0,3.0,West Christina,OH,Croatia,2.0,0,Low
43,Female,High School,Divorced,36531.0,603.0,42474.0,Business,Employed,17,Excellent,0.4068,233476.0,0.0,East Brianna,GU,Australia,3.0,0,High
40,Female,High School,Divorced,103632.0,702.0,11227.0,Home,Employed,10,Good,0.1846,213262.0,2.0,Davidfort,LA,Greenland,4.0,1,Low
33,Non-binary,PhD,Married,111641.0,606.0,35172.0,Personal,Unemployed,9,Fair,0.3112,178400.0,2.0,Perezstad,VI,Switzerland,2.0,0,Low
56,Non-binary,PhD,Single,21617.0,604.0,42676.0,Auto,Self-employed,6,Good,0.239,111989.0,1.0,Briannaview,ID,Denmark,2.0,0,Low
18,Male,Master's,Widowed,111650.0,658.0,5131.0,Home,Self-employed,19,Excellent,0.3618,134730.0,3.0,Jasonberg,SC,Guyana,3.0,1,Medium
50,Non-binary,PhD,Widowed,62707.0,726.0,28892.0,Auto,Employed,7,Excellent,0.3731,194467.0,4.0,Gloriaport,PR,Vanuatu,3.0,2,High
52,Non-binary,Bachelor's,Married,23212.0,614.0,30607.0,Business,Unemployed,18,Excellent,0.1354,213234.0,2.0,Sanchezmouth,PA,Mexico,4.0,1,Low
63,Non-binary,PhD,Divorced,73866.0,657.0,31264.0,Personal,Self-employed,2,Excellent,0.5615,220251.0,3.0,East Paulville,VA,Malaysia,1.0,2,High
28,Male,Bachelor's,Married,72158.0,693.0,8782.0,Home,Unemployed,3,Poor,0.51,203087.0,2.0,Ashleyland,MN,Northern Mariana Islands,4.0,2,Medium
38,Male,Bachelor's,Divorced,116554.0,707.0,13337.0,Personal,Employed,16,Fair,0.4917,268802.0,4.0,Stephenport,PA,Kiribati,0.0,1,Low
49,Non-binary,High School,Divorced,32442.0,799.0,5139.0,Home,Self-employed,14,Excellent,0.3297,63555.0,4.0,Lake Raymond,MN,Syrian Arab Republic,1.0,2,Low
42,Female,Master's,Divorced,36472.0,686.0,28819.0,Personal,Unemployed,5,Poor,0.2313,262825.0,4.0,North Cameron,AS,Malaysia,3.0,1,Medium
41,Female,PhD,Single,113639.0,772.0,12361.0,Home,Self-employed,9,Excellent,0.4909,124622.0,3.0,Port Angelica,AK,Botswana,2.0,0,Medium
22,Female,Bachelor's,Divorced,45028.0,647.0,25723.0,Personal,Self-employed,5,Poor,0.499,228645.0,0.0,Karaton,CO,Papua New Guinea,2.0,0,Low
54,Female,Master's,Divorced,32842.0,631.0,10921.0,Home,Self-employed,8,Fair,0.5008,267154.0,3.0,North Jeff,MP,Jersey,1.0,1,High
37,Non-binary,High School,Widowed,87557.0,765.0,21613.0,Auto,Employed,6,Excellent,0.574,164106.0,3.0,Shepherdstad,OR,Equatorial Guinea,0.0,2,Medium
57,Female,Bachelor's,Widowed,118529.0,656.0,17463.0,Auto,Self-employed,15,Good,0.347,226649.0,2.0,East Joshuahaven,VT,United Kingdom,0.0,1,Low
38,Non-binary,Master's,Married,58101.0,722.0,16140.0,Auto,Self-employed,7,Fair,0.5423,50782.0,4.0,New Samantha,MO,Botswana,0.0,2,Low
18,Non-binary,PhD,Married,57832.0,684.0,48773.0,Personal,Employed,5,Fair,0.1587,66195.0,1.0,Lake Riley,DC,Nicaragua,0.0,1,Low
62,Male,Bachelor's,Divorced,107298.0,621.0,7560.0,Home,Employed,15,Excellent,0.1972,138330.0,4.0,Gonzalezborough,AR,United Arab Emirates,2.0,2,Low
28,Male,PhD,Divorced,116988.0,734.0,43899.0,Business,Employed,8,Poor,0.5707,91128.0,2.0,West Krystal,CT,Qatar,1.0,2,Medium
43,Non-binary,Bachelor's,Divorced,65638.0,748.0,25289.0,Home,Unemployed,18,Fair,0.2303,161358.0,0.0,Amberbury,NE,Holy See (Vatican City State),2.0,2,Low
27,Male,Bachelor's,Married,82580.0,772.0,21881.0,Auto,Unemployed,5,Good,0.3043,287630.0,3.0,Lake Peggyfort,SD,Saint Lucia,1.0,1,Low
36,Non-binary,PhD,Single,20637.0,759.0,26092.0,Auto,Self-employed,19,Excellent,0.2296,47219.0,1.0,Shieldschester,DC,Norfolk Island,3.0,1,Low
29,Male,Bachelor's,Divorced,60352.0,760.0,31085.0,Business,Unemployed,6,Good,0.2787,287856.0,3.0,Conleyside,ME,Pitcairn Islands,2.0,1,Low
56,Male,Master's,Single,71188.0,612.0,47944.0,Business,Self-employed,7,Fair,0.2151,268893.0,1.0,Port Melanieborough,MO,Bangladesh,1.0,2,Medium
38,Male,Master's,Married,101223.0,796.0,46034.0,Auto,Employed,11,Excellent,0.1407,287869.0,2.0,East Ericberg,MO,Northern Mariana Islands,0.0,1,Low
57,Male,Master's,Single,65693.0,633.0,39477.0,Business,Unemployed,18,Fair,0.3513,173207.0,3.0,Davismouth,SC,Slovakia (Slovak Republic),2.0,1,Low
43,Non-binary,PhD,Widowed,80521.0,762.0,20098.0,Auto,Employed,5,Poor,0.5497,285998.0,4.0,New Jessicaland,NV,Netherlands Antilles,4.0,0,Low
68,Female,Bachelor's,Divorced,105971.0,646.0,8755.0,Personal,Employed,10,Excellent,0.1826,38606.0,4.0,Kellyburgh,NM,Andorra,2.0,2,Low
54,Male,Bachelor's,Single,45775.0,714.0,23272.0,Personal,Unemployed,6,Poor,0.1565,249080.0,4.0,New Stevenmouth,NH,Honduras,3.0,2,Medium
51,Male,Master's,Married,28261.0,713.0,16544.0,Auto,Self-employed,12,Poor,0.2265,186556.0,3.0,North Daniel,MP,Trinidad and Tobago,1.0,1,Low
32,Male,Master's,Married,48428.0,745.0,39520.0,Auto,Unemployed,5,Fair,0.3556,248853.0,4.0,Heatherview,DE,Micronesia,2.0,1,Medium
52,Female,High School,Widowed,51510.0,679.0,11614.0,Auto,Self-employed,6,Excellent,0.115,177580.0,1.0,Elizabethview,MT,Latvia,2.0,1,Low
35,Non-binary,Bachelor's,Single,37332.0,700.0,31615.0,Auto,Employed,6,Excellent,0.1842,49230.0,1.0,Robertburgh,AR,Samoa,4.0,1,Low
66,Female,High School,Single,35791.0,671.0,14704.0,Auto,Employed,8,Excellent,0.5375,94796.0,3.0,West Melissaberg,AR,Congo,0.0,1,Low
26,Male,High School,Single,52476.0,772.0,29108.0,Business,Employed,17,Fair,0.3405,29651.0,2.0,Jenniferfurt,DC,Syrian Arab Republic,4.0,0,Medium
50,Female,Master's,Married,68555.0,751.0,43883.0,Auto,Self-employed,16,Good,0.5243,266658.0,2.0,Williamsberg,MN,Faroe Islands,4.0,2,Medium
64,Male,Master's,Single,69028.0,763.0,20768.0,Home,Self-employed,7,Excellent,0.3004,65727.0,3.0,East Johnton,DE,Malta,0.0,0,Low
51,Male,Bachelor's,Widowed,26733.0,731.0,29490.0,Auto,Employed,7,Fair,0.2003,134961.0,0.0,Port Nathan,MT,Georgia,3.0,1,Medium
51,Male,PhD,Widowed,90207.0,663.0,9180.0,Auto,Self-employed,17,Fair,0.1853,175627.0,1.0,West Willie,MD,Myanmar,2.0,0,Low
64,Male,Bachelor's,Single,77954.0,753.0,48951.0,Auto,Employed,12,Fair,0.4628,213636.0,2.0,Port Rossport,TX,Gabon,2.0,0,Low
40,Female,Bachelor's,Widowed,106388.0,737.0,9556.0,Auto,Self-employed,18,Excellent,0.556,210330.0,1.0,Davidmouth,IN,Turks and Caicos Islands,1.0,0,Low
58,Non-binary,High School,Single,109934.0,793.0,32385.0,Personal,Self-employed,8,Good,0.1703,144707.0,3.0,Masonview,IL,Burkina Faso,3.0,0,Low
36,Non-binary,High School,Single,84264.0,692.0,5412.0,Business,Employed,2,Good,0.1302,278140.0,3.0,East Josephhaven,MO,Malawi,1.0,0,Low
67,Male,Bachelor's,Single,22093.0,696.0,12166.0,Home,Employed,13,Fair,0.2115,26942.0,1.0,Courtneyton,AL,Anguilla,3.0,2,Low
34,Male,PhD,Widowed,93694.0,711.0,30914.0,Business,Employed,18,Poor,0.5272,111321.0,2.0,Christinefort,PR,Seychelles,1.0,1,Medium
64,Non-binary,Master's,Single,107688.0,782.0,40832.0,Personal,Unemployed,18,Poor,0.3992,288326.0,1.0,Lake Derrick,CA,Greece,4.0,0,Low
35,Non-binary,Master's,Married,70460.0,750.0,28696.0,Home,Unemployed,1,Poor,0.5363,95241.0,2.0,Pattonside,NV,Norway,0.0,0,Low
51,Male,Master's,Divorced,89498.0,637.0,36076.0,Business,Employed,18,Excellent,0.2322,232406.0,4.0,Santoschester,PA,Comoros,0.0,2,Medium
25,Non-binary,High School,Married,74664.0,667.0,35671.0,Auto,Employed,19,Fair,0.3287,184005.0,1.0,West Joseph,NC,South Georgia and the South Sandwich Islands,2.0,1,High
31,Female,Master's,Single,77477.0,752.0,44489.0,Home,Employed,6,Excellent,0.5096,62924.0,1.0,West Marcus,MO,Antarctica (the territory South of 60 deg S),0.0,1,Medium
46,Male,Master's,Married,82002.0,789.0,31194.0,Auto,Unemployed,16,Excellent,0.222,214030.0,1.0,New Wesleychester,MP,Croatia,3.0,2,Low
18,Male,PhD,Divorced,25717.0,721.0,24109.0,Auto,Self-employed,12,Fair,0.5331,229996.0,2.0,West Stephaniebury,MH,Russian Federation,0.0,2,Low
36,Non-binary,High School,Single,38313.0,703.0,49628.0,Business,Employed,2,Excellent,0.5286,154234.0,2.0,Lake Frankfurt,VA,Israel,2.0,2,Medium
54,Female,Master's,Divorced,92053.0,724.0,44847.0,Business,Unemployed,19,Poor,0.4809,254938.0,0.0,Murrayborough,OK,Lebanon,4.0,2,High
21,Male,High School,Widowed,114535.0,682.0,13483.0,Business,Unemployed,11,Good,0.4703,27405.0,2.0,New Lucashaven,MS,Hungary,2.0,1,Medium
64,Male,PhD,Widowed,99455.0,741.0,16999.0,Home,Employed,19,Poor,0.5791,260021.0,4.0,South Jennifer,MI,Dominica,1.0,1,Low
58,Female,Bachelor's,Divorced,107893.0,602.0,34232.0,Business,Employed,15,Excellent,0.3236,164896.0,2.0,Fieldsberg,OR,North Macedonia,0.0,0,Low
60,Male,Master's,Divorced,67577.0,777.0,14056.0,Home,Self-employed,1,Excellent,0.5896,179631.0,0.0,Berryland,MD,Slovenia,1.0,0,Low
67,Female,Master's,Widowed,78975.0,648.0,35224.0,Home,Unemployed,16,Good,0.3958,21677.0,4.0,Port Annetteport,VI,Indonesia,1.0,0,Medium
42,Non-binary,PhD,Widowed,97975.0,654.0,8852.0,Home,Employed,7,Fair,0.5571,98753.0,1.0,Kevinhaven,VI,Gabon,1.0,2,Low
25,Non-binary,PhD,Single,37223.0,778.0,12986.0,Business,Employed,11,Poor,0.4665,270499.0,4.0,Richardhaven,KY,Slovakia (Slovak Republic),4.0,0,Low
53,Non-binary,Bachelor's,Widowed,92126.0,788.0,33036.0,Business,Self-employed,8,Fair,0.5653,124822.0,1.0,Edwardsfurt,FM,French Southern Territories,3.0,2,Low
47,Non-binary,High School,Divorced,25560.0,653.0,9140.0,Auto,Employed,6,Good,0.5839,220277.0,0.0,Kathleenburgh,NC,Cook Islands,4.0,2,Medium
40,Female,High School,Married,43021.0,605.0,38052.0,Home,Employed,17,Fair,0.407,42062.0,3.0,Lake Brenda,MI,Saint Kitts and Nevis,2.0,2,Low
54,Male,High School,Single,66996.0,725.0,32328.0,Personal,Self-employed,13,Poor,0.3895,89086.0,1.0,Huynhhaven,NJ,Gibraltar,0.0,0,Low
31,Female,High School,Widowed,111450.0,723.0,26871.0,Personal,Employed,6,Fair,0.2605,153835.0,0.0,South Roger,TN,Saint Helena,3.0,1,Medium
61,Male,PhD,Divorced,108399.0,737.0,21158.0,Home,Unemployed,19,Fair,0.4896,296589.0,4.0,Port Josephborough,CO,Mali,4.0,0,Low
66,Female,Master's,Divorced,88607.0,781.0,35328.0,Home,Employed,18,Good,0.1624,80481.0,2.0,Danielland,DE,Uzbekistan,1.0,2,Low
36,Male,Master's,Divorced,52022.0,624.0,21773.0,Auto,Unemployed,18,Excellent,0.5465,207403.0,3.0,Longton,VA,Croatia,4.0,1,Low
38,Non-binary,PhD,Single,77268.0,738.0,15657.0,Home,Self-employed,14,Fair,0.5151,146043.0,3.0,South Jonathanside,IL,Bolivia,1.0,2,Low
27,Female,Master's,Single,58973.0,683.0,12460.0,Personal,Self-employed,1,Excellent,0.2046,289030.0,0.0,Chadbury,DC,Congo,0.0,0,Low
30,Female,High School,Divorced,20869.0,623.0,23668.0,Home,Self-employed,6,Poor,0.5141,119881.0,1.0,Port Paulside,RI,Suriname,2.0,0,Low
29,Male,PhD,Divorced,101331.0,628.0,17671.0,Business,Self-employed,3,Good,0.4209,37211.0,4.0,New Christinemouth,KY,Panama,4.0,0,Medium
30,Non-binary,High School,Single,67403.0,645.0,5919.0,Auto,Employed,11,Good,0.5052,158265.0,3.0,Allenton,PA,Botswana,3.0,2,Low
43,Female,Bachelor's,Single,112756.0,610.0,21140.0,Business,Unemployed,16,Fair,0.2244,64604.0,2.0,Lake Robert,OH,Vanuatu,3.0,0,Low
62,Male,Master's,Widowed,98101.0,606.0,22766.0,Personal,Unemployed,19,Good,0.4485,265628.0,2.0,North Luisborough,MH,Greece,1.0,1,Low
34,Female,PhD,Single,100946.0,798.0,19279.0,Auto,Employed,0,Good,0.5901,163731.0,3.0,Lake Davidport,PR,Cyprus,3.0,2,Low
46,Female,PhD,Widowed,106424.0,727.0,24873.0,Personal,Unemployed,0,Poor,0.2238,141289.0,2.0,East Monica,NY,United Kingdom,2.0,1,Medium
25,Female,Master's,Married,37077.0,668.0,23098.0,Auto,Employed,15,Excellent,0.1459,105074.0,4.0,Lake Amanda,OH,Peru,0.0,0,Low
39,Non-binary,Master's,Divorced,48670.0,607.0,46946.0,Auto,Self-employed,18,Good,0.4694,149892.0,1.0,Randallborough,FM,Nauru,2.0,1,Low
58,Female,Master's,Married,101227.0,699.0,34225.0,Business,Self-employed,4,Fair,0.5913,213215.0,0.0,North James,AS,Mongolia,2.0,1,Low
42,Female,Bachelor's,Divorced,76093.0,763.0,19567.0,Auto,Unemployed,19,Poor,0.27,109546.0,3.0,Perrymouth,PW,Cote d'Ivoire,2.0,1,High
62,Male,High School,Married,76063.0,601.0,22327.0,Personal,Self-employed,1,Poor,0.3319,204084.0,2.0,Lopezport,WA,Kazakhstan,3.0,2,Low
31,Female,Bachelor's,Widowed,50484.0,736.0,21733.0,Home,Unemployed,19,Poor,0.2101,78437.0,1.0,North Rachelmouth,MH,Switzerland,0.0,2,Low
41,Male,High School,Widowed,99756.0,654.0,23446.0,Business,Self-employed,4,Poor,0.4414,288041.0,2.0,Jasonside,ND,Togo,1.0,1,Medium
23,Female,Master's,Married,92631.0,782.0,27542.0,Auto,Self-employed,9,Fair,0.3627,229326.0,0.0,North Jeffberg,NM,Rwanda,1.0,0,Medium
62,Non-binary,Master's,Married,32521.0,744.0,18303.0,Home,Employed,19,Excellent,0.5647,109335.0,1.0,East Charlesside,MO,Czech Republic,3.0,2,High
20,Non-binary,PhD,Divorced,99783.0,746.0,44373.0,Business,Unemployed,5,Excellent,0.5424,280776.0,1.0,Johnsonborough,NE,Hungary,3.0,2,High
28,Male,Master's,Married,110470.0,797.0,45210.0,Home,Unemployed,8,Fair,0.4579,244348.0,1.0,South Stevenstad,WY,China,0.0,1,Medium
23,Male,High School,Widowed,91834.0,611.0,38267.0,Auto,Unemployed,8,Fair,0.5349,38715.0,2.0,Ashleyhaven,IA,Guinea,3.0,0,Low
49,Female,PhD,Divorced,75372.0,671.0,22270.0,Business,Unemployed,2,Good,0.5113,256522.0,1.0,Christopherport,WI,Pitcairn Islands,3.0,1,Low
32,Non-binary,High School,Single,56308.0,636.0,15390.0,Home,Employed,8,Fair,0.1394,263488.0,1.0,New Kristinaberg,GA,Korea,3.0,2,Low
52,Non-binary,Master's,Widowed,53012.0,681.0,43715.0,Business,Employed,3,Excellent,0.2883,209640.0,1.0,Port Daniel,IL,Equatorial Guinea,3.0,2,Low
59,Non-binary,PhD,Divorced,54482.0,733.0,35748.0,Business,Self-employed,12,Poor,0.1881,84663.0,3.0,Lake Stevenview,CA,Canada,3.0,0,High
37,Non-binary,Bachelor's,Married,98872.0,714.0,37954.0,Home,Unemployed,11,Poor,0.3458,292705.0,0.0,Gordonfort,CT,Korea,1.0,1,Medium
66,Female,Master's,Married,65211.0,753.0,45874.0,Business,Self-employed,12,Good,0.4057,24740.0,2.0,East Michaelbury,MP,Switzerland,4.0,1,Low
34,Non-binary,Bachelor's,Widowed,23608.0,787.0,13223.0,Auto,Unemployed,15,Good,0.2951,195019.0,3.0,Christineberg,WI,Costa Rica,0.0,0,Medium
31,Female,PhD,Married,23389.0,746.0,29569.0,Business,Self-employed,7,Good,0.4936,256573.0,0.0,South Richard,MT,Sudan,4.0,0,Low
44,Non-binary,High School,Married,33669.0,713.0,9925.0,Business,Unemployed,16,Good,0.4127,91803.0,2.0,Andrewsland,VA,Reunion,0.0,1,Low
57,Male,Master's,Widowed,92928.0,680.0,30104.0,Business,Self-employed,8,Good,0.5161,20104.0,1.0,Hendricksmouth,SC,Czech Republic,2.0,0,High
20,Non-binary,High School,Single,82607.0,651.0,23297.0,Personal,Unemployed,5,Good,0.421,85412.0,1.0,Rothbury,HI,Jersey,0.0,1,Medium
64,Non-binary,Bachelor's,Single,62082.0,684.0,10742.0,Home,Unemployed,19,Good,0.194,289476.0,1.0,South Russellchester,DC,Nepal,4.0,2,Low
27,Non-binary,PhD,Single,74021.0,725.0,15231.0,Home,Employed,14,Poor,0.4158,191714.0,4.0,Weaverfort,SD,Cook Islands,0.0,1,Low
41,Non-binary,High School,Married,111628.0,718.0,29042.0,Business,Employed,13,Fair,0.3248,73382.0,1.0,Port Scott,ME,Dominica,4.0,0,Low
19,Male,Bachelor's,Single,39171.0,796.0,48422.0,Auto,Unemployed,12,Good,0.5527,207100.0,0.0,Leeport,SD,Afghanistan,3.0,1,Low
37,Non-binary,High School,Divorced,24901.0,755.0,37256.0,Business,Unemployed,18,Fair,0.1497,55744.0,4.0,Lake Valerieberg,TN,Nauru,4.0,2,Low
67,Non-binary,PhD,Married,30248.0,776.0,33874.0,Personal,Self-employed,8,Excellent,0.5139,226636.0,0.0,North Brenda,CT,Albania,2.0,2,Low
32,Non-binary,Bachelor's,Widowed,106363.0,697.0,27438.0,Personal,Employed,10,Excellent,0.3326,198773.0,1.0,South Calebton,NH,Burundi,0.0,0,Low
61,Male,Bachelor's,Divorced,22991.0,673.0,15094.0,Home,Self-employed,12,Fair,0.4782,20709.0,4.0,Lake Pamela,TN,Romania,0.0,1,High
50,Male,Master's,Single,62836.0,729.0,47615.0,Auto,Employed,4,Poor,0.263,110577.0,3.0,Lake Kathleenton,NC,Grenada,2.0,2,High
53,Female,PhD,Single,38680.0,739.0,33718.0,Personal,Unemployed,11,Good,0.5433,82348.0,4.0,Dunlapshire,KY,Djibouti,1.0,2,Low
43,Female,PhD,Widowed,73105.0,787.0,35090.0,Business,Unemployed,17,Excellent,0.5158,84531.0,4.0,Nicholsonside,MS,Maldives,1.0,1,Medium
18,Non-binary,Master's,Married,29514.0,768.0,41301.0,Personal,Employed,1,Excellent,0.1846,202982.0,2.0,East Darleneville,TN,Morocco,1.0,0,High
47,Non-binary,High School,Married,101876.0,667.0,8577.0,Business,Self-employed,8,Fair,0.3152,48668.0,4.0,North Stephanie,MN,Turkmenistan,2.0,2,Medium
59,Non-binary,High School,Divorced,94500.0,773.0,44241.0,Auto,Self-employed,11,Fair,0.3075,83317.0,3.0,Gallegosstad,VI,Gambia,3.0,2,Medium
49,Non-binary,High School,Single,102060.0,700.0,13635.0,Home,Self-employed,12,Poor,0.4436,41589.0,1.0,New Ann,CA,Guam,2.0,0,Low
65,Non-binary,Master's,Widowed,57126.0,605.0,9655.0,Auto,Employed,1,Fair,0.4829,82449.0,1.0,East Alexanderfort,NM,Colombia,3.0,0,High
68,Female,High School,Divorced,60857.0,643.0,23700.0,Home,Employed,8,Good,0.2924,77918.0,2.0,Mcclureside,MA,Cambodia,0.0,2,Low
62,Non-binary,Bachelor's,Married,42483.0,703.0,24880.0,Personal,Self-employed,11,Good,0.4023,137636.0,2.0,North Christineland,MA,Russian Federation,1.0,0,Low
42,Female,Master's,Divorced,66647.0,799.0,27642.0,Home,Unemployed,2,Excellent,0.2802,34500.0,3.0,East James,AL,Montenegro,2.0,1,Medium
49,Female,Bachelor's,Widowed,79301.0,702.0,35689.0,Personal,Employed,9,Fair,0.527,260960.0,4.0,Matthewton,GU,Gibraltar,4.0,2,Medium
66,Male,High School,Widowed,50579.0,791.0,12430.0,Business,Unemployed,16,Excellent,0.464,77086.0,0.0,Lake Andrea,MO,Iraq,3.0,0,Medium
51,Non-binary,Bachelor's,Divorced,41494.0,637.0,20758.0,Home,Self-employed,11,Fair,0.5109,218623.0,4.0,Floresmouth,MI,Lebanon,4.0,0,Low
50,Female,High School,Single,79185.0,625.0,34304.0,Business,Unemployed,18,Poor,0.3082,282474.0,0.0,Ericton,SD,Gambia,3.0,1,Low
68,Non-binary,Bachelor's,Divorced,85642.0,685.0,5426.0,Business,Self-employed,1,Good,0.483,26444.0,1.0,Claytonmouth,RI,Seychelles,1.0,1,Low
26,Male,Master's,Divorced,92592.0,662.0,8141.0,Business,Employed,15,Poor,0.1826,260815.0,1.0,Lake Lisa,OR,Bermuda,3.0,1,Low
48,Female,PhD,Widowed,61444.0,707.0,37605.0,Home,Unemployed,8,Fair,0.2169,130324.0,4.0,North Bryanside,GU,Burkina Faso,2.0,1,Medium
49,Male,Bachelor's,Widowed,100291.0,716.0,16304.0,Personal,Unemployed,12,Poor,0.2683,207452.0,3.0,Austinville,MO,Latvia,4.0,2,Low
32,Male,Bachelor's,Widowed,54723.0,782.0,10649.0,Home,Self-employed,17,Good,0.3906,241716.0,1.0,Matthewville,TN,Netherlands Antilles,3.0,0,Medium
22,Male,PhD,Divorced,97585.0,637.0,38246.0,Business,Unemployed,6,Good,0.1846,210894.0,2.0,South Monique,WV,Christmas Island,3.0,2,Medium
18,Female,Master's,Married,96757.0,757.0,17869.0,Personal,Self-employed,19,Poor,0.4672,56547.0,4.0,New Bradleyland,AL,British Indian Ocean Territory (Chagos Archipelago),0.0,1,Low
60,Male,Master's,Married,87863.0,614.0,18199.0,Auto,Unemployed,1,Fair,0.5511,121044.0,3.0,South Austinville,VI,Saint Martin,1.0,2,Medium
60,Female,High School,Widowed,104124.0,728.0,38182.0,Home,Unemployed,17,Excellent,0.3036,255919.0,2.0,East Dustinshire,OK,Tanzania,4.0,2,Low
34,Male,Bachelor's,Married,50858.0,630.0,33387.0,Auto,Self-employed,2,Good,0.5585,64325.0,1.0,Spencemouth,MP,Guam,3.0,2,Low
61,Non-binary,Master's,Divorced,60264.0,698.0,29290.0,Personal,Self-employed,18,Fair,0.2221,145450.0,0.0,New Sophia,AK,Venezuela,0.0,2,Low
62,Female,PhD,Widowed,101071.0,705.0,40915.0,Business,Unemployed,11,Excellent,0.4569,95761.0,3.0,Lake Alexanderborough,KY,Malawi,2.0,2,Low
57,Female,Master's,Divorced,25543.0,660.0,8261.0,Personal,Self-employed,7,Excellent,0.2013,226730.0,0.0,Cherylberg,IA,Guadeloupe,0.0,0,Low
49,Female,Bachelor's,Divorced,58210.0,636.0,44957.0,Business,Employed,14,Poor,0.4328,240190.0,0.0,Blankenshipport,AK,Jordan,0.0,0,High
43,Female,PhD,Divorced,36306.0,617.0,46416.0,Business,Self-employed,16,Fair,0.4268,243662.0,1.0,North Julie,NJ,Korea,3.0,0,Medium
35,Male,PhD,Married,44111.0,626.0,17397.0,Home,Unemployed,4,Good,0.5248,261341.0,0.0,Simmonsbury,IA,Comoros,3.0,2,Low
35,Non-binary,Master's,Single,44881.0,635.0,38563.0,Business,Unemployed,15,Fair,0.186,97489.0,3.0,South Victoria,WY,Libyan Arab Jamahiriya,4.0,2,Medium
43,Female,Master's,Married,89610.0,793.0,13882.0,Personal,Self-employed,19,Fair,0.1698,246389.0,1.0,Ellisfurt,MD,Trinidad and Tobago,1.0,1,Low
60,Male,Master's,Single,80506.0,797.0,18720.0,Home,Unemployed,6,Excellent,0.4188,164790.0,3.0,Kleinborough,IN,Saint Lucia,1.0,1,Low
60,Non-binary,Bachelor's,Widowed,91612.0,786.0,39591.0,Home,Self-employed,16,Fair,0.1865,22924.0,4.0,North Joshuabury,NV,Hong Kong,0.0,1,Low
56,Non-binary,PhD,Single,72204.0,748.0,20544.0,Business,Unemployed,15,Fair,0.1762,93325.0,0.0,Martinezhaven,IN,Haiti,1.0,1,Medium
65,Non-binary,Bachelor's,Widowed,72485.0,765.0,20121.0,Business,Employed,3,Fair,0.3143,46067.0,4.0,Port Jonathonbury,CA,Germany,4.0,1,Low
55,Non-binary,Bachelor's,Married,67802.0,797.0,27447.0,Home,Employed,1,Poor,0.4166,229735.0,3.0,Kellyside,OK,Canada,4.0,1,Medium
57,Female,Master's,Single,36639.0,614.0,32708.0,Auto,Employed,17,Fair,0.11,265510.0,1.0,Jenniferstad,MP,Bermuda,2.0,0,Medium
41,Female,PhD,Divorced,108619.0,638.0,35079.0,Personal,Unemployed,3,Good,0.4921,125827.0,2.0,Cookbury,NV,Romania,1.0,0,High
50,Male,PhD,Married,91591.0,667.0,23082.0,Home,Employed,8,Poor,0.5414,31637.0,1.0,New Jacqueline,OH,French Guiana,4.0,1,Low
42,Male,Master's,Married,117572.0,689.0,31685.0,Personal,Self-employed,5,Poor,0.4186,56174.0,0.0,Rodriguezfort,IN,Latvia,1.0,0,Low
41,Male,High School,Married,39918.0,784.0,20189.0,Personal,Unemployed,0,Fair,0.4687,134208.0,3.0,Amberchester,MO,Uganda,3.0,2,Medium
18,Male,High School,Divorced,27838.0,715.0,25674.0,Business,Self-employed,10,Excellent,0.3577,110611.0,3.0,West Benjaminfurt,MH,Cambodia,0.0,0,Low
45,Female,High School,Divorced,82996.0,750.0,5937.0,Auto,Employed,19,Excellent,0.2128,265497.0,3.0,Moodystad,ND,India,3.0,2,Low
62,Male,PhD,Married,77225.0,657.0,23888.0,Personal,Unemployed,5,Excellent,0.5124,89717.0,4.0,Hendersonshire,KY,Costa Rica,2.0,0,Low
44,Female,Master's,Widowed,102341.0,711.0,46730.0,Auto,Unemployed,10,Excellent,0.1835,191742.0,3.0,Lake Joseph,NJ,Switzerland,4.0,0,Medium
59,Non-binary,PhD,Married,21120.0,627.0,11413.0,Auto,Employed,18,Excellent,0.5973,152572.0,3.0,Rachelview,NY,Bulgaria,1.0,2,Medium
58,Male,Master's,Divorced,55764.0,655.0,18034.0,Auto,Employed,4,Excellent,0.1992,275059.0,0.0,Wrightberg,ND,Albania,3.0,0,Low
61,Female,Bachelor's,Divorced,107789.0,696.0,13681.0,Home,Self-employed,9,Poor,0.2312,214388.0,4.0,Latoyaland,IL,Nicaragua,0.0,0,Low
19,Non-binary,Bachelor's,Single,33698.0,795.0,32806.0,Personal,Self-employed,14,Fair,0.3283,164012.0,1.0,New Jeromeview,ID,Kyrgyz Republic,4.0,0,Low
41,Male,Bachelor's,Widowed,35921.0,677.0,21087.0,Personal,Unemployed,15,Excellent,0.5472,116592.0,1.0,Lake Jonathan,DC,French Polynesia,0.0,1,Medium
62,Male,Master's,Divorced,60067.0,753.0,34890.0,Auto,Unemployed,10,Poor,0.3324,255192.0,0.0,East Jennifer,PR,Honduras,2.0,1,Medium
30,Female,High School,Widowed,71884.0,754.0,11572.0,Business,Self-employed,11,Excellent,0.5937,187986.0,1.0,Bakerside,NM,Puerto Rico,1.0,0,Low
46,Female,PhD,Married,60364.0,773.0,12400.0,Personal,Self-employed,2,Excellent,0.2977,61133.0,3.0,Coffeyside,PR,Antigua and Barbuda,0.0,0,Low
21,Female,Master's,Widowed,83763.0,696.0,36811.0,Personal,Employed,15,Poor,0.4719,242953.0,0.0,East Erichaven,OR,Kenya,0.0,0,Low
44,Male,High School,Divorced,27923.0,727.0,29780.0,Personal,Self-employed,8,Good,0.1762,256871.0,1.0,West Andrewchester,VT,Holy See (Vatican City State),1.0,2,Medium
48,Female,Master's,Married,88324.0,649.0,31306.0,Business,Employed,19,Fair,0.5681,162981.0,1.0,Williamsland,FM,Czech Republic,4.0,2,High
42,Male,PhD,Widowed,38201.0,654.0,47229.0,Business,Self-employed,7,Poor,0.4561,169840.0,3.0,Brianburgh,MD,Tajikistan,2.0,0,Low
32,Female,Bachelor's,Single,95664.0,733.0,41302.0,Home,Employed,17,Good,0.2187,181910.0,4.0,Guzmanberg,OK,Switzerland,3.0,0,Medium
51,Female,Bachelor's,Divorced,119649.0,682.0,32807.0,Personal,Unemployed,2,Excellent,0.5578,189394.0,1.0,Parsonsport,CO,Dominican Republic,0.0,2,Medium
61,Non-binary,Bachelor's,Divorced,105159.0,667.0,46911.0,Personal,Unemployed,10,Good,0.5837,127962.0,4.0,Mooretown,IL,Paraguay,2.0,2,Low
55,Male,Master's,Married,113083.0,703.0,48955.0,Personal,Unemployed,13,Poor,0.1621,132483.0,2.0,Dunnmouth,AZ,Rwanda,2.0,2,Medium
55,Male,High School,Widowed,96369.0,728.0,41100.0,Auto,Unemployed,3,Fair,0.5047,153075.0,0.0,Kingside,NJ,Venezuela,2.0,0,High
54,Female,High School,Widowed,84948.0,644.0,44608.0,Auto,Unemployed,15,Poor,0.3172,218072.0,4.0,Christopherchester,VA,Denmark,2.0,1,Medium
56,Female,Master's,Widowed,111956.0,658.0,33603.0,Personal,Unemployed,1,Poor,0.4226,38249.0,0.0,Andersonstad,NE,Mozambique,0.0,1,Low
58,Female,High School,Divorced,102787.0,715.0,5011.0,Personal,Self-employed,10,Poor,0.1825,85144.0,0.0,Michelleland,IL,Sri Lanka,3.0,2,Medium
55,Female,High School,Divorced,87462.0,600.0,42273.0,Personal,Employed,9,Fair,0.5069,191362.0,4.0,Curtisville,CO,Philippines,3.0,1,Medium
56,Male,PhD,Single,81836.0,628.0,9707.0,Personal,Self-employed,7,Fair,0.2757,54804.0,1.0,Johnland,UT,Iran,1.0,0,Medium
57,Male,Master's,Divorced,42622.0,738.0,22140.0,Personal,Employed,11,Poor,0.5437,70221.0,4.0,Port Janice,GA,Togo,0.0,1,High
52,Female,Bachelor's,Widowed,97173.0,674.0,19211.0,Personal,Unemployed,15,Good,0.1589,74877.0,3.0,West Vanessaland,HI,Brunei Darussalam,4.0,0,Low
50,Female,PhD,Divorced,103290.0,635.0,9047.0,Home,Self-employed,13,Excellent,0.3677,204726.0,2.0,East Courtney,NY,Finland,3.0,0,Low
36,Non-binary,High School,Married,38018.0,713.0,22173.0,Auto,Employed,3,Fair,0.4965,141064.0,4.0,Sanchezland,NY,Antarctica (the territory South of 60 deg S),2.0,0,Medium
54,Male,PhD,Single,76485.0,632.0,32787.0,Business,Unemployed,10,Excellent,0.1138,90645.0,1.0,Johnbury,MH,China,3.0,2,Medium
45,Non-binary,PhD,Married,108666.0,622.0,37152.0,Business,Unemployed,5,Excellent,0.1254,124386.0,3.0,Fordfurt,MT,Heard Island and McDonald Islands,4.0,2,Low
69,Female,PhD,Widowed,66865.0,757.0,20421.0,Home,Self-employed,15,Fair,0.2392,81361.0,0.0,North Michael,GA,Somalia,2.0,1,Medium
32,Male,Bachelor's,Single,78862.0,756.0,19933.0,Business,Unemployed,3,Fair,0.3547,186020.0,4.0,Jefferyborough,ND,Turkey,2.0,2,Medium
40,Non-binary,PhD,Widowed,21085.0,683.0,37143.0,Home,Self-employed,17,Fair,0.5585,167457.0,4.0,Jamieton,TN,New Zealand,3.0,1,Low
33,Female,PhD,Divorced,111029.0,612.0,12571.0,Home,Self-employed,17,Poor,0.5331,92326.0,2.0,Lake Katrinatown,RI,Azerbaijan,4.0,1,Medium
19,Male,Master's,Single,119359.0,700.0,29273.0,Auto,Unemployed,3,Poor,0.2082,46025.0,0.0,Charlesmouth,KS,Netherlands Antilles,3.0,1,Low
45,Non-binary,High School,Widowed,105040.0,686.0,33741.0,Business,Self-employed,5,Good,0.5941,91737.0,1.0,Lake Angela,NC,Congo,0.0,0,Low
33,Non-binary,Bachelor's,Divorced,96680.0,722.0,39609.0,Personal,Unemployed,4,Poor,0.173,270426.0,3.0,Anthonyside,CO,Spain,4.0,2,Medium
32,Male,PhD,Widowed,80873.0,641.0,14170.0,Auto,Self-employed,3,Poor,0.1241,285836.0,0.0,Martinezstad,DC,Congo,2.0,1,Low
55,Female,Bachelor's,Married,48842.0,725.0,16022.0,Auto,Unemployed,8,Fair,0.4057,60717.0,1.0,Estradaview,VI,French Southern Territories,3.0,1,Low
52,Non-binary,Bachelor's,Single,59935.0,733.0,27917.0,Business,Self-employed,9,Fair,0.2546,84796.0,3.0,Alisonfort,CO,Dominican Republic,1.0,0,Medium
18,Male,PhD,Single,102162.0,787.0,9257.0,Auto,Self-employed,13,Good,0.4509,124304.0,3.0,Nealburgh,DE,American Samoa,4.0,1,Low
65,Male,Bachelor's,Single,72774.0,760.0,20024.0,Auto,Employed,11,Poor,0.4949,204048.0,4.0,Angelaport,ND,Kenya,1.0,2,High
51,Non-binary,Master's,Married,54094.0,665.0,29331.0,Home,Self-employed,16,Good,0.1468,64763.0,1.0,New Megan,WA,Philippines,4.0,1,Low
25,Non-binary,Master's,Single,69223.0,605.0,18106.0,Home,Employed,0,Poor,0.208,180613.0,4.0,North Richardstad,AZ,Hong Kong,0.0,2,Low
25,Non-binary,PhD,Married,94543.0,654.0,45729.0,Auto,Employed,17,Excellent,0.5251,221495.0,3.0,Smithtown,PR,Sierra Leone,4.0,1,Low
58,Male,High School,Widowed,46817.0,605.0,43687.0,Business,Unemployed,4,Excellent,0.3095,84090.0,0.0,Morrisburgh,IL,Russian Federation,2.0,1,Medium
22,Non-binary,Bachelor's,Married,55330.0,678.0,39042.0,Home,Self-employed,3,Fair,0.5568,95980.0,4.0,Nathanielport,MA,Croatia,1.0,1,Medium
63,Female,High School,Widowed,68469.0,791.0,10648.0,Personal,Self-employed,5,Excellent,0.192,161967.0,4.0,Port Dean,ND,Tajikistan,1.0,1,Low
45,Non-binary,Bachelor's,Divorced,35352.0,697.0,29027.0,Personal,Self-employed,2,Poor,0.4764,135580.0,2.0,Saraburgh,OK,Serbia,1.0,1,Medium
68,Female,Bachelor's,Single,85875.0,734.0,31832.0,Business,Unemployed,14,Poor,0.3441,296084.0,2.0,North Ashleeburgh,MS,Kyrgyz Republic,0.0,2,Medium
46,Non-binary,High School,Widowed,45432.0,629.0,31241.0,Home,Self-employed,19,Poor,0.2985,48680.0,3.0,Lake Gregorymouth,MH,Togo,0.0,0,Medium
58,Male,PhD,Married,26294.0,694.0,45476.0,Personal,Self-employed,16,Good,0.3898,289226.0,1.0,Austinfort,KY,Greenland,3.0,1,Medium
54,Female,High School,Divorced,112981.0,770.0,12655.0,Auto,Employed,13,Poor,0.5576,180768.0,2.0,Halltown,DE,Myanmar,1.0,1,Low
50,Non-binary,Bachelor's,Divorced,87507.0,791.0,28989.0,Auto,Self-employed,15,Poor,0.4665,129479.0,3.0,West Kaitlynchester,GU,Cote d'Ivoire,3.0,0,Low
27,Non-binary,PhD,Widowed,109966.0,603.0,40669.0,Personal,Self-employed,9,Good,0.2284,162749.0,4.0,North John,IN,Cyprus,0.0,1,Low
38,Female,Bachelor's,Married,29585.0,620.0,14235.0,Business,Employed,11,Fair,0.5202,252818.0,0.0,Port Marcusland,DE,Haiti,1.0,2,Medium
68,Female,High School,Single,37038.0,702.0,49536.0,Auto,Employed,18,Poor,0.2578,195688.0,0.0,Samanthachester,MP,Belize,1.0,1,Low
33,Non-binary,Bachelor's,Single,71663.0,716.0,26554.0,Business,Employed,0,Fair,0.1907,283913.0,1.0,South Melanie,SC,Zimbabwe,0.0,0,Medium
29,Male,Bachelor's,Divorced,60409.0,757.0,19914.0,Auto,Self-employed,9,Fair,0.3326,190318.0,4.0,Port Jonathanhaven,CT,Tokelau,1.0,2,Low
39,Male,PhD,Widowed,60785.0,701.0,31070.0,Business,Employed,0,Poor,0.1485,75432.0,1.0,New Aaron,WY,Saint Helena,0.0,2,High
20,Non-binary,High School,Widowed,110027.0,638.0,40037.0,Personal,Unemployed,5,Good,0.3891,295028.0,1.0,New John,IN,Maldives,1.0,1,Low
60,Non-binary,Bachelor's,Single,119978.0,731.0,15814.0,Business,Employed,16,Poor,0.4677,238117.0,3.0,Port Davidfort,PW,Mauritania,1.0,0,Medium
28,Non-binary,High School,Widowed,29218.0,726.0,33722.0,Auto,Unemployed,7,Excellent,0.3261,269422.0,2.0,Tiffanyborough,MI,Greece,4.0,2,Low
60,Female,High School,Single,64185.0,739.0,37225.0,Business,Self-employed,18,Excellent,0.3979,47069.0,0.0,Housefort,WY,Jersey,2.0,0,Low
64,Non-binary,PhD,Widowed,25587.0,646.0,21863.0,Personal,Self-employed,11,Poor,0.1391,165537.0,2.0,North Erinhaven,UT,Senegal,2.0,1,Medium
21,Female,Bachelor's,Married,27088.0,793.0,14713.0,Personal,Employed,10,Excellent,0.3374,188577.0,4.0,Jeffreyshire,MO,South Georgia and the South Sandwich Islands,1.0,0,Low
63,Male,Master's,Widowed,82814.0,608.0,48671.0,Business,Self-employed,12,Poor,0.3498,71855.0,1.0,Timothyfort,OK,Mauritius,0.0,1,Low
62,Non-binary,High School,Widowed,28576.0,778.0,46302.0,Home,Unemployed,18,Poor,0.183,121705.0,2.0,New Derrickport,PA,Paraguay,0.0,0,Low
25,Female,High School,Widowed,76278.0,717.0,35296.0,Business,Self-employed,19,Fair,0.5987,283700.0,3.0,New Shannon,NH,Tokelau,0.0,0,Medium
38,Non-binary,Master's,Married,24509.0,635.0,34456.0,Auto,Unemployed,8,Good,0.3934,226101.0,3.0,Madisonfort,OK,Guernsey,0.0,1,High
65,Male,Bachelor's,Widowed,77995.0,617.0,45315.0,Home,Employed,3,Poor,0.4063,181800.0,2.0,South Sylvia,TX,Iran,0.0,1,Low
60,Non-binary,PhD,Widowed,71943.0,785.0,27310.0,Business,Employed,8,Poor,0.3686,63159.0,1.0,Lewisview,WA,Japan,1.0,2,Low
33,Non-binary,Master's,Widowed,95993.0,694.0,43565.0,Auto,Employed,19,Excellent,0.2375,31344.0,3.0,West Ashleybury,WI,Bouvet Island (Bouvetoya),1.0,0,Medium
18,Female,Master's,Divorced,116775.0,605.0,20458.0,Business,Self-employed,5,Excellent,0.4491,116748.0,2.0,Philipshire,MS,Samoa,1.0,2,Low
43,Non-binary,PhD,Married,85671.0,711.0,9622.0,Personal,Employed,11,Fair,0.1913,283805.0,1.0,West Thomas,ME,Poland,2.0,1,Medium
58,Female,Master's,Married,55342.0,731.0,48280.0,Auto,Unemployed,10,Fair,0.2115,246221.0,2.0,South Andrea,GA,Hong Kong,2.0,1,Low
23,Non-binary,Master's,Divorced,84467.0,687.0,11499.0,Business,Self-employed,7,Fair,0.5359,55184.0,1.0,Lovefurt,ME,Denmark,1.0,0,Low
36,Female,High School,Widowed,119128.0,701.0,9512.0,Business,Employed,3,Good,0.3463,153043.0,3.0,South Christopherberg,SC,Tanzania,4.0,2,High
61,Non-binary,PhD,Widowed,38368.0,667.0,8110.0,Personal,Unemployed,5,Good,0.4577,111260.0,1.0,Youngville,OK,Mali,0.0,1,Medium
50,Male,Bachelor's,Married,110956.0,636.0,45521.0,Personal,Employed,19,Excellent,0.3632,130273.0,2.0,West Coleberg,OK,United Kingdom,0.0,1,Medium
43,Female,Bachelor's,Divorced,55402.0,680.0,48524.0,Home,Unemployed,6,Excellent,0.1968,125447.0,2.0,New Tonya,GU,United States Virgin Islands,3.0,1,Medium
29,Non-binary,Bachelor's,Widowed,99587.0,710.0,35985.0,Personal,Employed,7,Good,0.1941,137567.0,0.0,Bartonbury,PA,Mayotte,0.0,0,Low
27,Female,PhD,Single,87868.0,769.0,34657.0,Personal,Employed,17,Good,0.3133,137789.0,0.0,Lake Victoria,IA,Suriname,4.0,1,Medium
69,Female,Master's,Single,98488.0,608.0,23714.0,Auto,Self-employed,3,Fair,0.2523,167426.0,1.0,Port Angelafort,NJ,Kenya,2.0,0,Low
49,Male,Bachelor's,Married,34037.0,707.0,5089.0,Auto,Unemployed,1,Excellent,0.3624,42641.0,2.0,Jonfurt,MA,Cyprus,1.0,2,Low
46,Male,High School,Married,45968.0,742.0,43456.0,Auto,Unemployed,17,Poor,0.1146,64246.0,0.0,Josetown,ID,Solomon Islands,3.0,2,Low
44,Male,Master's,Widowed,78574.0,756.0,23879.0,Business,Unemployed,17,Fair,0.1723,74020.0,3.0,Lake Scottshire,MO,Jersey,0.0,0,Low
53,Male,Master's,Widowed,56389.0,627.0,28298.0,Auto,Employed,0,Good,0.4151,130079.0,0.0,Lake Shelly,MD,Madagascar,1.0,0,Medium
32,Female,High School,Divorced,51300.0,704.0,15210.0,Business,Self-employed,9,Poor,0.5244,45843.0,4.0,New Edward,LA,Chad,3.0,0,Low
51,Non-binary,Bachelor's,Single,103470.0,648.0,32338.0,Auto,Unemployed,5,Excellent,0.2678,215866.0,1.0,Lake Paul,TN,Saint Lucia,1.0,0,Low
41,Female,PhD,Married,23244.0,643.0,23669.0,Personal,Unemployed,16,Fair,0.3218,204232.0,1.0,Josephbury,IL,Somalia,2.0,1,Medium
25,Female,High School,Widowed,54527.0,749.0,43157.0,Business,Self-employed,13,Good,0.2548,292640.0,4.0,Kathleenmouth,IN,Timor-Leste,3.0,0,High
57,Male,PhD,Divorced,28573.0,635.0,41467.0,Home,Unemployed,16,Excellent,0.1617,251822.0,0.0,Phillipsburgh,NV,Ecuador,1.0,2,Low
62,Male,High School,Single,102607.0,796.0,48778.0,Home,Unemployed,3,Good,0.559,134888.0,4.0,North Courtneyshire,HI,United Arab Emirates,2.0,2,Low
54,Male,Bachelor's,Single,100684.0,789.0,24029.0,Business,Employed,0,Good,0.5491,123609.0,1.0,East Russell,VI,Lao People's Democratic Republic,0.0,0,Medium
27,Female,High School,Single,62851.0,760.0,47262.0,Auto,Unemployed,8,Poor,0.2131,65663.0,3.0,Johnbury,GA,Argentina,0.0,1,Medium
23,Non-binary,PhD,Divorced,81104.0,640.0,49117.0,Home,Unemployed,17,Good,0.2142,115447.0,0.0,Catherineton,IA,New Zealand,0.0,0,Low
24,Non-binary,PhD,Widowed,59530.0,643.0,9867.0,Home,Employed,1,Good,0.1072,60623.0,0.0,Lake Patrick,WI,Bhutan,4.0,1,Medium
33,Non-binary,PhD,Married,36473.0,732.0,18271.0,Business,Self-employed,9,Excellent,0.2804,270967.0,1.0,Lake Maryburgh,HI,Paraguay,3.0,0,Medium
52,Non-binary,High School,Married,118730.0,777.0,42422.0,Personal,Unemployed,9,Good,0.4439,137763.0,1.0,Barryburgh,NV,Bhutan,0.0,0,Low
69,Female,PhD,Divorced,35164.0,773.0,39238.0,Auto,Unemployed,12,Poor,0.4698,219447.0,2.0,West Jay,MN,Sudan,1.0,2,Medium
23,Male,PhD,Married,78348.0,688.0,31187.0,Personal,Employed,5,Excellent,0.3441,146034.0,3.0,East Shannonchester,CT,Malaysia,4.0,2,Low
48,Female,Master's,Widowed,24487.0,766.0,24558.0,Business,Self-employed,15,Poor,0.5434,21121.0,0.0,Kevinhaven,MP,Nigeria,2.0,0,Low
50,Female,Bachelor's,Widowed,34242.0,729.0,49741.0,Auto,Employed,11,Excellent,0.3547,116384.0,4.0,Lanefurt,NC,Djibouti,0.0,2,Medium
63,Male,Master's,Married,118754.0,634.0,10600.0,Business,Employed,10,Poor,0.4502,236301.0,0.0,Kaylaton,AK,Montenegro,2.0,1,High
69,Non-binary,High School,Widowed,29934.0,648.0,5047.0,Auto,Employed,19,Good,0.2673,249131.0,4.0,Stanleystad,MH,Cayman Islands,1.0,1,Low
25,Non-binary,High School,Widowed,114682.0,642.0,27681.0,Personal,Self-employed,19,Excellent,0.2222,147431.0,1.0,Lake Katrinaview,AZ,Botswana,4.0,2,Low
37,Non-binary,Master's,Widowed,108765.0,728.0,47977.0,Home,Employed,1,Good,0.112,169794.0,1.0,Port Devin,HI,San Marino,3.0,1,Medium
54,Non-binary,Master's,Married,76739.0,708.0,20716.0,Auto,Employed,7,Excellent,0.3532,288233.0,2.0,West Robert,ND,Gabon,3.0,0,Medium
40,Male,PhD,Divorced,58692.0,796.0,26636.0,Auto,Unemployed,6,Poor,0.5786,23097.0,0.0,North Nicholas,WY,French Southern Territories,1.0,2,Low
55,Female,Master's,Single,37610.0,605.0,5950.0,Personal,Unemployed,14,Fair,0.5964,184025.0,2.0,South Jamesshire,IL,Iraq,4.0,0,Low
64,Male,High School,Single,98743.0,663.0,42677.0,Personal,Self-employed,2,Excellent,0.3198,52757.0,4.0,New Laurenborough,MO,Netherlands Antilles,0.0,0,Low
54,Non-binary,High School,Single,86940.0,717.0,49055.0,Personal,Employed,10,Good,0.265,183079.0,4.0,Markfurt,NV,Norfolk Island,3.0,2,Low
66,Non-binary,High School,Married,94658.0,693.0,28968.0,Home,Employed,11,Fair,0.4829,163930.0,3.0,Dominguezburgh,TX,Iraq,1.0,0,Medium
49,Female,Master's,Single,95012.0,623.0,45016.0,Home,Employed,7,Poor,0.1903,168437.0,1.0,Port David,WA,Maldives,4.0,2,Low
55,Male,Bachelor's,Widowed,115071.0,710.0,18983.0,Home,Unemployed,10,Good,0.4283,283955.0,1.0,East Sarahburgh,MS,Bulgaria,2.0,1,Medium
34,Male,PhD,Divorced,30426.0,781.0,48374.0,Business,Unemployed,10,Poor,0.4005,269040.0,1.0,Barbaraside,AZ,Dominican Republic,4.0,1,Low
60,Non-binary,High School,Divorced,79491.0,635.0,5778.0,Home,Unemployed,8,Excellent,0.5052,113629.0,3.0,Guzmanside,MO,Vanuatu,2.0,2,Medium
33,Female,High School,Widowed,69454.0,694.0,33429.0,Home,Unemployed,8,Excellent,0.2999,229741.0,3.0,Gallagherborough,MT,Bolivia,1.0,0,Low
34,Female,Bachelor's,Married,60854.0,684.0,39157.0,Auto,Employed,2,Good,0.2108,294410.0,4.0,Adamport,HI,Mauritania,2.0,2,Low
59,Male,PhD,Widowed,60533.0,728.0,46577.0,Personal,Employed,11,Excellent,0.3834,164154.0,4.0,Kellychester,DC,Honduras,0.0,1,Low
25,Non-binary,PhD,Widowed,56394.0,667.0,33587.0,Home,Unemployed,4,Fair,0.5556,258313.0,4.0,Gonzalezside,MS,Peru,0.0,0,Low
18,Male,Bachelor's,Married,59435.0,752.0,34386.0,Business,Unemployed,1,Excellent,0.4928,30678.0,2.0,Kimchester,RI,Falkland Islands (Malvinas),4.0,0,Medium
45,Female,High School,Divorced,95692.0,724.0,48520.0,Home,Self-employed,11,Fair,0.4458,129956.0,4.0,Williamsberg,NJ,Greece,2.0,0,Low
58,Non-binary,Bachelor's,Widowed,112752.0,732.0,30410.0,Auto,Employed,3,Fair,0.3361,39285.0,3.0,East Rachelfurt,WV,France,0.0,1,Medium
62,Female,Bachelor's,Widowed,42277.0,662.0,31612.0,Personal,Employed,1,Fair,0.1636,87495.0,2.0,Stephenschester,NH,Rwanda,3.0,1,Low
56,Male,Master's,Single,22042.0,713.0,9191.0,Personal,Self-employed,18,Fair,0.2613,154372.0,1.0,Port Michaelmouth,TN,Comoros,2.0,2,High
48,Non-binary,High School,Divorced,114243.0,732.0,48760.0,Home,Unemployed,14,Fair,0.3067,137057.0,2.0,Morganstad,WY,Armenia,1.0,1,Low
34,Male,PhD,Married,68841.0,756.0,9017.0,Auto,Employed,2,Fair,0.1525,95203.0,0.0,East Lisa,VI,Austria,1.0,0,Medium
50,Male,Master's,Married,61815.0,739.0,44959.0,Business,Self-employed,0,Excellent,0.5941,165626.0,3.0,North Daniel,VT,Tanzania,3.0,2,Medium
51,Male,Bachelor's,Single,67950.0,630.0,19250.0,Business,Unemployed,11,Good,0.1982,52635.0,2.0,North Jacob,CO,Philippines,3.0,1,Low
21,Male,Bachelor's,Single,63774.0,640.0,46175.0,Home,Self-employed,10,Poor,0.1405,208854.0,4.0,Katherineland,NM,Gibraltar,1.0,1,Medium
45,Non-binary,High School,Single,30924.0,667.0,5927.0,Business,Self-employed,15,Good,0.1652,42909.0,3.0,Amyhaven,FL,Niger,1.0,2,Medium
18,Female,High School,Widowed,96610.0,641.0,40789.0,Personal,Employed,2,Poor,0.4325,85402.0,1.0,Port Debra,NE,Romania,0.0,1,Medium
41,Non-binary,Master's,Married,50178.0,612.0,23382.0,Home,Employed,15,Excellent,0.4319,69109.0,0.0,New John,IA,Zambia,3.0,1,Medium
30,Male,Bachelor's,Single,118161.0,613.0,33626.0,Auto,Employed,10,Fair,0.2967,118315.0,4.0,Porterport,NJ,Palestinian Territory,4.0,2,Medium
49,Male,Master's,Single,118315.0,738.0,6839.0,Business,Self-employed,15,Excellent,0.1161,214804.0,1.0,Adrianaborough,NC,Bolivia,4.0,2,Low
45,Male,PhD,Married,100729.0,756.0,6844.0,Home,Unemployed,5,Fair,0.309,96553.0,3.0,Port Kimberlybury,IA,Timor-Leste,3.0,2,High
35,Female,Master's,Single,115369.0,600.0,47202.0,Auto,Self-employed,4,Fair,0.2397,100617.0,0.0,Davidbury,WA,Cocos (Keeling) Islands,3.0,1,High
36,Non-binary,Bachelor's,Divorced,103468.0,762.0,16797.0,Home,Self-employed,7,Poor,0.3359,234932.0,0.0,Wardmouth,ID,Denmark,3.0,2,Low
20,Male,High School,Widowed,114324.0,657.0,30194.0,Business,Self-employed,13,Good,0.1984,115281.0,4.0,Port Josephbury,AK,Nepal,3.0,0,Medium
52,Non-binary,PhD,Divorced,109017.0,768.0,46113.0,Home,Self-employed,9,Poor,0.2802,104830.0,2.0,Andersonton,ND,Holy See (Vatican City State),0.0,1,Low
49,Non-binary,Bachelor's,Married,64350.0,789.0,35132.0,Business,Employed,15,Poor,0.5292,262003.0,0.0,Medinaville,PA,Faroe Islands,1.0,2,Low
37,Female,Master's,Married,55098.0,740.0,49665.0,Home,Unemployed,10,Poor,0.2743,72601.0,0.0,Spencefort,GA,Cambodia,0.0,1,Low
68,Female,PhD,Widowed,109690.0,719.0,23335.0,Auto,Self-employed,8,Poor,0.2134,51488.0,2.0,Rubenside,HI,Montserrat,4.0,2,Low
43,Non-binary,Master's,Married,100857.0,618.0,21236.0,Business,Self-employed,5,Poor,0.1208,158629.0,3.0,Smithstad,FM,New Zealand,2.0,1,Low
27,Male,Bachelor's,Widowed,61119.0,625.0,6147.0,Business,Employed,7,Fair,0.2704,122821.0,2.0,New Sharon,SD,Uruguay,3.0,2,High
26,Male,Bachelor's,Single,47618.0,788.0,10085.0,Home,Unemployed,6,Good,0.1157,167898.0,3.0,Lake Jamesshire,MD,British Indian Ocean Territory (Chagos Archipelago),1.0,0,Medium
52,Female,High School,Single,79004.0,772.0,19822.0,Home,Employed,3,Fair,0.3552,223224.0,4.0,Lake Gregorytown,NY,Indonesia,1.0,1,Low
33,Male,Master's,Widowed,96465.0,722.0,34985.0,Business,Unemployed,17,Excellent,0.2653,291272.0,1.0,Arnoldland,DE,Libyan Arab Jamahiriya,4.0,0,Low
35,Non-binary,High School,Divorced,63773.0,723.0,15267.0,Home,Unemployed,0,Fair,0.317,183098.0,1.0,Edwardport,MH,Argentina,1.0,0,Low
35,Non-binary,Bachelor's,Widowed,22458.0,723.0,14551.0,Personal,Employed,1,Fair,0.1347,160511.0,2.0,South Thomas,FM,Nigeria,3.0,2,Low
45,Female,Master's,Divorced,72462.0,765.0,46320.0,Business,Unemployed,17,Good,0.4244,282973.0,0.0,Leeport,DC,Lebanon,3.0,0,Low
21,Female,Bachelor's,Widowed,88917.0,669.0,18699.0,Home,Unemployed,16,Good,0.316,200676.0,3.0,Brittanyland,OH,Nauru,1.0,0,Medium
69,Male,High School,Divorced,115017.0,754.0,21294.0,Business,Self-employed,7,Poor,0.4905,296733.0,0.0,Lake David,NY,Saudi Arabia,0.0,2,Low
46,Male,Bachelor's,Widowed,118351.0,701.0,22112.0,Auto,Unemployed,12,Good,0.2305,68483.0,4.0,New Jose,MN,Uganda,0.0,1,Low
32,Non-binary,Bachelor's,Widowed,23352.0,694.0,46893.0,Home,Unemployed,12,Good,0.4944,73579.0,4.0,Myersfurt,KY,French Southern Territories,2.0,1,Medium
26,Male,PhD,Single,89634.0,624.0,26398.0,Personal,Employed,8,Excellent,0.1095,272809.0,3.0,Ramirezstad,OR,Guadeloupe,1.0,2,Low
65,Female,Bachelor's,Single,45381.0,643.0,13860.0,Personal,Employed,5,Poor,0.3539,111050.0,4.0,West Robert,KY,Mauritius,4.0,0,Low
69,Female,Master's,Widowed,73821.0,675.0,39326.0,Home,Unemployed,10,Fair,0.4632,125141.0,2.0,Lake Juliestad,OH,New Caledonia,0.0,0,Medium
35,Non-binary,PhD,Single,51174.0,737.0,38405.0,Home,Employed,12,Poor,0.5801,267330.0,3.0,New Willieport,VT,Kiribati,4.0,1,High
68,Female,PhD,Widowed,95446.0,655.0,27381.0,Auto,Employed,5,Good,0.2991,168007.0,1.0,Melanieshire,HI,Netherlands Antilles,4.0,2,Low
36,Female,PhD,Divorced,84558.0,622.0,21918.0,Personal,Unemployed,8,Good,0.2287,132884.0,1.0,Rogersmouth,MO,Somalia,4.0,0,Low
65,Non-binary,High School,Divorced,43202.0,714.0,5233.0,Business,Employed,0,Good,0.4123,46124.0,2.0,Whitefurt,OR,Turkmenistan,3.0,2,Low
40,Female,Bachelor's,Divorced,106724.0,623.0,37855.0,Personal,Employed,19,Excellent,0.4112,105548.0,1.0,Zunigaview,IL,Chad,1.0,2,Low
50,Non-binary,PhD,Widowed,28262.0,755.0,36543.0,Home,Employed,9,Fair,0.2503,261596.0,2.0,Schmidtview,SD,Svalbard & Jan Mayen Islands,0.0,1,Low
46,Non-binary,PhD,Divorced,61521.0,682.0,24449.0,Business,Unemployed,11,Poor,0.1249,213281.0,4.0,Taylorstad,AR,Saint Lucia,1.0,1,Low
61,Female,PhD,Widowed,21617.0,636.0,34140.0,Personal,Self-employed,18,Good,0.1884,216344.0,1.0,South Christiestad,AR,Congo,2.0,1,Low
47,Non-binary,Master's,Single,36689.0,743.0,10269.0,Auto,Employed,7,Fair,0.2486,127982.0,2.0,Mariaport,NV,Central African Republic,4.0,0,Low
27,Non-binary,Bachelor's,Married,60868.0,734.0,35842.0,Business,Self-employed,13,Poor,0.5054,247389.0,0.0,Hallside,IN,Guam,2.0,0,Low
57,Non-binary,Bachelor's,Married,111467.0,755.0,33082.0,Personal,Employed,4,Fair,0.1453,237561.0,2.0,Lopezville,NM,Pakistan,4.0,0,Low
57,Non-binary,Master's,Married,114022.0,691.0,31953.0,Home,Self-employed,18,Poor,0.5184,108579.0,2.0,South Cynthiabury,CO,San Marino,3.0,0,Medium
45,Female,Bachelor's,Married,50339.0,640.0,22366.0,Home,Self-employed,11,Poor,0.148,234501.0,4.0,Victoriachester,WY,Croatia,4.0,0,Medium
47,Non-binary,PhD,Single,108636.0,767.0,19418.0,Business,Employed,7,Fair,0.2817,162558.0,2.0,Normachester,NE,Turkmenistan,4.0,2,Low
40,Male,Master's,Single,117556.0,637.0,38345.0,Business,Self-employed,15,Fair,0.1173,262617.0,3.0,Nathanburgh,ME,Papua New Guinea,4.0,0,Low
59,Female,Bachelor's,Divorced,94874.0,694.0,5656.0,Home,Self-employed,3,Fair,0.3895,157035.0,0.0,Mirandaborough,AR,United States Minor Outlying Islands,2.0,2,Low
45,Female,High School,Divorced,117520.0,636.0,47405.0,Auto,Employed,1,Excellent,0.2071,168813.0,2.0,Timothymouth,IN,Barbados,1.0,0,Low
48,Non-binary,High School,Widowed,88285.0,669.0,40252.0,Home,Unemployed,12,Poor,0.1459,278719.0,4.0,Port Johnmouth,NM,Guatemala,4.0,2,Low
44,Male,PhD,Married,56282.0,680.0,46392.0,Home,Unemployed,17,Good,0.1844,94527.0,4.0,Port Samantha,WA,Bangladesh,0.0,0,Medium
40,Non-binary,High School,Widowed,35389.0,683.0,47018.0,Personal,Employed,2,Poor,0.1226,135857.0,1.0,Johnburgh,IL,Guam,4.0,2,Low
63,Female,Master's,Divorced,54510.0,639.0,45442.0,Business,Unemployed,19,Poor,0.266,80302.0,2.0,Lake Sarah,MD,Niger,2.0,0,Low
52,Non-binary,High School,Single,35819.0,768.0,22031.0,Auto,Self-employed,19,Fair,0.4807,244986.0,4.0,Gouldview,UT,Burkina Faso,2.0,2,Low
58,Male,High School,Married,44992.0,602.0,6377.0,Auto,Employed,12,Good,0.2105,134748.0,2.0,Davidshire,DE,Azerbaijan,4.0,1,Low
68,Male,PhD,Single,80062.0,757.0,19873.0,Business,Unemployed,11,Good,0.1662,244674.0,4.0,South Rebecca,WY,Mayotte,0.0,2,Low
57,Female,High School,Widowed,103557.0,651.0,45236.0,Business,Unemployed,13,Excellent,0.4054,210178.0,3.0,Bryanview,RI,Mauritania,4.0,0,Low
41,Male,Master's,Divorced,36120.0,717.0,7603.0,Business,Self-employed,1,Excellent,0.3491,118470.0,3.0,Joycefort,KS,Ecuador,4.0,2,Low
45,Male,Bachelor's,Single,80503.0,707.0,46280.0,Auto,Employed,8,Poor,0.4998,80930.0,4.0,Faulknerberg,IL,Malaysia,2.0,2,High
40,Female,High School,Divorced,20975.0,689.0,38601.0,Auto,Unemployed,9,Good,0.3924,61744.0,4.0,Myerstown,WV,Equatorial Guinea,2.0,0,Medium
19,Female,High School,Single,55800.0,616.0,30423.0,Home,Employed,9,Good,0.1358,237363.0,1.0,South Cassandra,AZ,Bahrain,0.0,1,Low
44,Non-binary,Bachelor's,Single,38223.0,637.0,24330.0,Business,Employed,11,Good,0.5967,30736.0,4.0,Port Christopher,WA,Reunion,4.0,2,Medium
64,Female,Bachelor's,Widowed,117069.0,618.0,39562.0,Home,Unemployed,0,Poor,0.1338,29487.0,3.0,North Hannah,AK,Egypt,4.0,1,Low
67,Non-binary,Master's,Divorced,72494.0,626.0,30745.0,Business,Employed,3,Excellent,0.5361,116879.0,4.0,East Joshua,AR,Kazakhstan,0.0,0,Low
37,Non-binary,PhD,Widowed,119251.0,687.0,15104.0,Personal,Self-employed,10,Fair,0.1256,164633.0,4.0,West Belindaton,UT,Mauritania,4.0,0,Low
20,Female,PhD,Single,87986.0,612.0,32980.0,Home,Self-employed,15,Fair,0.2803,36442.0,3.0,Lake Melanie,VI,Bouvet Island (Bouvetoya),3.0,2,Medium
54,Female,High School,Divorced,70278.0,711.0,30712.0,Auto,Unemployed,14,Fair,0.2689,282689.0,3.0,South Katherine,MH,Poland,1.0,1,Low
25,Female,Master's,Widowed,34482.0,754.0,49079.0,Auto,Unemployed,7,Fair,0.3673,32526.0,3.0,Williamsbury,OR,Belgium,4.0,0,High
32,Non-binary,Bachelor's,Divorced,28916.0,707.0,35641.0,Home,Unemployed,15,Poor,0.3325,125751.0,0.0,Thomasmouth,ID,Bangladesh,4.0,1,Low
22,Female,High School,Widowed,117977.0,658.0,27607.0,Business,Unemployed,3,Excellent,0.535,191282.0,1.0,Charlesview,IL,Norway,1.0,0,Medium
34,Female,PhD,Married,39423.0,759.0,40517.0,Home,Employed,4,Good,0.472,177051.0,3.0,Willisberg,OK,Finland,4.0,0,Low
47,Non-binary,PhD,Married,73149.0,785.0,19125.0,Personal,Unemployed,19,Fair,0.2396,168064.0,0.0,East Carlychester,LA,Malawi,0.0,1,Medium
19,Non-binary,PhD,Married,118111.0,687.0,12630.0,Personal,Employed,3,Good,0.2792,159829.0,3.0,New Lucas,ME,Ecuador,4.0,2,High
38,Male,Master's,Divorced,114048.0,743.0,45727.0,Auto,Unemployed,3,Poor,0.1419,256465.0,3.0,Lindseybury,TN,Micronesia,4.0,1,Low
36,Male,PhD,Married,99973.0,701.0,12242.0,Auto,Self-employed,14,Good,0.5131,177224.0,0.0,Mcknightside,WV,Saint Kitts and Nevis,0.0,2,Medium
46,Female,High School,Married,36786.0,652.0,30890.0,Personal,Self-employed,17,Poor,0.2676,220829.0,4.0,Millershire,MT,Uzbekistan,2.0,0,Low
47,Male,Bachelor's,Single,118039.0,622.0,34797.0,Personal,Employed,5,Excellent,0.5579,32326.0,4.0,East Michelletown,WI,Zimbabwe,3.0,2,Low
67,Female,Master's,Married,52261.0,614.0,44857.0,Auto,Employed,16,Excellent,0.174,239420.0,2.0,New Ashley,NJ,Brunei Darussalam,1.0,2,Medium
38,Male,Bachelor's,Divorced,67367.0,651.0,5850.0,Personal,Self-employed,3,Fair,0.5793,289472.0,3.0,Carterchester,GU,Japan,4.0,0,Medium
39,Non-binary,Master's,Single,21929.0,774.0,29107.0,Auto,Self-employed,17,Excellent,0.3575,72603.0,1.0,Russellchester,PA,Azerbaijan,1.0,0,Medium
40,Male,High School,Divorced,27084.0,750.0,5357.0,Auto,Self-employed,4,Excellent,0.3116,109976.0,2.0,Katiefort,NJ,Venezuela,4.0,2,Low
48,Non-binary,PhD,Widowed,106624.0,785.0,12703.0,Auto,Unemployed,10,Poor,0.1602,233430.0,1.0,Johnsonhaven,NM,Spain,3.0,0,Medium
41,Non-binary,Master's,Married,66861.0,786.0,37893.0,Personal,Self-employed,9,Excellent,0.1054,285876.0,2.0,New Christopher,GA,Pakistan,1.0,0,Low
57,Male,Bachelor's,Married,65311.0,602.0,11262.0,Business,Unemployed,9,Fair,0.5183,134811.0,2.0,North Clarence,HI,Cuba,3.0,2,High
64,Non-binary,High School,Widowed,47868.0,656.0,40105.0,Auto,Self-employed,18,Good,0.277,25531.0,2.0,North Danielmouth,PA,Paraguay,4.0,1,Low
57,Male,PhD,Divorced,77153.0,681.0,5787.0,Personal,Self-employed,9,Fair,0.3698,84569.0,4.0,Schwartzfurt,NE,New Caledonia,1.0,2,Low
30,Non-binary,PhD,Married,76068.0,729.0,43772.0,Personal,Self-employed,19,Poor,0.2838,63678.0,2.0,North Juanshire,UT,Chile,0.0,1,High
59,Female,Bachelor's,Single,23573.0,653.0,17090.0,Home,Unemployed,16,Good,0.256,48821.0,0.0,North Javiershire,NJ,Pakistan,1.0,2,High
31,Female,Bachelor's,Married,95204.0,686.0,8264.0,Home,Unemployed,1,Fair,0.3439,110768.0,4.0,Christophershire,MN,Samoa,4.0,2,Medium
31,Female,PhD,Widowed,64112.0,728.0,25822.0,Personal,Self-employed,3,Excellent,0.5799,239559.0,2.0,Kimberlyside,NE,Faroe Islands,0.0,1,Low
56,Non-binary,High School,Single,36184.0,779.0,27444.0,Auto,Unemployed,1,Excellent,0.5331,206862.0,0.0,Smithshire,SD,Kiribati,4.0,1,Medium
59,Male,PhD,Widowed,23376.0,639.0,13933.0,Auto,Self-employed,16,Fair,0.493,178206.0,0.0,West Chadfurt,MD,Greenland,2.0,0,Low
35,Male,Master's,Divorced,56415.0,618.0,5228.0,Personal,Self-employed,16,Poor,0.268,104274.0,1.0,Gilbertland,OH,Maldives,2.0,1,Low
52,Female,Bachelor's,Married,79618.0,603.0,8244.0,Auto,Unemployed,5,Fair,0.3392,211923.0,1.0,Quinnmouth,MD,Namibia,2.0,1,Low
61,Non-binary,High School,Married,33219.0,719.0,26958.0,Business,Unemployed,9,Fair,0.4802,121818.0,0.0,North Dakotaberg,DE,Lesotho,4.0,1,Medium
20,Non-binary,High School,Divorced,92949.0,658.0,24734.0,Auto,Unemployed,12,Good,0.5462,292573.0,3.0,West Donna,AK,Gibraltar,0.0,2,Low
64,Non-binary,Bachelor's,Widowed,63152.0,649.0,36556.0,Home,Self-employed,4,Good,0.2551,142627.0,2.0,South Eric,VA,Senegal,2.0,2,Low
61,Male,PhD,Widowed,66025.0,721.0,25986.0,Business,Employed,10,Excellent,0.1585,128601.0,2.0,Rickymouth,MO,Gambia,2.0,2,Low
64,Non-binary,PhD,Divorced,23044.0,669.0,38298.0,Auto,Employed,6,Good,0.2804,150426.0,3.0,Danielfort,KY,Brazil,1.0,0,High
59,Female,High School,Widowed,37349.0,626.0,30905.0,Business,Employed,5,Excellent,0.5128,254331.0,4.0,East Johnland,HI,Andorra,4.0,0,Low
43,Male,High School,Divorced,97085.0,664.0,16427.0,Auto,Unemployed,19,Poor,0.1465,186491.0,3.0,Deleonside,VT,Luxembourg,1.0,1,Low
64,Non-binary,High School,Divorced,85573.0,667.0,14241.0,Business,Employed,16,Fair,0.3235,230858.0,0.0,East Angelaburgh,AS,British Virgin Islands,1.0,1,Medium
33,Non-binary,PhD,Divorced,118538.0,699.0,16065.0,Personal,Self-employed,1,Poor,0.5588,34832.0,2.0,New Jonathanhaven,NH,Myanmar,3.0,1,Medium
52,Non-binary,Master's,Single,109577.0,607.0,35235.0,Personal,Self-employed,8,Excellent,0.5576,72940.0,0.0,South Rosston,CT,Malawi,0.0,2,Medium
65,Non-binary,Bachelor's,Divorced,82104.0,701.0,16654.0,Business,Unemployed,2,Fair,0.5319,284799.0,4.0,Laurastad,LA,Yemen,4.0,1,Medium
64,Male,Bachelor's,Divorced,96355.0,764.0,31279.0,Home,Employed,4,Good,0.3791,226010.0,1.0,Spencerbury,FL,Latvia,3.0,1,Low
39,Male,Master's,Divorced,41649.0,708.0,39830.0,Home,Unemployed,10,Good,0.2562,183171.0,0.0,West Steven,GA,Tokelau,1.0,2,High
50,Male,PhD,Married,90640.0,704.0,16990.0,Personal,Employed,12,Poor,0.3228,258480.0,4.0,Myersmouth,DE,Spain,1.0,0,Low
34,Male,Master's,Divorced,80064.0,610.0,13916.0,Personal,Employed,15,Excellent,0.5154,54664.0,4.0,Justinhaven,DE,United Kingdom,0.0,0,Medium
65,Non-binary,PhD,Divorced,54515.0,730.0,45396.0,Home,Unemployed,18,Good,0.3636,195559.0,2.0,Burgessberg,AZ,Swaziland,1.0,0,High
69,Female,PhD,Widowed,58487.0,720.0,44491.0,Personal,Self-employed,10,Excellent,0.308,209169.0,4.0,North Stephanieville,MT,Fiji,1.0,2,Low
40,Male,PhD,Divorced,94279.0,686.0,35574.0,Auto,Unemployed,7,Good,0.1832,288771.0,3.0,South Johnport,PW,Anguilla,3.0,0,High
39,Female,High School,Single,117217.0,659.0,7799.0,Auto,Employed,17,Good,0.3068,86523.0,0.0,West Jeffreyfurt,CA,Zambia,2.0,1,Low
27,Female,Bachelor's,Single,117555.0,659.0,27489.0,Home,Employed,0,Poor,0.5536,186467.0,4.0,Thompsonstad,AR,Slovenia,1.0,2,Low
53,Female,PhD,Divorced,31654.0,645.0,38221.0,Business,Unemployed,15,Fair,0.5139,96027.0,0.0,New Meganfurt,AR,Colombia,4.0,0,Medium
34,Non-binary,Master's,Single,99845.0,796.0,37891.0,Business,Unemployed,10,Poor,0.2849,273085.0,0.0,South Oscar,PW,Bouvet Island (Bouvetoya),3.0,0,Low
29,Non-binary,High School,Married,66971.0,709.0,25326.0,Home,Employed,0,Poor,0.3877,151112.0,4.0,New Candice,FL,Saint Vincent and the Grenadines,2.0,0,Low
26,Female,Bachelor's,Married,105694.0,685.0,18794.0,Business,Unemployed,0,Good,0.3202,23653.0,3.0,Margarettown,MS,Japan,2.0,2,Medium
43,Non-binary,High School,Widowed,110855.0,647.0,47202.0,Auto,Self-employed,9,Excellent,0.5235,259672.0,2.0,East Crystalland,OR,China,3.0,1,Low
63,Female,High School,Widowed,79220.0,688.0,33483.0,Home,Employed,7,Fair,0.308,225436.0,3.0,West Antonioville,TN,Falkland Islands (Malvinas),2.0,2,Low
40,Non-binary,PhD,Single,36462.0,795.0,11803.0,Business,Self-employed,6,Excellent,0.3048,275977.0,2.0,Jordanshire,NV,United Kingdom,4.0,1,Low
47,Male,Master's,Single,29442.0,790.0,47083.0,Business,Employed,14,Good,0.2471,85377.0,3.0,Richchester,PW,Suriname,2.0,2,Low
54,Non-binary,High School,Widowed,116666.0,667.0,14997.0,Auto,Self-employed,6,Fair,0.3881,135539.0,4.0,East Jimmymouth,MN,Czech Republic,4.0,1,Low
20,Female,High School,Widowed,29635.0,715.0,23199.0,Home,Self-employed,12,Excellent,0.1893,291653.0,2.0,Port Sandraport,KS,Norway,1.0,2,Medium
53,Female,Bachelor's,Widowed,48432.0,724.0,25236.0,Home,Employed,19,Good,0.356,137318.0,2.0,Careystad,VI,Netherlands,0.0,2,Low
42,Female,PhD,Divorced,20207.0,753.0,25012.0,Personal,Self-employed,17,Poor,0.2644,171961.0,3.0,Williamsfort,SD,Jordan,2.0,1,Medium
54,Male,PhD,Divorced,56366.0,767.0,10059.0,Personal,Unemployed,1,Good,0.5038,278832.0,2.0,Cindymouth,WY,Yemen,1.0,2,Low
20,Male,Bachelor's,Single,65406.0,681.0,24184.0,Personal,Unemployed,4,Poor,0.1353,285040.0,3.0,New Jenniferberg,FL,Togo,1.0,0,Low
37,Male,High School,Divorced,51058.0,793.0,27730.0,Home,Unemployed,1,Excellent,0.5863,144059.0,0.0,Lake Todd,ID,Saudi Arabia,2.0,2,Low
58,Male,High School,Divorced,34620.0,610.0,32400.0,Personal,Employed,3,Excellent,0.4711,94326.0,3.0,East Joseph,MI,Sierra Leone,4.0,2,Low
39,Male,PhD,Widowed,75313.0,672.0,18578.0,Home,Employed,2,Poor,0.2594,170754.0,4.0,East Monicaton,MA,Philippines,1.0,1,Low
40,Male,Bachelor's,Married,39465.0,678.0,34998.0,Personal,Unemployed,18,Good,0.3578,222171.0,2.0,South Samuel,PR,Martinique,3.0,2,Low
66,Female,Bachelor's,Widowed,39861.0,601.0,48146.0,Business,Self-employed,6,Poor,0.4415,162537.0,1.0,South Robert,WA,Kazakhstan,4.0,2,Low
34,Non-binary,Bachelor's,Widowed,115930.0,676.0,26833.0,Personal,Unemployed,4,Excellent,0.4643,211588.0,1.0,New Monica,MP,Korea,4.0,2,Low
29,Male,PhD,Single,26771.0,730.0,8160.0,Business,Unemployed,11,Poor,0.1221,292613.0,4.0,East Eric,UT,Seychelles,2.0,2,High
20,Non-binary,Bachelor's,Single,42740.0,754.0,5991.0,Auto,Self-employed,17,Good,0.4876,257827.0,0.0,Thomashaven,IA,Ghana,3.0,0,Low
57,Female,Bachelor's,Widowed,79204.0,776.0,44157.0,Personal,Employed,0,Good,0.1132,80333.0,1.0,Port Cody,CO,Romania,1.0,0,Low
55,Female,PhD,Married,82968.0,679.0,14046.0,Business,Self-employed,13,Good,0.2926,270764.0,0.0,North Kimberly,MT,New Zealand,0.0,1,Low
67,Female,Bachelor's,Single,92105.0,762.0,21479.0,Personal,Unemployed,6,Good,0.2139,240264.0,2.0,Browntown,OK,Cambodia,2.0,1,Low
48,Male,Master's,Married,76997.0,740.0,30977.0,Auto,Employed,3,Poor,0.3308,120880.0,3.0,West Edwardberg,FL,Micronesia,2.0,1,Low
21,Female,Bachelor's,Divorced,30040.0,725.0,41888.0,Personal,Unemployed,1,Poor,0.3871,143314.0,3.0,Clarktown,WY,Swaziland,1.0,2,Medium
65,Non-binary,PhD,Divorced,21080.0,761.0,8547.0,Auto,Self-employed,9,Excellent,0.1447,284256.0,2.0,Taylorshire,WA,French Southern Territories,4.0,0,Low
38,Female,Bachelor's,Married,36760.0,603.0,42083.0,Personal,Unemployed,15,Poor,0.4488,156342.0,3.0,Port Kara,DE,United Kingdom,1.0,0,Medium
51,Male,Bachelor's,Single,105549.0,748.0,18199.0,Personal,Self-employed,8,Excellent,0.2255,205428.0,0.0,Kellyberg,AZ,Australia,3.0,2,Medium
29,Male,PhD,Widowed,46272.0,661.0,12650.0,Home,Self-employed,18,Good,0.3581,293068.0,1.0,Brianmouth,AR,Tokelau,4.0,2,High
30,Non-binary,High School,Divorced,37187.0,717.0,34501.0,Personal,Unemployed,8,Good,0.5692,286851.0,0.0,South Taratown,SD,Tokelau,3.0,0,Medium
48,Female,PhD,Widowed,116742.0,670.0,15456.0,Business,Self-employed,5,Poor,0.4061,78874.0,1.0,Mathewsborough,AZ,Argentina,0.0,1,Medium
29,Non-binary,High School,Single,91123.0,711.0,28082.0,Business,Employed,5,Good,0.465,116211.0,4.0,North Malik,AL,Kuwait,0.0,1,Medium
59,Female,Bachelor's,Single,41106.0,757.0,44531.0,Personal,Unemployed,18,Excellent,0.4823,255402.0,0.0,Smithborough,MA,Macao,3.0,1,Low
59,Non-binary,Bachelor's,Married,80481.0,721.0,31165.0,Home,Employed,10,Fair,0.4344,281346.0,0.0,South Sharonmouth,CA,Spain,2.0,2,Low
40,Non-binary,High School,Divorced,40551.0,784.0,42257.0,Home,Employed,9,Fair,0.2787,199119.0,4.0,Ronaldberg,MD,Saudi Arabia,1.0,2,Low
24,Female,Bachelor's,Single,89206.0,610.0,30320.0,Auto,Self-employed,8,Excellent,0.454,171313.0,0.0,Kathleentown,MO,Liechtenstein,4.0,0,Medium
49,Female,PhD,Widowed,116815.0,794.0,35439.0,Business,Unemployed,12,Poor,0.2933,47063.0,4.0,West Melissamouth,ID,Wallis and Futuna,3.0,2,Low
28,Non-binary,Bachelor's,Divorced,83996.0,615.0,28543.0,Personal,Unemployed,6,Excellent,0.3245,240596.0,4.0,Youngborough,ND,Turkmenistan,4.0,2,Medium
63,Male,Master's,Divorced,24094.0,765.0,25450.0,Business,Unemployed,4,Poor,0.2297,281069.0,0.0,Markchester,NC,British Indian Ocean Territory (Chagos Archipelago),4.0,1,Medium
64,Non-binary,Bachelor's,Married,38643.0,694.0,34278.0,Auto,Employed,8,Good,0.3437,161189.0,3.0,Reillyside,GU,Jersey,1.0,0,High
51,Non-binary,PhD,Married,106708.0,739.0,20411.0,Auto,Self-employed,17,Fair,0.4412,143215.0,4.0,Markland,SC,Belize,3.0,0,High
42,Female,Bachelor's,Divorced,103247.0,708.0,21059.0,Auto,Unemployed,3,Fair,0.371,199480.0,4.0,South Candace,MS,American Samoa,3.0,2,Low
48,Male,Master's,Married,36484.0,615.0,16213.0,Auto,Unemployed,2,Fair,0.196,20203.0,2.0,Morrisville,RI,Latvia,4.0,1,Low
42,Female,PhD,Single,119007.0,601.0,38500.0,Business,Self-employed,18,Good,0.3207,71820.0,0.0,West Nathaniel,VT,Albania,0.0,1,Low
25,Male,Master's,Single,26473.0,651.0,18307.0,Business,Self-employed,16,Excellent,0.1775,48972.0,4.0,West Joshuashire,HI,United States Virgin Islands,0.0,2,Low
66,Non-binary,Bachelor's,Widowed,70551.0,743.0,30104.0,Business,Self-employed,2,Excellent,0.3836,172089.0,3.0,Lake Debra,IA,French Southern Territories,2.0,2,Low
65,Non-binary,Master's,Married,51481.0,686.0,45890.0,Business,Unemployed,19,Excellent,0.3732,157694.0,0.0,Farrellchester,MI,Uruguay,1.0,2,Low
22,Non-binary,High School,Divorced,88165.0,738.0,44765.0,Auto,Unemployed,3,Fair,0.4251,94271.0,2.0,Rogerbury,NM,Tokelau,0.0,0,Low
69,Non-binary,Bachelor's,Married,31344.0,628.0,16623.0,Auto,Self-employed,17,Poor,0.3123,80124.0,0.0,Davidfort,IL,Tunisia,0.0,1,Medium
51,Female,Bachelor's,Widowed,90766.0,651.0,25240.0,Auto,Employed,11,Fair,0.4563,163457.0,2.0,East Dawn,MH,Kenya,2.0,1,Low
64,Non-binary,PhD,Married,51094.0,758.0,7215.0,Business,Unemployed,16,Fair,0.4222,190645.0,3.0,East Douglas,MD,Mayotte,2.0,1,Low
33,Non-binary,Master's,Divorced,83554.0,743.0,48664.0,Home,Unemployed,16,Fair,0.2546,96989.0,0.0,Brooksville,AS,Pitcairn Islands,0.0,1,Low
53,Male,Master's,Divorced,62876.0,690.0,39134.0,Auto,Employed,9,Good,0.5467,55565.0,4.0,North Jennifer,DC,Bermuda,4.0,1,Medium
58,Female,PhD,Divorced,59113.0,716.0,17384.0,Auto,Self-employed,15,Excellent,0.3669,140585.0,1.0,Lake Taylorfurt,UT,Montenegro,3.0,0,Low
65,Non-binary,Master's,Married,24054.0,731.0,15988.0,Home,Employed,15,Excellent,0.1817,114409.0,3.0,Lake Aaronside,AZ,Central African Republic,1.0,2,Medium
63,Non-binary,Master's,Divorced,107017.0,770.0,42405.0,Personal,Unemployed,9,Fair,0.5456,128462.0,3.0,Matthewhaven,AS,Niger,4.0,1,High
61,Male,Master's,Divorced,81271.0,659.0,32241.0,Home,Unemployed,5,Good,0.1279,118172.0,4.0,Port Lori,AK,Serbia,1.0,0,Low
61,Male,Bachelor's,Single,26732.0,668.0,31107.0,Auto,Unemployed,16,Poor,0.182,64741.0,0.0,Flowersshire,NH,Kyrgyz Republic,4.0,0,High
24,Female,Master's,Married,109043.0,721.0,41973.0,Personal,Self-employed,17,Excellent,0.244,154466.0,4.0,South Kenneth,WA,Taiwan,0.0,1,Low
68,Male,Master's,Single,73389.0,669.0,43202.0,Business,Employed,14,Poor,0.3038,204985.0,2.0,West Jacob,NJ,Christmas Island,3.0,1,Low
21,Non-binary,Master's,Married,100337.0,687.0,36805.0,Home,Employed,4,Excellent,0.3216,274938.0,2.0,Port Michellehaven,HI,South Africa,0.0,2,Low
38,Non-binary,Bachelor's,Married,50268.0,759.0,16460.0,Business,Self-employed,13,Excellent,0.5189,278633.0,4.0,Sanchezmouth,VT,Zambia,4.0,0,Low
49,Non-binary,PhD,Divorced,37637.0,690.0,25005.0,Business,Employed,3,Good,0.581,55875.0,0.0,East Daniel,MN,Niue,4.0,1,Low
56,Male,High School,Widowed,42597.0,644.0,35406.0,Auto,Employed,11,Poor,0.1464,188660.0,3.0,West Barbarafurt,NJ,Faroe Islands,2.0,2,Medium
69,Non-binary,High School,Married,36040.0,737.0,11112.0,Personal,Self-employed,4,Excellent,0.3019,79983.0,3.0,South George,KS,Mauritania,4.0,1,Low
21,Female,High School,Divorced,96729.0,649.0,28026.0,Auto,Unemployed,9,Excellent,0.2754,70784.0,0.0,Port Angela,WI,Serbia,4.0,2,Low
33,Male,High School,Divorced,51147.0,724.0,24812.0,Personal,Unemployed,11,Poor,0.3102,222225.0,3.0,North Brendanhaven,MP,Comoros,4.0,1,Low
22,Male,High School,Single,100746.0,776.0,45106.0,Personal,Unemployed,8,Excellent,0.5968,110919.0,2.0,Susanfurt,VA,Japan,0.0,0,Low
39,Female,High School,Divorced,93634.0,642.0,8039.0,Home,Employed,3,Good,0.491,24931.0,2.0,Tuckerview,CA,Western Sahara,4.0,0,Low
57,Female,PhD,Married,89998.0,765.0,21077.0,Home,Employed,7,Fair,0.2618,263635.0,4.0,Brittanyside,KS,Cote d'Ivoire,2.0,1,Low
66,Female,High School,Widowed,96990.0,762.0,16970.0,Auto,Employed,10,Fair,0.2384,165982.0,3.0,Port Kelly,TN,Peru,0.0,0,Medium
29,Non-binary,Master's,Single,41086.0,632.0,8447.0,Auto,Employed,11,Fair,0.1484,45835.0,3.0,West Christopher,GU,Turkey,3.0,2,High
68,Male,Master's,Divorced,92035.0,728.0,34079.0,Auto,Unemployed,1,Fair,0.5019,49615.0,3.0,West Jenniferland,MP,Poland,4.0,2,Low
43,Non-binary,Bachelor's,Married,116889.0,611.0,20317.0,Home,Unemployed,10,Poor,0.3171,91033.0,0.0,New Dennis,VT,Sierra Leone,2.0,0,Low
61,Female,Master's,Single,116920.0,698.0,34671.0,Auto,Unemployed,8,Fair,0.4742,193391.0,1.0,Smithborough,NH,Uruguay,0.0,2,Low
67,Male,Bachelor's,Widowed,93098.0,640.0,14192.0,Auto,Unemployed,9,Poor,0.5438,162013.0,2.0,Port Bradley,MO,Comoros,4.0,2,Low
19,Male,Master's,Single,90494.0,701.0,44737.0,Business,Employed,17,Fair,0.4391,247167.0,2.0,Nicoleborough,AS,Palau,1.0,0,Medium
62,Male,PhD,Widowed,111512.0,794.0,26061.0,Home,Unemployed,13,Poor,0.1706,90373.0,4.0,Margaretland,MN,Luxembourg,0.0,1,Low
43,Non-binary,Master's,Married,111860.0,623.0,16743.0,Auto,Unemployed,19,Excellent,0.1687,115657.0,1.0,Stanleybury,KS,Estonia,4.0,2,Low
21,Female,High School,Widowed,65330.0,619.0,48155.0,Home,Self-employed,19,Fair,0.4593,113279.0,3.0,New Adam,MS,Grenada,3.0,2,Low
52,Non-binary,PhD,Single,47603.0,665.0,49815.0,Business,Self-employed,13,Good,0.3066,87571.0,0.0,Port Charles,IN,Greece,4.0,0,Low
23,Female,Master's,Single,44512.0,757.0,24839.0,Personal,Self-employed,17,Good,0.4593,102429.0,1.0,Danieltown,SC,Gabon,2.0,2,Low
23,Female,High School,Married,35648.0,705.0,5496.0,Home,Self-employed,1,Excellent,0.4745,211248.0,3.0,Lake Courtney,IL,Netherlands,3.0,1,Low
38,Male,Bachelor's,Married,72182.0,624.0,34000.0,Business,Self-employed,7,Fair,0.3584,256579.0,1.0,Michaelbury,DC,Saint Kitts and Nevis,3.0,0,Low
69,Male,PhD,Single,23034.0,793.0,11923.0,Personal,Unemployed,1,Excellent,0.3973,255166.0,1.0,New Nicoleview,ID,Cayman Islands,4.0,0,Low
46,Female,PhD,Single,24409.0,721.0,45270.0,Home,Employed,10,Poor,0.5904,228689.0,2.0,Elizabethbury,NE,Tajikistan,4.0,1,High
20,Male,High School,Married,68575.0,686.0,38653.0,Auto,Employed,0,Excellent,0.1718,216093.0,3.0,West Lauren,AR,Netherlands,1.0,0,Medium
20,Female,Master's,Widowed,48688.0,780.0,45080.0,Business,Self-employed,4,Excellent,0.2068,85342.0,3.0,East Stephaniemouth,SC,France,2.0,2,Low
58,Male,High School,Married,85430.0,681.0,20415.0,Auto,Employed,12,Fair,0.2977,190710.0,3.0,Katherineview,KS,New Caledonia,4.0,1,Medium
47,Male,Master's,Divorced,68704.0,626.0,18672.0,Home,Unemployed,16,Excellent,0.1238,233651.0,4.0,New Laura,VI,Azerbaijan,2.0,0,Low
52,Non-binary,High School,Single,42625.0,619.0,28194.0,Business,Unemployed,3,Excellent,0.1097,98874.0,4.0,Bakerport,PW,Cyprus,1.0,1,High
34,Female,High School,Widowed,58738.0,634.0,37272.0,Home,Self-employed,10,Poor,0.3803,190369.0,3.0,Andrewton,CO,Puerto Rico,4.0,0,Medium
40,Female,High School,Married,88769.0,622.0,13320.0,Home,Self-employed,15,Poor,0.425,111560.0,2.0,South Kimberly,DC,Slovenia,2.0,0,Medium
66,Non-binary,PhD,Divorced,23512.0,761.0,5368.0,Business,Employed,14,Good,0.5241,199402.0,0.0,Cobbview,CO,Morocco,4.0,2,Low
62,Male,Master's,Married,102755.0,766.0,37035.0,Auto,Self-employed,17,Fair,0.2716,177527.0,0.0,Michaelfurt,UT,Malawi,0.0,0,Low
65,Male,High School,Single,94102.0,660.0,41884.0,Personal,Unemployed,4,Poor,0.5078,168309.0,0.0,West Sharon,PA,Namibia,2.0,1,Medium
23,Male,Bachelor's,Widowed,35077.0,684.0,45861.0,Home,Self-employed,11,Fair,0.5748,270279.0,1.0,Manningberg,WV,Spain,0.0,1,Low
68,Non-binary,PhD,Single,48774.0,638.0,11797.0,Home,Employed,5,Fair,0.4409,280685.0,3.0,Watsonshire,HI,Saint Kitts and Nevis,0.0,1,Low
38,Female,Master's,Married,84557.0,736.0,23495.0,Business,Unemployed,13,Good,0.4887,119112.0,2.0,Butlerton,OH,Saint Pierre and Miquelon,0.0,0,Low
53,Non-binary,High School,Single,111071.0,659.0,15634.0,Personal,Employed,1,Poor,0.2248,82934.0,2.0,Sherrihaven,NH,Tuvalu,2.0,2,Low
48,Male,PhD,Married,25769.0,728.0,30657.0,Auto,Employed,3,Excellent,0.5964,136759.0,1.0,Sonyaville,NV,Kiribati,3.0,0,Low
59,Male,High School,Widowed,39332.0,761.0,8243.0,Personal,Self-employed,9,Good,0.3617,291571.0,1.0,Lawsonhaven,NM,Guyana,3.0,0,Low
44,Male,High School,Married,69966.0,651.0,31592.0,Home,Employed,6,Poor,0.3391,62134.0,3.0,South Christophertown,WA,Grenada,3.0,1,Low
22,Female,PhD,Single,61230.0,661.0,17515.0,Personal,Employed,0,Fair,0.2963,229799.0,1.0,Port Christopher,CA,Fiji,3.0,1,Low
52,Non-binary,Bachelor's,Single,62180.0,762.0,47971.0,Home,Employed,16,Fair,0.5735,214999.0,1.0,North Nicholasbury,AS,Anguilla,0.0,1,Medium
29,Female,Bachelor's,Married,104267.0,754.0,9531.0,Business,Employed,5,Excellent,0.535,192729.0,0.0,Kellybury,CA,Martinique,4.0,1,Medium
51,Male,High School,Married,90422.0,769.0,22219.0,Personal,Unemployed,11,Fair,0.4602,147198.0,1.0,Myersstad,GA,Togo,1.0,0,Medium
28,Male,Bachelor's,Married,105000.0,763.0,45284.0,Business,Unemployed,15,Fair,0.3912,276451.0,1.0,East Andrew,OH,Hong Kong,1.0,0,Medium
63,Female,Bachelor's,Single,114583.0,749.0,8324.0,Auto,Employed,7,Fair,0.4278,214885.0,3.0,Rubioborough,LA,Belgium,4.0,1,Low
18,Male,High School,Widowed,28787.0,726.0,48484.0,Auto,Employed,4,Fair,0.1963,73082.0,0.0,Port Kathleen,AZ,Latvia,1.0,2,Medium
50,Non-binary,PhD,Widowed,24096.0,704.0,23889.0,Home,Employed,6,Poor,0.4797,71600.0,1.0,Michaelshire,MP,Mozambique,0.0,1,Low
69,Non-binary,Master's,Single,100596.0,658.0,25983.0,Personal,Unemployed,12,Poor,0.4585,221759.0,1.0,East Darrenview,KY,Ecuador,0.0,0,Low
49,Female,Master's,Married,39984.0,657.0,16472.0,Auto,Self-employed,0,Excellent,0.5696,98187.0,4.0,Johnnytown,AL,Saint Barthelemy,2.0,2,Low
50,Non-binary,High School,Single,82453.0,701.0,12802.0,Business,Self-employed,3,Poor,0.1355,20374.0,0.0,Tamarastad,HI,Tajikistan,2.0,2,High
18,Male,PhD,Married,65798.0,757.0,40467.0,Business,Unemployed,12,Excellent,0.1349,69521.0,2.0,Hullmouth,ND,Cape Verde,2.0,1,Medium
22,Non-binary,Master's,Widowed,74235.0,692.0,27277.0,Personal,Unemployed,8,Excellent,0.1782,254998.0,1.0,South Johnton,SC,Jordan,4.0,2,Low
38,Non-binary,Bachelor's,Single,93480.0,733.0,49851.0,Personal,Self-employed,19,Excellent,0.4458,31189.0,0.0,Brandyland,SC,French Guiana,2.0,0,Low
32,Non-binary,Bachelor's,Married,68640.0,757.0,39149.0,Auto,Unemployed,6,Good,0.3433,134970.0,2.0,West Kathrynside,TX,Saint Pierre and Miquelon,1.0,0,Medium
64,Non-binary,Master's,Married,103634.0,644.0,32694.0,Auto,Employed,18,Good,0.1411,101682.0,4.0,South Deborahborough,VA,Botswana,2.0,1,Low
46,Male,Bachelor's,Single,63739.0,710.0,32254.0,Business,Unemployed,15,Good,0.5197,87440.0,3.0,Port Christopher,WY,Singapore,2.0,0,Low
33,Female,PhD,Divorced,60376.0,612.0,16928.0,Home,Self-employed,2,Fair,0.5734,182076.0,1.0,South Matthewstad,VA,Bouvet Island (Bouvetoya),0.0,2,Low
64,Female,PhD,Married,99428.0,708.0,7806.0,Personal,Unemployed,18,Good,0.416,83412.0,2.0,West Hannahburgh,NH,Nigeria,3.0,0,Medium
18,Male,Bachelor's,Widowed,54986.0,643.0,45149.0,Home,Unemployed,2,Excellent,0.4566,278807.0,1.0,Leemouth,MT,Czech Republic,2.0,1,Low
37,Non-binary,Master's,Widowed,38330.0,763.0,28925.0,Personal,Employed,4,Poor,0.2664,150125.0,4.0,West Justinville,MP,Mexico,1.0,1,Low
21,Female,Bachelor's,Widowed,36447.0,619.0,24804.0,Home,Unemployed,19,Good,0.5946,245890.0,0.0,North Whitney,IN,Italy,1.0,0,Low
58,Non-binary,PhD,Single,71434.0,747.0,5877.0,Auto,Employed,18,Excellent,0.2555,30394.0,1.0,Shawnport,NH,Namibia,0.0,1,Low
46,Non-binary,PhD,Divorced,75744.0,631.0,40701.0,Personal,Self-employed,0,Fair,0.2906,102832.0,4.0,Markfort,NE,Montenegro,3.0,0,Low
42,Male,High School,Single,37830.0,677.0,30839.0,Home,Unemployed,8,Poor,0.2065,157713.0,0.0,North James,OR,Slovakia (Slovak Republic),1.0,1,Medium
18,Non-binary,Master's,Divorced,20500.0,623.0,28188.0,Auto,Employed,6,Good,0.286,195069.0,0.0,Lake Davidfort,AZ,Guyana,2.0,2,Low
67,Non-binary,Master's,Married,27649.0,754.0,38572.0,Home,Employed,18,Fair,0.2899,60915.0,4.0,Laurenfurt,GU,Belarus,1.0,0,Medium
22,Non-binary,Bachelor's,Widowed,90639.0,620.0,44101.0,Home,Self-employed,16,Good,0.4554,297705.0,2.0,Jerrybury,WI,Bahamas,1.0,2,Medium
42,Non-binary,Bachelor's,Widowed,98348.0,766.0,9290.0,Personal,Self-employed,16,Fair,0.383,150748.0,2.0,Michealfurt,AK,Tuvalu,0.0,2,High
43,Non-binary,PhD,Single,89131.0,629.0,8138.0,Personal,Unemployed,10,Excellent,0.3838,115995.0,0.0,Daviesmouth,MN,Norway,2.0,1,High
54,Male,Master's,Widowed,110253.0,676.0,21023.0,Auto,Unemployed,9,Excellent,0.4598,297512.0,4.0,South Christopher,IL,Tanzania,3.0,0,Low
30,Male,Master's,Widowed,50083.0,706.0,39686.0,Personal,Self-employed,14,Fair,0.2212,209096.0,4.0,Melissaberg,NC,Saint Vincent and the Grenadines,4.0,0,Medium
19,Non-binary,High School,Single,119539.0,787.0,29398.0,Personal,Self-employed,12,Fair,0.4536,272660.0,2.0,Goodmouth,OR,United Arab Emirates,3.0,1,Low
57,Male,Master's,Widowed,52322.0,665.0,49360.0,Home,Employed,10,Fair,0.312,87211.0,0.0,Reesechester,DE,Antigua and Barbuda,2.0,1,Low
47,Male,PhD,Married,101664.0,603.0,49634.0,Home,Unemployed,7,Excellent,0.4744,172928.0,2.0,East Ashley,AR,Niue,2.0,0,Medium
26,Male,High School,Divorced,84823.0,638.0,10910.0,Business,Self-employed,3,Good,0.4881,186680.0,0.0,West Annburgh,NC,Venezuela,3.0,1,Medium
19,Non-binary,Master's,Divorced,27509.0,695.0,41472.0,Personal,Unemployed,12,Excellent,0.2443,202553.0,4.0,Georgeton,AS,Guinea,1.0,2,Medium
33,Non-binary,High School,Widowed,80746.0,755.0,41549.0,Personal,Self-employed,4,Fair,0.2237,159574.0,0.0,Vargaston,MD,Western Sahara,1.0,1,Low
28,Non-binary,PhD,Divorced,113812.0,746.0,30454.0,Business,Employed,12,Poor,0.374,129584.0,1.0,West Dannystad,NH,Netherlands Antilles,4.0,1,Low
25,Male,Bachelor's,Married,23685.0,645.0,11305.0,Home,Self-employed,8,Fair,0.2496,153499.0,3.0,Jacksontown,UT,Romania,1.0,0,Low
64,Male,Bachelor's,Single,69766.0,786.0,18225.0,Business,Self-employed,0,Fair,0.461,266355.0,2.0,Austinview,MP,Saint Vincent and the Grenadines,0.0,0,Low
19,Male,Master's,Married,83878.0,677.0,22185.0,Home,Self-employed,19,Good,0.5142,159423.0,2.0,Christinashire,OH,Turks and Caicos Islands,4.0,2,Medium
42,Non-binary,High School,Married,110085.0,739.0,45168.0,Business,Employed,3,Excellent,0.2603,69790.0,0.0,Port David,OR,Palau,4.0,2,Low
57,Non-binary,Bachelor's,Single,85270.0,678.0,30572.0,Home,Self-employed,8,Fair,0.3372,238405.0,0.0,Owenside,CA,French Polynesia,3.0,2,Medium
62,Male,Master's,Widowed,48183.0,764.0,30923.0,Auto,Unemployed,19,Fair,0.3585,271579.0,4.0,West Lorettaton,KS,Philippines,1.0,2,Low
33,Female,High School,Widowed,68063.0,792.0,16333.0,Business,Self-employed,18,Fair,0.325,137463.0,4.0,Michaelhaven,MI,Malta,0.0,0,Low
64,Male,Bachelor's,Married,68865.0,652.0,10871.0,Home,Employed,19,Excellent,0.2618,61829.0,4.0,Port Robertport,MD,Morocco,3.0,2,Medium
48,Male,PhD,Divorced,79051.0,710.0,7543.0,Business,Self-employed,18,Excellent,0.318,281996.0,4.0,Michaelchester,WA,Armenia,4.0,1,Low
52,Male,Master's,Married,114079.0,641.0,42680.0,Home,Employed,10,Fair,0.5495,226391.0,2.0,New Marcchester,MT,Bolivia,0.0,1,Low
37,Non-binary,Bachelor's,Single,106512.0,689.0,46229.0,Personal,Employed,13,Poor,0.3471,82012.0,0.0,Lake Charles,GA,Turkmenistan,0.0,1,Low
67,Male,PhD,Single,110731.0,662.0,26339.0,Personal,Unemployed,13,Good,0.3342,74433.0,4.0,Snyderville,KY,Rwanda,3.0,2,Medium
35,Male,High School,Single,96043.0,760.0,20191.0,Personal,Employed,0,Excellent,0.5216,27218.0,3.0,New Sandra,PR,Pitcairn Islands,3.0,1,Medium
61,Non-binary,Bachelor's,Married,111818.0,782.0,46277.0,Personal,Unemployed,5,Good,0.3113,263264.0,4.0,East Isaac,MN,Estonia,3.0,2,Medium
67,Non-binary,High School,Widowed,28109.0,725.0,45290.0,Business,Employed,19,Poor,0.1057,271959.0,1.0,Scottbury,IL,Nepal,4.0,2,Low
30,Female,Bachelor's,Divorced,67198.0,788.0,40789.0,Business,Unemployed,2,Good,0.5947,201682.0,3.0,Patrickberg,MO,Jordan,0.0,1,Low
33,Male,High School,Single,60912.0,629.0,11333.0,Home,Employed,12,Poor,0.2272,176881.0,3.0,South Garychester,VA,Gambia,2.0,1,Medium
49,Female,Master's,Divorced,28915.0,619.0,10605.0,Personal,Self-employed,11,Poor,0.3976,122499.0,2.0,Clarkberg,AL,Andorra,1.0,1,Medium
51,Non-binary,Master's,Single,27636.0,670.0,27624.0,Auto,Self-employed,3,Excellent,0.4108,148385.0,4.0,Brandonview,IN,Niger,0.0,2,High
32,Non-binary,High School,Widowed,100227.0,707.0,21858.0,Auto,Self-employed,15,Good,0.437,33999.0,1.0,Bakerhaven,UT,Libyan Arab Jamahiriya,2.0,2,Low
29,Female,Master's,Divorced,31844.0,724.0,27715.0,Personal,Employed,1,Fair,0.4751,92747.0,1.0,Lake Kathrynville,WV,Senegal,1.0,1,Low
43,Non-binary,High School,Widowed,53831.0,762.0,37475.0,Business,Self-employed,10,Excellent,0.365,96524.0,0.0,Brownfort,TX,Faroe Islands,0.0,1,Medium
50,Male,High School,Divorced,58805.0,695.0,6411.0,Home,Employed,15,Poor,0.5257,87887.0,0.0,Lindsayfurt,MS,Algeria,4.0,0,Low
45,Non-binary,Master's,Widowed,113740.0,666.0,37601.0,Personal,Employed,2,Poor,0.345,95202.0,1.0,Boydborough,AS,Greenland,2.0,1,Low
27,Female,PhD,Divorced,115906.0,773.0,21189.0,Auto,Self-employed,1,Excellent,0.2562,20806.0,1.0,West Joseph,IA,Botswana,1.0,0,Medium
65,Male,PhD,Widowed,74017.0,779.0,8500.0,Business,Unemployed,2,Good,0.5559,237616.0,2.0,Mckenzieville,MT,China,4.0,0,Low
61,Non-binary,Bachelor's,Married,70907.0,655.0,47020.0,Home,Unemployed,13,Excellent,0.2924,75841.0,4.0,New Paul,OR,Reunion,1.0,2,Low
27,Non-binary,High School,Divorced,28195.0,712.0,42212.0,Business,Unemployed,11,Poor,0.1576,26200.0,3.0,North Joeshire,MA,British Indian Ocean Territory (Chagos Archipelago),1.0,0,Low
19,Female,Master's,Married,74933.0,711.0,14319.0,Business,Self-employed,8,Excellent,0.2451,29044.0,4.0,Lake Ashley,WA,Panama,1.0,1,Low
51,Female,Master's,Single,21287.0,676.0,28354.0,Auto,Employed,16,Poor,0.2043,50379.0,1.0,South Jamesshire,UT,Hungary,3.0,1,Medium
35,Female,High School,Widowed,41291.0,645.0,35429.0,Home,Unemployed,8,Excellent,0.3249,66197.0,2.0,South Christian,MH,Sri Lanka,3.0,1,Low
32,Non-binary,High School,Divorced,112211.0,696.0,8500.0,Business,Employed,4,Excellent,0.3955,109557.0,4.0,West Nicole,OK,Uganda,0.0,0,Low
54,Male,High School,Married,31357.0,659.0,14147.0,Business,Self-employed,4,Excellent,0.1629,130225.0,4.0,Matthewberg,RI,Croatia,2.0,0,Medium
55,Male,Master's,Widowed,83960.0,622.0,36522.0,Business,Self-employed,11,Excellent,0.2768,130539.0,0.0,East Joshua,NM,Martinique,1.0,0,Low
44,Male,High School,Single,25267.0,759.0,34310.0,Personal,Unemployed,16,Excellent,0.4087,116602.0,0.0,East Jerryfort,NJ,Monaco,0.0,1,Low
25,Female,PhD,Divorced,77805.0,628.0,45270.0,Business,Self-employed,6,Fair,0.2517,28786.0,2.0,Douglasborough,HI,Kyrgyz Republic,4.0,1,Low
20,Non-binary,Bachelor's,Single,70469.0,766.0,34621.0,Home,Unemployed,6,Poor,0.5,207073.0,1.0,Stevensonfort,MO,Seychelles,1.0,0,High
58,Female,High School,Divorced,32863.0,757.0,41300.0,Business,Self-employed,1,Fair,0.395,72517.0,4.0,Flowersfort,LA,Greece,2.0,0,Medium
24,Female,Master's,Single,52827.0,775.0,42631.0,Personal,Unemployed,15,Excellent,0.1837,27385.0,4.0,East Suzannefort,AL,Dominica,3.0,2,High
65,Female,Master's,Divorced,53756.0,621.0,9973.0,Auto,Self-employed,17,Good,0.1908,140940.0,1.0,North Seanfort,GU,French Guiana,1.0,1,Medium
44,Non-binary,PhD,Widowed,112477.0,684.0,9457.0,Personal,Employed,12,Fair,0.1454,103709.0,0.0,Port Lisa,IN,Tajikistan,4.0,1,High
46,Non-binary,Master's,Widowed,91153.0,637.0,21825.0,Business,Unemployed,5,Excellent,0.1838,177338.0,3.0,Kaylaville,OR,Italy,3.0,1,Low
31,Male,PhD,Married,98619.0,786.0,11766.0,Home,Unemployed,5,Fair,0.1398,58544.0,0.0,South Glennstad,IA,Malta,2.0,0,Medium
58,Female,High School,Married,102055.0,640.0,17556.0,Home,Employed,4,Fair,0.3703,57066.0,4.0,South Michaelabury,LA,France,3.0,1,Low
21,Male,PhD,Widowed,40698.0,704.0,13616.0,Business,Employed,10,Excellent,0.182,103913.0,2.0,Lake Kaylaton,SC,Afghanistan,0.0,0,Medium
29,Female,PhD,Divorced,90994.0,733.0,30575.0,Auto,Self-employed,3,Poor,0.2487,176470.0,0.0,North Carlos,NH,Heard Island and McDonald Islands,1.0,0,Low
46,Male,PhD,Widowed,35793.0,753.0,25804.0,Personal,Unemployed,11,Excellent,0.2318,180326.0,2.0,Ruthmouth,CT,Kenya,2.0,1,Medium
29,Male,PhD,Widowed,62464.0,732.0,42258.0,Home,Unemployed,9,Poor,0.1934,51960.0,3.0,Danielmouth,VA,Anguilla,2.0,2,Medium
34,Non-binary,PhD,Divorced,107893.0,748.0,35977.0,Auto,Unemployed,5,Excellent,0.5997,233874.0,0.0,Hannahberg,AK,Maldives,3.0,0,Medium
52,Female,PhD,Divorced,55297.0,706.0,20336.0,Home,Unemployed,9,Poor,0.4908,221561.0,3.0,Tonyburgh,MN,South Georgia and the South Sandwich Islands,2.0,0,Low
48,Male,Master's,Single,50956.0,665.0,42987.0,Home,Employed,11,Fair,0.4698,297747.0,2.0,Wilsonland,IA,Georgia,4.0,0,High
18,Female,High School,Widowed,74716.0,607.0,40179.0,Business,Self-employed,17,Poor,0.5865,63995.0,1.0,Lake Curtis,DC,Guam,3.0,2,Medium
28,Female,PhD,Divorced,106364.0,761.0,48271.0,Business,Employed,12,Good,0.4143,126917.0,1.0,Olsonfurt,MA,Saint Pierre and Miquelon,3.0,0,Medium
61,Male,High School,Widowed,52333.0,651.0,5063.0,Home,Employed,2,Fair,0.1865,219479.0,2.0,West Amandaberg,NE,Bahamas,1.0,2,Low
69,Non-binary,PhD,Single,101397.0,782.0,5796.0,Home,Unemployed,18,Good,0.486,79903.0,1.0,South Maria,NE,South Georgia and the South Sandwich Islands,0.0,0,Low
52,Non-binary,Bachelor's,Divorced,114977.0,690.0,13387.0,Business,Self-employed,8,Poor,0.4236,22313.0,4.0,Brownville,NM,Falkland Islands (Malvinas),0.0,2,Low
31,Female,High School,Divorced,27006.0,705.0,14243.0,Personal,Employed,2,Excellent,0.2225,124339.0,3.0,New Shawnview,NC,Bolivia,0.0,0,Medium
62,Male,PhD,Widowed,94712.0,717.0,14034.0,Home,Employed,12,Good,0.3229,281997.0,2.0,Melissastad,SD,China,2.0,2,High
50,Male,PhD,Single,31440.0,606.0,35668.0,Personal,Unemployed,9,Poor,0.5809,114033.0,3.0,Stephaniehaven,MH,Guinea,0.0,2,Medium
69,Male,High School,Single,89683.0,600.0,47081.0,Personal,Employed,0,Poor,0.1908,204105.0,4.0,Lopezstad,SD,Maldives,2.0,2,High
50,Male,PhD,Widowed,38361.0,670.0,29273.0,Personal,Self-employed,8,Excellent,0.4892,188908.0,2.0,Port Kirstenport,UT,Cambodia,2.0,2,Medium
62,Female,Master's,Widowed,103514.0,616.0,44715.0,Personal,Unemployed,5,Fair,0.5867,52491.0,4.0,Howardport,HI,Finland,3.0,2,Low
45,Non-binary,High School,Widowed,62548.0,742.0,47007.0,Business,Self-employed,14,Poor,0.1152,210363.0,2.0,Ayalaton,MO,United Kingdom,0.0,0,Low
25,Female,PhD,Married,108260.0,721.0,32988.0,Home,Unemployed,16,Fair,0.5883,239363.0,0.0,South Cheryl,PW,Tokelau,3.0,0,Low
68,Male,Bachelor's,Married,107942.0,790.0,16254.0,Auto,Employed,7,Excellent,0.1968,282736.0,2.0,Sandraside,IN,Belgium,2.0,0,Medium
48,Female,Master's,Widowed,42820.0,626.0,23075.0,Personal,Self-employed,16,Excellent,0.4934,39627.0,3.0,Port Chadmouth,ND,Hungary,4.0,1,Low
53,Male,High School,Divorced,37335.0,664.0,31726.0,Business,Self-employed,14,Excellent,0.1954,87735.0,0.0,North Clarencechester,WA,United Arab Emirates,1.0,0,Low
68,Male,Master's,Single,83232.0,729.0,37146.0,Auto,Unemployed,13,Fair,0.2773,112573.0,4.0,New Tracyhaven,NM,Vanuatu,0.0,0,Low
44,Female,Bachelor's,Widowed,77202.0,731.0,37968.0,Home,Employed,1,Excellent,0.1439,288036.0,0.0,West Mary,AS,Armenia,4.0,2,Medium
61,Female,High School,Divorced,31320.0,748.0,14762.0,Home,Employed,5,Fair,0.2021,142102.0,3.0,Christianhaven,MT,Norway,1.0,1,Medium
54,Female,Master's,Widowed,41971.0,718.0,21620.0,Auto,Unemployed,16,Excellent,0.5094,21926.0,1.0,Gordonville,VI,Isle of Man,4.0,2,High
19,Male,Bachelor's,Divorced,101596.0,769.0,22751.0,Auto,Self-employed,19,Excellent,0.3828,57709.0,4.0,East Steven,NE,Turks and Caicos Islands,2.0,1,Medium
38,Female,PhD,Widowed,119152.0,656.0,14695.0,Auto,Unemployed,5,Excellent,0.2766,137629.0,0.0,West Cynthia,CA,Singapore,0.0,2,Low
47,Female,PhD,Divorced,84713.0,733.0,49788.0,Business,Unemployed,15,Excellent,0.3458,120722.0,3.0,Benjaminmouth,LA,Bermuda,1.0,1,Medium
44,Non-binary,High School,Widowed,75810.0,714.0,29253.0,Auto,Unemployed,11,Poor,0.4763,168604.0,2.0,Turnerborough,PR,Malta,0.0,2,Medium
55,Male,Bachelor's,Single,39798.0,746.0,31088.0,Home,Unemployed,12,Excellent,0.3405,217624.0,0.0,South Joel,WA,Costa Rica,1.0,2,Low
43,Non-binary,Master's,Divorced,46015.0,767.0,29686.0,Home,Unemployed,12,Good,0.3347,48608.0,1.0,Justinshire,OR,Cuba,0.0,0,Low
59,Non-binary,High School,Married,31351.0,626.0,16810.0,Business,Employed,12,Poor,0.2874,237587.0,3.0,West Jeffreyfort,MT,Costa Rica,1.0,2,Medium
68,Non-binary,Master's,Divorced,64763.0,610.0,16474.0,Home,Self-employed,3,Excellent,0.2742,204689.0,3.0,Williefurt,IA,Algeria,2.0,1,Low
23,Female,High School,Single,31440.0,649.0,8610.0,Home,Employed,6,Good,0.3397,230457.0,2.0,Allenville,NV,Angola,0.0,0,Low
21,Female,Master's,Single,54072.0,705.0,25706.0,Auto,Self-employed,0,Poor,0.2233,238086.0,3.0,Heatherland,KY,Jordan,3.0,1,Low
23,Non-binary,PhD,Widowed,77219.0,670.0,12264.0,Personal,Unemployed,16,Fair,0.4443,213498.0,1.0,Annettebury,MA,Sierra Leone,3.0,0,High
62,Female,PhD,Single,81429.0,642.0,15732.0,Home,Self-employed,5,Good,0.4526,221531.0,2.0,Loganburgh,ME,Tajikistan,0.0,1,Medium
39,Non-binary,Master's,Single,37469.0,765.0,13408.0,Business,Unemployed,16,Poor,0.4461,272447.0,1.0,Michaelbury,ID,Nicaragua,0.0,1,Low
36,Non-binary,Bachelor's,Married,87762.0,615.0,23131.0,Auto,Employed,18,Poor,0.3964,141271.0,1.0,Amandaton,MS,Oman,0.0,1,Medium
37,Male,Bachelor's,Single,58196.0,670.0,17813.0,Business,Unemployed,4,Good,0.1919,167890.0,2.0,East Williammouth,KY,Pitcairn Islands,0.0,2,Low
52,Non-binary,PhD,Widowed,61274.0,782.0,25030.0,Personal,Unemployed,13,Poor,0.3418,231295.0,1.0,Scottbury,RI,Ecuador,0.0,2,High
44,Non-binary,Bachelor's,Single,94590.0,631.0,28255.0,Home,Employed,10,Good,0.2962,267112.0,0.0,Robertsmouth,WY,Marshall Islands,4.0,2,Low
58,Non-binary,Bachelor's,Married,45600.0,643.0,30491.0,Personal,Unemployed,14,Fair,0.4177,41377.0,3.0,Stevenstad,VT,Somalia,3.0,2,Low
27,Non-binary,Bachelor's,Married,23048.0,698.0,27894.0,Auto,Self-employed,10,Fair,0.439,35120.0,3.0,Whitestad,CO,South Georgia and the South Sandwich Islands,3.0,2,Low
63,Non-binary,PhD,Divorced,41545.0,743.0,30233.0,Personal,Employed,15,Good,0.4859,76096.0,0.0,Lake Christophermouth,DE,Timor-Leste,4.0,0,High
61,Non-binary,Bachelor's,Divorced,36643.0,648.0,42473.0,Personal,Self-employed,9,Fair,0.5197,257763.0,2.0,Clarkshire,ND,Ghana,0.0,2,High
54,Female,High School,Widowed,67429.0,624.0,16059.0,Personal,Unemployed,2,Poor,0.3343,129450.0,3.0,New Alexanderside,PR,Comoros,2.0,0,Low
44,Male,PhD,Divorced,94904.0,676.0,29749.0,Home,Self-employed,11,Good,0.5614,144296.0,3.0,Michaelton,VT,Kenya,2.0,0,Low
43,Male,Bachelor's,Widowed,42743.0,653.0,5633.0,Business,Employed,6,Good,0.3969,150504.0,2.0,Hernandezhaven,PA,Swaziland,0.0,1,Medium
22,Non-binary,High School,Divorced,33423.0,715.0,36856.0,Business,Unemployed,6,Fair,0.5554,154147.0,3.0,Weberfurt,PR,American Samoa,3.0,1,Low
55,Female,Master's,Single,71673.0,628.0,15170.0,Home,Employed,5,Fair,0.3258,145327.0,2.0,West Kristinaborough,RI,Singapore,4.0,1,Low
35,Male,Bachelor's,Widowed,22594.0,674.0,26707.0,Home,Employed,15,Good,0.2276,238913.0,0.0,Lake Thomaston,IN,Myanmar,2.0,1,Medium
66,Female,High School,Married,57487.0,731.0,28084.0,Auto,Unemployed,13,Excellent,0.4773,153122.0,2.0,Lopezview,NV,Slovenia,4.0,2,Low
50,Female,Bachelor's,Married,83830.0,742.0,28147.0,Business,Self-employed,0,Fair,0.1419,57148.0,3.0,New Paula,WI,Gibraltar,3.0,2,Low
54,Non-binary,PhD,Divorced,24271.0,776.0,11635.0,Business,Self-employed,9,Excellent,0.5367,65680.0,1.0,South Andrea,AZ,Namibia,1.0,2,Low
41,Male,PhD,Married,113375.0,747.0,28670.0,Personal,Employed,3,Good,0.3046,279725.0,0.0,East Heathertown,SD,Fiji,1.0,2,Low
29,Female,Bachelor's,Single,118303.0,746.0,43849.0,Personal,Unemployed,16,Excellent,0.5828,29205.0,1.0,West Katherineborough,CT,Ecuador,3.0,0,Low
25,Male,PhD,Single,114819.0,760.0,7366.0,Home,Employed,14,Poor,0.4337,63100.0,3.0,Michaelland,AK,British Virgin Islands,4.0,0,Low
68,Female,PhD,Widowed,27066.0,694.0,34495.0,Personal,Self-employed,15,Good,0.2792,43190.0,3.0,Nelsonchester,FM,Guyana,2.0,0,Low
19,Male,PhD,Single,99345.0,779.0,10505.0,Home,Self-employed,3,Fair,0.3899,106765.0,0.0,North Matthew,NV,Nicaragua,2.0,0,Low
30,Female,PhD,Married,84042.0,640.0,49808.0,Auto,Self-employed,1,Fair,0.1173,62599.0,4.0,Waynebury,FL,Luxembourg,2.0,1,Low
29,Male,High School,Married,79332.0,768.0,25748.0,Business,Unemployed,5,Excellent,0.5261,198991.0,4.0,East Kristinfurt,KY,Cambodia,3.0,1,Low
66,Female,High School,Married,59823.0,611.0,25919.0,Business,Unemployed,3,Fair,0.1547,252041.0,2.0,South Michael,DE,Somalia,1.0,2,Low
55,Female,High School,Divorced,71342.0,628.0,14899.0,Home,Employed,3,Poor,0.5701,127499.0,3.0,Port Theresaside,FM,North Macedonia,4.0,2,Medium
18,Male,Bachelor's,Single,108197.0,700.0,49550.0,Home,Employed,9,Good,0.2584,79841.0,3.0,New Ginatown,KY,Bahrain,0.0,0,Medium
46,Male,PhD,Divorced,48365.0,782.0,46094.0,Home,Unemployed,11,Excellent,0.1178,35719.0,3.0,Lake Carlfurt,IA,Cayman Islands,0.0,2,Low
23,Non-binary,Master's,Widowed,104816.0,682.0,15427.0,Auto,Self-employed,12,Fair,0.4612,227103.0,1.0,Johnport,GU,Chile,1.0,2,Low
44,Non-binary,Bachelor's,Single,92197.0,693.0,41984.0,Home,Employed,18,Fair,0.4238,99475.0,0.0,South Stephen,WA,Isle of Man,0.0,2,Low
30,Female,Master's,Single,48239.0,716.0,9194.0,Business,Employed,5,Excellent,0.3854,243622.0,2.0,New Tina,DE,Marshall Islands,1.0,1,Medium
64,Female,PhD,Widowed,25738.0,657.0,47392.0,Home,Employed,11,Fair,0.4901,36750.0,1.0,Melissabury,SD,Vietnam,3.0,2,Low
23,Female,High School,Married,47358.0,725.0,37083.0,Business,Employed,9,Poor,0.5117,276591.0,3.0,Alvaradohaven,GU,Holy See (Vatican City State),1.0,2,Low
56,Non-binary,High School,Single,29551.0,790.0,23560.0,Personal,Employed,5,Excellent,0.1844,154716.0,3.0,Lake Robin,MD,Estonia,4.0,1,Medium
51,Female,PhD,Widowed,62185.0,666.0,49812.0,Auto,Self-employed,14,Excellent,0.5821,215503.0,3.0,Boothhaven,NH,Slovenia,4.0,2,Low
46,Male,Bachelor's,Married,50802.0,784.0,12800.0,Business,Unemployed,0,Excellent,0.4791,71391.0,1.0,Annehaven,SD,Thailand,0.0,2,Medium
66,Male,High School,Single,90883.0,762.0,29662.0,Business,Self-employed,18,Good,0.2599,119162.0,4.0,Stricklandtown,AL,French Guiana,3.0,1,Medium
62,Male,Master's,Single,25176.0,732.0,22507.0,Auto,Unemployed,14,Poor,0.5603,291845.0,2.0,Dustinville,SC,Seychelles,2.0,0,Medium
32,Female,Bachelor's,Divorced,95583.0,688.0,34497.0,Home,Unemployed,3,Poor,0.499,182352.0,2.0,Steeletown,CO,Czech Republic,0.0,1,Low
43,Male,High School,Widowed,106842.0,673.0,49293.0,Auto,Employed,9,Poor,0.4368,175259.0,2.0,Adamsshire,MD,Saint Martin,4.0,2,High
54,Male,High School,Married,73252.0,765.0,17660.0,Auto,Employed,11,Fair,0.5885,261861.0,2.0,New Jonathan,RI,Monaco,0.0,0,Medium
38,Male,Master's,Single,74532.0,742.0,17271.0,Home,Employed,12,Fair,0.5177,25869.0,3.0,New Edwin,MA,Uruguay,4.0,1,Low
55,Female,PhD,Married,95569.0,672.0,31938.0,Home,Unemployed,14,Good,0.2086,277090.0,3.0,North Donnafort,VA,Cameroon,0.0,0,Low
24,Male,PhD,Single,99883.0,740.0,7410.0,Home,Unemployed,15,Fair,0.1717,121933.0,0.0,Port Karishire,PW,Chile,2.0,2,Medium
50,Female,Bachelor's,Single,23658.0,611.0,42193.0,Auto,Self-employed,9,Good,0.137,159226.0,1.0,Christopherbury,WI,Bangladesh,2.0,1,High
22,Male,PhD,Married,106078.0,725.0,40992.0,Auto,Unemployed,14,Good,0.5411,58615.0,4.0,South Miguelberg,VI,United Kingdom,2.0,2,Low
19,Female,Bachelor's,Widowed,55449.0,630.0,10128.0,Personal,Unemployed,19,Poor,0.4775,222415.0,0.0,East Sheryl,CO,Luxembourg,1.0,2,Medium
24,Non-binary,Master's,Single,106120.0,621.0,48561.0,Home,Unemployed,5,Poor,0.3116,291001.0,4.0,South George,RI,Svalbard & Jan Mayen Islands,3.0,0,Low
37,Male,Bachelor's,Married,41540.0,713.0,5111.0,Personal,Self-employed,14,Poor,0.1178,47454.0,1.0,Swansonfurt,ME,Dominica,4.0,2,Low
39,Male,Master's,Single,59893.0,722.0,21693.0,Personal,Employed,13,Fair,0.5207,234037.0,3.0,South Kathryn,DE,Mayotte,1.0,1,Medium
51,Non-binary,Master's,Divorced,41711.0,626.0,19715.0,Auto,Employed,0,Good,0.473,111339.0,4.0,Burgessfurt,CT,Kuwait,0.0,1,Low
59,Non-binary,High School,Widowed,23576.0,726.0,34162.0,Personal,Unemployed,9,Good,0.3328,32629.0,0.0,Tomhaven,VA,Nepal,3.0,2,Low
62,Female,Bachelor's,Widowed,46207.0,615.0,36781.0,Auto,Self-employed,6,Good,0.3112,282889.0,4.0,Castanedashire,FL,Costa Rica,3.0,2,Medium
65,Male,Master's,Single,37942.0,730.0,5240.0,Business,Self-employed,17,Excellent,0.5502,165444.0,3.0,West Kelseymouth,SC,Guam,3.0,1,Low
50,Non-binary,Bachelor's,Divorced,59958.0,678.0,20079.0,Personal,Employed,14,Good,0.547,124174.0,4.0,Lake Danielville,TN,Grenada,4.0,2,Medium
22,Non-binary,PhD,Divorced,53208.0,712.0,5152.0,Auto,Employed,9,Good,0.1288,108323.0,0.0,Kathrynshire,WV,Togo,1.0,0,High
57,Non-binary,PhD,Divorced,113993.0,735.0,44979.0,Personal,Self-employed,3,Excellent,0.3521,54077.0,0.0,North Derek,OK,Niger,4.0,0,Low
69,Female,Master's,Married,72723.0,690.0,7609.0,Home,Self-employed,17,Poor,0.1163,286649.0,0.0,West Danielleport,TX,Morocco,2.0,2,Medium
60,Female,PhD,Widowed,47525.0,735.0,8633.0,Auto,Employed,2,Good,0.2615,204459.0,0.0,East Katherine,ME,Niue,2.0,1,Low
38,Male,Master's,Divorced,64411.0,794.0,5739.0,Business,Employed,9,Good,0.1916,265680.0,2.0,Hillmouth,GA,Monaco,0.0,0,Low
38,Male,High School,Divorced,103004.0,774.0,12980.0,Home,Unemployed,12,Poor,0.1692,204003.0,2.0,West Patriciaport,NH,Falkland Islands (Malvinas),4.0,1,Medium
28,Non-binary,High School,Married,115402.0,768.0,41417.0,Personal,Employed,3,Fair,0.2452,63120.0,3.0,Rossview,PW,Norfolk Island,3.0,0,High
32,Female,Bachelor's,Widowed,112930.0,631.0,15413.0,Home,Self-employed,7,Fair,0.331,170794.0,4.0,Troyshire,MO,Turkey,0.0,0,Low
38,Female,High School,Divorced,25015.0,615.0,47084.0,Personal,Self-employed,3,Poor,0.3196,92488.0,0.0,Cynthiaton,SC,Niger,0.0,1,Low
24,Male,High School,Widowed,119272.0,704.0,42677.0,Auto,Self-employed,6,Fair,0.1152,111913.0,3.0,East Sandramouth,MO,Mexico,2.0,2,Low
35,Non-binary,PhD,Widowed,119884.0,775.0,45296.0,Business,Self-employed,19,Fair,0.5354,233975.0,1.0,Ricardoberg,AL,Yemen,0.0,0,Medium
43,Female,High School,Widowed,23217.0,741.0,36107.0,Home,Self-employed,16,Good,0.1094,66589.0,2.0,New Jacobtown,KS,Australia,4.0,1,Medium
37,Non-binary,Master's,Married,104131.0,684.0,38706.0,Personal,Self-employed,2,Poor,0.4108,262570.0,1.0,East Dustinton,DC,Tajikistan,2.0,0,Low
46,Female,High School,Divorced,114485.0,667.0,17719.0,Business,Employed,4,Good,0.234,180679.0,3.0,Anthonyside,GA,Mayotte,2.0,2,Low
60,Female,High School,Divorced,44119.0,616.0,29829.0,Business,Self-employed,3,Poor,0.3714,184141.0,0.0,West Johnchester,ND,Guernsey,4.0,1,Low
34,Female,Master's,Married,96133.0,631.0,9677.0,Personal,Unemployed,12,Excellent,0.1151,265344.0,4.0,Rossshire,GA,Lithuania,0.0,2,Low
64,Male,Master's,Divorced,81589.0,659.0,49502.0,Auto,Employed,4,Excellent,0.4731,244764.0,2.0,Samuelville,AZ,Bouvet Island (Bouvetoya),4.0,0,Low
60,Male,Bachelor's,Married,93124.0,791.0,21559.0,Auto,Self-employed,18,Good,0.3377,90509.0,0.0,Jacobfort,ND,Saint Helena,2.0,1,Low
63,Female,PhD,Divorced,80369.0,759.0,45434.0,Auto,Self-employed,10,Good,0.2373,289186.0,1.0,West Raymondburgh,MN,Namibia,4.0,2,Low
31,Male,Bachelor's,Widowed,51182.0,752.0,41815.0,Auto,Self-employed,3,Excellent,0.5796,22178.0,2.0,Washingtonport,MD,Western Sahara,1.0,0,High
46,Male,High School,Single,29495.0,620.0,6143.0,Personal,Self-employed,18,Good,0.4356,216388.0,4.0,Lake Robertmouth,AK,Peru,4.0,0,Low
61,Non-binary,Bachelor's,Single,43439.0,607.0,19802.0,Business,Unemployed,18,Fair,0.2003,161475.0,1.0,Port Shawn,OK,Grenada,4.0,1,Low
49,Non-binary,Master's,Widowed,112534.0,639.0,45544.0,Home,Self-employed,5,Poor,0.5455,48464.0,4.0,New Rebecca,KS,United States Minor Outlying Islands,1.0,2,High
54,Female,PhD,Married,94210.0,755.0,45882.0,Business,Employed,6,Excellent,0.2137,293614.0,2.0,Saunderschester,ND,Peru,0.0,0,Medium
69,Male,Master's,Single,96524.0,703.0,38530.0,Auto,Employed,0,Fair,0.2997,27115.0,2.0,Jonesshire,KS,Faroe Islands,4.0,2,Medium
39,Male,PhD,Divorced,24539.0,789.0,16107.0,Home,Employed,7,Excellent,0.1112,93619.0,2.0,Lisatown,NH,Germany,2.0,0,Low
67,Non-binary,PhD,Widowed,83828.0,662.0,38072.0,Auto,Employed,3,Excellent,0.13,234175.0,2.0,Jessicamouth,PA,Lao People's Democratic Republic,0.0,2,Medium
33,Male,PhD,Married,20794.0,737.0,11073.0,Home,Unemployed,11,Poor,0.4193,248812.0,4.0,West Dawn,DE,Zambia,2.0,0,Medium
31,Male,Master's,Widowed,80385.0,790.0,34774.0,Personal,Self-employed,0,Excellent,0.5354,238785.0,0.0,Nielsenhaven,AZ,Congo,4.0,1,Low
59,Male,PhD,Married,20972.0,753.0,13905.0,Home,Self-employed,0,Poor,0.1399,37510.0,3.0,East Hannahmouth,MI,Bolivia,4.0,0,Low
69,Male,PhD,Widowed,75037.0,685.0,40819.0,Business,Unemployed,9,Poor,0.5781,276311.0,1.0,East Karen,RI,Russian Federation,1.0,2,Low
37,Female,PhD,Single,97123.0,771.0,30777.0,Personal,Self-employed,10,Poor,0.4084,83719.0,2.0,Mayfurt,HI,Palau,4.0,2,Low
25,Non-binary,PhD,Married,92832.0,718.0,45198.0,Auto,Employed,15,Poor,0.286,106439.0,3.0,South Claudia,NC,Niue,1.0,0,Low
55,Non-binary,Bachelor's,Married,99698.0,725.0,39079.0,Personal,Self-employed,0,Fair,0.2247,93750.0,2.0,North Danielmouth,TX,Saint Martin,1.0,2,Medium
50,Non-binary,Master's,Divorced,103460.0,623.0,34363.0,Auto,Unemployed,7,Poor,0.1158,64808.0,2.0,Gonzalezstad,MO,Denmark,1.0,2,Low
59,Female,PhD,Widowed,107762.0,786.0,38375.0,Home,Unemployed,16,Good,0.4044,198172.0,0.0,Port Brianberg,IN,Seychelles,3.0,1,Medium
63,Non-binary,High School,Widowed,91616.0,654.0,29211.0,Home,Unemployed,0,Good,0.3747,285021.0,0.0,Jenniferfort,OH,Finland,1.0,0,Medium
36,Female,Bachelor's,Single,115719.0,629.0,7717.0,Personal,Self-employed,1,Poor,0.383,127974.0,1.0,New Oliviashire,MT,Kuwait,2.0,1,Low
20,Non-binary,High School,Divorced,100066.0,682.0,40863.0,Personal,Self-employed,5,Good,0.4606,22404.0,4.0,Ballardhaven,AS,Jordan,4.0,2,High
26,Female,Bachelor's,Divorced,42347.0,713.0,30194.0,Business,Employed,5,Poor,0.4631,36720.0,2.0,North Anthony,AL,Finland,3.0,2,Medium
49,Male,PhD,Divorced,84261.0,640.0,49666.0,Home,Employed,11,Good,0.4756,299724.0,0.0,Erikaberg,AZ,Jordan,4.0,2,Medium
62,Non-binary,Bachelor's,Divorced,30204.0,624.0,37010.0,Auto,Unemployed,4,Poor,0.5789,141946.0,1.0,West Kim,WA,Guinea-Bissau,3.0,1,Low
37,Non-binary,Master's,Single,32872.0,756.0,20874.0,Home,Self-employed,15,Poor,0.4366,147220.0,4.0,East Staceytown,NV,Cook Islands,1.0,0,Low
45,Male,PhD,Widowed,27444.0,670.0,6110.0,Home,Employed,5,Excellent,0.3094,233568.0,4.0,New Jasonfurt,ME,Kazakhstan,4.0,0,High
45,Non-binary,Master's,Single,118489.0,725.0,8210.0,Business,Employed,8,Good,0.316,155283.0,1.0,Lake Nicoleburgh,PW,El Salvador,4.0,0,Medium
66,Non-binary,PhD,Single,58921.0,708.0,34994.0,Business,Employed,4,Poor,0.4092,284886.0,4.0,Ericshire,FL,Georgia,0.0,1,Medium
56,Non-binary,High School,Divorced,104688.0,782.0,42080.0,Home,Unemployed,10,Good,0.3844,119743.0,0.0,Lucasstad,WY,Armenia,1.0,2,High
25,Male,Bachelor's,Divorced,114414.0,659.0,7012.0,Personal,Employed,0,Fair,0.2673,167209.0,2.0,South Robertview,MA,Comoros,2.0,1,Low
62,Female,PhD,Married,21223.0,639.0,17587.0,Auto,Self-employed,19,Fair,0.5171,216580.0,3.0,Whiteton,MP,Barbados,3.0,1,Low
64,Non-binary,PhD,Divorced,112489.0,772.0,18035.0,Business,Self-employed,5,Good,0.2798,240769.0,2.0,Vangfurt,MH,Mongolia,3.0,0,Medium
48,Female,PhD,Divorced,109833.0,665.0,31151.0,Home,Self-employed,0,Fair,0.3317,147114.0,1.0,Armstrongborough,KY,Guinea,1.0,0,Medium
53,Male,High School,Divorced,51657.0,752.0,13471.0,Personal,Employed,0,Fair,0.2488,25898.0,1.0,New Timothy,OH,South Georgia and the South Sandwich Islands,0.0,2,Medium
52,Male,Master's,Single,60455.0,611.0,34180.0,Home,Unemployed,7,Excellent,0.2021,33208.0,3.0,Port Justinville,MH,Tuvalu,0.0,2,Low
61,Male,Bachelor's,Divorced,82303.0,740.0,45679.0,Home,Unemployed,14,Poor,0.2315,64211.0,1.0,East Jonathan,RI,Mexico,4.0,1,Low
48,Male,High School,Single,38226.0,779.0,17161.0,Auto,Employed,10,Excellent,0.547,143612.0,4.0,Anthonymouth,MA,San Marino,3.0,2,Low
54,Female,High School,Married,27771.0,713.0,13476.0,Business,Self-employed,0,Good,0.3628,95825.0,1.0,Beckville,NC,Mozambique,2.0,1,Low
40,Female,Master's,Single,114450.0,787.0,49311.0,Auto,Employed,2,Poor,0.3367,196558.0,0.0,Dawnburgh,OK,San Marino,0.0,1,Low
34,Female,PhD,Single,118531.0,611.0,28718.0,Home,Employed,8,Excellent,0.1596,73318.0,1.0,Donaldburgh,WY,Western Sahara,4.0,2,Medium
58,Non-binary,Bachelor's,Single,86201.0,602.0,21335.0,Home,Employed,9,Fair,0.4855,53878.0,0.0,Port Davidbury,NC,United Kingdom,2.0,1,Medium
64,Non-binary,Bachelor's,Widowed,45475.0,671.0,32875.0,Home,Self-employed,1,Fair,0.5894,41939.0,0.0,Arnoldborough,MT,Mexico,0.0,0,Low
32,Female,PhD,Married,30807.0,657.0,28581.0,Business,Unemployed,4,Excellent,0.4879,46049.0,2.0,Miketon,ND,French Guiana,2.0,1,Low
49,Female,Bachelor's,Widowed,79183.0,648.0,40472.0,Personal,Self-employed,15,Poor,0.3471,177122.0,3.0,Brownfort,MH,Barbados,1.0,1,Low
18,Female,PhD,Married,110447.0,767.0,7415.0,Home,Employed,18,Good,0.2974,202149.0,2.0,Mistyfort,CA,Eritrea,3.0,0,Low
23,Male,High School,Widowed,85873.0,741.0,42572.0,Personal,Self-employed,9,Good,0.162,260010.0,1.0,North Chelsea,WA,Nauru,0.0,1,Low
42,Male,Master's,Divorced,118475.0,653.0,34745.0,Business,Unemployed,1,Poor,0.137,175204.0,3.0,Andreton,WV,Bouvet Island (Bouvetoya),4.0,1,Low
30,Female,High School,Widowed,112305.0,780.0,36361.0,Home,Unemployed,17,Fair,0.5402,108452.0,1.0,New Colleen,SC,Bermuda,1.0,2,High
25,Male,High School,Divorced,85957.0,756.0,33344.0,Personal,Employed,9,Fair,0.488,293088.0,0.0,Jessicaberg,SD,Saint Lucia,4.0,0,High
19,Female,High School,Married,44509.0,774.0,7800.0,Business,Self-employed,17,Excellent,0.3243,31645.0,1.0,Norrisport,FL,Suriname,3.0,1,Low
21,Male,Bachelor's,Married,97017.0,614.0,41646.0,Auto,Employed,12,Fair,0.5053,111831.0,0.0,Rachelstad,VI,Georgia,1.0,1,Low
57,Female,Master's,Divorced,101975.0,799.0,30736.0,Home,Employed,8,Poor,0.3954,108729.0,0.0,North Amy,MO,Sierra Leone,2.0,1,Low
44,Female,Bachelor's,Widowed,93356.0,655.0,8247.0,Business,Unemployed,3,Excellent,0.1645,123836.0,0.0,Lake John,SD,Botswana,1.0,2,Low
59,Non-binary,Bachelor's,Single,79228.0,621.0,33142.0,Business,Unemployed,2,Poor,0.5226,251021.0,4.0,North Lisa,MO,Armenia,1.0,0,Low
39,Non-binary,Bachelor's,Married,109609.0,719.0,28577.0,Personal,Unemployed,16,Fair,0.4659,294121.0,3.0,East Nicole,VA,Haiti,4.0,0,Low
50,Female,Master's,Married,102160.0,730.0,43681.0,Business,Employed,18,Good,0.5147,237236.0,4.0,South Travisfort,ID,United States Virgin Islands,3.0,2,Medium
65,Non-binary,Master's,Single,65161.0,672.0,47662.0,Auto,Employed,4,Poor,0.4499,75389.0,4.0,East Darrell,NJ,Morocco,4.0,1,Medium
22,Female,PhD,Divorced,49046.0,792.0,33352.0,Business,Employed,13,Fair,0.4458,211701.0,0.0,South Samuel,PA,Namibia,4.0,1,Medium
59,Non-binary,PhD,Married,97148.0,697.0,9064.0,Personal,Self-employed,11,Fair,0.2828,243137.0,1.0,Nicoleshire,OR,Libyan Arab Jamahiriya,1.0,2,Medium
63,Non-binary,PhD,Single,115202.0,665.0,8078.0,Auto,Unemployed,16,Good,0.5214,219012.0,1.0,New Calvinstad,CT,Ethiopia,2.0,2,Medium
30,Non-binary,High School,Widowed,43118.0,793.0,39139.0,Business,Unemployed,12,Poor,0.1424,63732.0,2.0,Phillipview,WV,Indonesia,0.0,1,Low
25,Female,PhD,Married,51828.0,710.0,12317.0,Home,Employed,8,Excellent,0.522,61941.0,3.0,North Laurenborough,NJ,Trinidad and Tobago,4.0,2,Low
66,Female,Bachelor's,Married,117317.0,607.0,34264.0,Personal,Unemployed,11,Fair,0.318,269586.0,0.0,East Julieport,NH,Kazakhstan,3.0,2,Low
18,Female,PhD,Married,102174.0,723.0,49436.0,Home,Employed,11,Good,0.5817,75233.0,4.0,Matthewfort,KY,Timor-Leste,2.0,1,Low
43,Female,Master's,Divorced,76298.0,687.0,6962.0,Home,Self-employed,1,Poor,0.1492,155206.0,4.0,East Susan,GU,Cote d'Ivoire,2.0,1,High
41,Male,Bachelor's,Married,20553.0,667.0,22999.0,Business,Unemployed,17,Good,0.5604,118512.0,4.0,Elizabethtown,DC,Greenland,2.0,1,Medium
63,Non-binary,Master's,Married,86551.0,700.0,32175.0,Business,Unemployed,14,Poor,0.3781,76655.0,4.0,Coopermouth,HI,Nicaragua,3.0,0,High
43,Female,High School,Widowed,50924.0,635.0,24834.0,Auto,Employed,14,Good,0.1004,233700.0,4.0,Normanfort,NH,Bolivia,0.0,1,Low
44,Non-binary,High School,Divorced,28303.0,681.0,32180.0,Personal,Self-employed,7,Excellent,0.5361,196239.0,3.0,New Briannafort,KY,Grenada,3.0,1,Low
51,Male,High School,Married,110917.0,644.0,23902.0,Auto,Unemployed,2,Fair,0.2322,199020.0,0.0,North Tylerburgh,SC,Martinique,4.0,0,Low
42,Female,Master's,Widowed,90393.0,641.0,47582.0,Home,Employed,19,Fair,0.1575,149662.0,4.0,Laurenstad,MN,Samoa,4.0,2,Low
21,Non-binary,Bachelor's,Single,105687.0,660.0,28241.0,Home,Unemployed,9,Excellent,0.2499,287888.0,2.0,Lynchton,ME,Kiribati,3.0,1,Low
39,Non-binary,Master's,Widowed,107667.0,698.0,28304.0,Home,Unemployed,11,Poor,0.3896,224597.0,1.0,Jenniferstad,NE,Austria,1.0,1,Low
56,Male,Master's,Single,60225.0,731.0,27281.0,Auto,Self-employed,1,Poor,0.2942,295586.0,2.0,Contrerasport,ND,Eritrea,3.0,2,Low
22,Male,PhD,Married,88211.0,662.0,16311.0,Business,Employed,19,Fair,0.3921,80913.0,2.0,New Carol,HI,Tajikistan,1.0,1,Low
23,Female,Master's,Married,98191.0,664.0,43458.0,Auto,Unemployed,1,Fair,0.3434,170724.0,4.0,Kingside,ME,Poland,3.0,1,High
55,Non-binary,PhD,Married,117858.0,743.0,5290.0,Auto,Employed,3,Excellent,0.4342,37513.0,4.0,West Michelleview,NY,Angola,0.0,2,Medium
36,Male,Bachelor's,Widowed,119656.0,710.0,39405.0,Auto,Self-employed,5,Fair,0.5702,216575.0,1.0,New Patricialand,MH,Armenia,0.0,1,Low
26,Male,Master's,Married,57682.0,778.0,31581.0,Personal,Employed,9,Poor,0.299,195709.0,2.0,New Danielville,AS,Nicaragua,2.0,1,Low
39,Male,PhD,Married,45390.0,705.0,10183.0,Auto,Self-employed,4,Poor,0.1563,121494.0,4.0,Josephchester,DC,Suriname,3.0,0,High
20,Non-binary,PhD,Divorced,101541.0,626.0,5982.0,Personal,Employed,16,Fair,0.175,111917.0,0.0,East Kellyberg,KS,Yemen,4.0,0,Low
69,Female,High School,Married,111414.0,788.0,44552.0,Business,Unemployed,2,Good,0.2625,70257.0,2.0,New Scottton,HI,Bermuda,2.0,0,Low
66,Female,High School,Widowed,29529.0,663.0,21825.0,Business,Unemployed,11,Fair,0.5438,247025.0,3.0,East Jeremy,KY,Reunion,2.0,1,Low
66,Female,Bachelor's,Divorced,23801.0,601.0,37355.0,Auto,Employed,8,Good,0.2434,118869.0,1.0,Vasquezport,NV,Australia,3.0,2,Low
34,Non-binary,Bachelor's,Divorced,72018.0,683.0,16563.0,Auto,Unemployed,17,Good,0.539,50331.0,4.0,Port Elizabethshire,WV,Barbados,1.0,0,Medium
41,Male,PhD,Divorced,41943.0,665.0,10901.0,Business,Employed,18,Good,0.3472,102543.0,3.0,Cynthiaside,AS,Ireland,0.0,1,High
23,Female,High School,Married,93198.0,694.0,46011.0,Personal,Unemployed,17,Fair,0.3765,156337.0,1.0,Baileyburgh,PR,Eritrea,3.0,1,High
53,Female,Bachelor's,Widowed,78434.0,636.0,27482.0,Personal,Employed,3,Poor,0.4525,231512.0,1.0,Johnsonfort,IN,Rwanda,3.0,1,Low
41,Female,Master's,Married,21132.0,714.0,5042.0,Home,Self-employed,11,Poor,0.1539,197553.0,2.0,Lake Kyle,WI,Heard Island and McDonald Islands,2.0,2,Medium
19,Female,High School,Divorced,92009.0,655.0,27046.0,Home,Employed,1,Fair,0.3456,42639.0,3.0,North Brandonport,OH,Kenya,4.0,2,Low
47,Female,High School,Single,31101.0,715.0,8849.0,Home,Unemployed,14,Excellent,0.5539,77633.0,3.0,Caseyland,FL,Algeria,0.0,2,Low
39,Non-binary,Bachelor's,Single,30967.0,622.0,46590.0,Auto,Unemployed,7,Poor,0.4834,289035.0,1.0,Jimenezberg,CT,Kyrgyz Republic,0.0,2,Low
40,Male,High School,Divorced,103449.0,757.0,40983.0,Business,Self-employed,16,Excellent,0.3318,275739.0,1.0,North Tiffanymouth,HI,Niue,2.0,2,Medium
37,Male,Bachelor's,Divorced,95893.0,778.0,7897.0,Auto,Employed,9,Excellent,0.4535,149100.0,4.0,Kimberlyland,AZ,Eritrea,0.0,2,Low
68,Female,Master's,Widowed,81050.0,639.0,12787.0,Business,Employed,12,Good,0.5813,72382.0,3.0,Johnsonshire,IA,Andorra,2.0,1,Low
58,Non-binary,Bachelor's,Divorced,21634.0,633.0,45582.0,Business,Unemployed,14,Fair,0.5901,102968.0,2.0,Lake Coryville,MI,New Zealand,2.0,1,Medium
51,Male,Bachelor's,Married,103962.0,645.0,9123.0,Personal,Unemployed,1,Poor,0.4733,43776.0,1.0,New Kelsey,VI,Puerto Rico,1.0,1,Medium
37,Female,PhD,Divorced,52795.0,679.0,21659.0,Business,Unemployed,12,Poor,0.2333,116944.0,3.0,Margaretborough,PA,Angola,1.0,2,Low
50,Non-binary,Master's,Married,65097.0,704.0,9445.0,Personal,Self-employed,1,Fair,0.1682,279062.0,0.0,West Davidfort,OH,Jordan,2.0,0,Low
25,Non-binary,Master's,Single,44680.0,618.0,21524.0,Auto,Employed,3,Poor,0.4408,257922.0,1.0,East Amystad,CA,Egypt,0.0,0,Low
19,Female,Bachelor's,Divorced,39109.0,604.0,27368.0,Auto,Employed,13,Poor,0.3393,62536.0,3.0,Marymouth,MS,French Guiana,0.0,1,Low
18,Male,High School,Married,69671.0,676.0,12337.0,Personal,Self-employed,11,Good,0.211,227807.0,0.0,Freemanberg,VT,Bolivia,4.0,2,Low
34,Female,Bachelor's,Divorced,36220.0,642.0,13855.0,Auto,Self-employed,8,Excellent,0.5722,33193.0,1.0,Lake Calebport,VI,Heard Island and McDonald Islands,3.0,1,Medium
19,Male,Master's,Divorced,97124.0,760.0,6231.0,Auto,Self-employed,16,Good,0.4068,38253.0,4.0,Michelleview,MS,Slovenia,1.0,1,Low
33,Male,Master's,Divorced,61703.0,710.0,12866.0,Business,Unemployed,16,Excellent,0.555,29149.0,2.0,South Jessica,GA,Central African Republic,3.0,1,Medium
49,Female,PhD,Divorced,68582.0,684.0,17960.0,Personal,Unemployed,17,Fair,0.2557,28673.0,0.0,New Benjamin,MP,Israel,4.0,2,Low
47,Male,PhD,Divorced,95103.0,793.0,23703.0,Auto,Employed,12,Good,0.2019,296789.0,0.0,Whiteville,AL,Slovenia,1.0,0,Medium
27,Male,Bachelor's,Widowed,107519.0,712.0,20212.0,Personal,Employed,12,Fair,0.3992,192040.0,1.0,Parrishbury,LA,Christmas Island,0.0,0,Medium
47,Female,Bachelor's,Widowed,91386.0,711.0,39372.0,Personal,Employed,2,Fair,0.5017,207638.0,1.0,West Edwardview,RI,Isle of Man,3.0,2,Medium
50,Female,PhD,Single,110709.0,701.0,20223.0,Personal,Employed,8,Excellent,0.41,39493.0,4.0,East Barbarashire,FL,Nauru,3.0,0,Low
30,Female,Bachelor's,Widowed,66666.0,795.0,48316.0,Business,Employed,6,Poor,0.3592,157982.0,2.0,Port Davidland,NJ,Guam,4.0,0,Low
61,Male,Bachelor's,Married,63148.0,788.0,16297.0,Home,Unemployed,15,Poor,0.5035,150940.0,0.0,Williamborough,WY,Nigeria,2.0,1,Low
23,Female,Master's,Divorced,116819.0,656.0,19526.0,Home,Unemployed,18,Poor,0.5699,90545.0,3.0,Bradyborough,IN,Bulgaria,4.0,0,Low
31,Female,PhD,Married,27076.0,692.0,14625.0,Home,Unemployed,12,Poor,0.2305,194688.0,1.0,Port Jacqueline,VA,China,0.0,2,High
20,Non-binary,Bachelor's,Widowed,66972.0,759.0,10566.0,Home,Self-employed,3,Good,0.2322,142141.0,4.0,East Jean,MH,Benin,0.0,1,Low
65,Female,Master's,Widowed,46925.0,657.0,5770.0,Business,Employed,14,Excellent,0.5766,231157.0,2.0,Cohenshire,OK,Burkina Faso,4.0,1,Medium
68,Non-binary,High School,Married,40526.0,751.0,38044.0,Home,Employed,7,Good,0.1876,33907.0,1.0,Perryside,WA,Bhutan,4.0,2,Medium
49,Male,Bachelor's,Married,38280.0,741.0,26991.0,Home,Unemployed,2,Good,0.4993,72752.0,1.0,Mcguireshire,IA,Morocco,4.0,0,Low
24,Male,PhD,Divorced,118557.0,740.0,43862.0,Business,Employed,15,Fair,0.4244,90121.0,2.0,Thomasview,MA,Iraq,2.0,0,Medium
53,Non-binary,Bachelor's,Widowed,71952.0,661.0,47434.0,Auto,Self-employed,8,Good,0.3362,230133.0,2.0,Rhondabury,NM,Vietnam,4.0,1,Low
68,Male,PhD,Single,79949.0,658.0,32763.0,Personal,Unemployed,12,Good,0.5373,51953.0,3.0,South Patrickfort,AR,Pakistan,0.0,1,Low
68,Non-binary,PhD,Widowed,71920.0,745.0,44894.0,Personal,Unemployed,3,Good,0.4346,141671.0,4.0,South Maria,OH,Saint Barthelemy,2.0,1,Medium
23,Non-binary,PhD,Single,101638.0,612.0,34984.0,Personal,Self-employed,18,Good,0.2216,173539.0,4.0,Cynthiabury,HI,Guinea,4.0,1,Low
26,Male,Master's,Divorced,60430.0,727.0,18251.0,Personal,Employed,5,Fair,0.3089,39568.0,3.0,West Randy,ME,Trinidad and Tobago,1.0,2,Low
34,Male,Master's,Married,100303.0,702.0,21056.0,Business,Employed,18,Poor,0.5055,86384.0,1.0,Snyderville,FM,Mauritius,0.0,1,Low
52,Female,PhD,Widowed,28291.0,704.0,28218.0,Auto,Unemployed,0,Poor,0.3198,20907.0,4.0,Lake James,HI,Iceland,1.0,1,Low
48,Non-binary,Bachelor's,Single,100039.0,699.0,5051.0,Business,Self-employed,18,Excellent,0.5771,236823.0,3.0,Kimberlyland,FM,Maldives,0.0,1,Low
43,Female,PhD,Divorced,85402.0,765.0,42972.0,Personal,Self-employed,18,Excellent,0.351,103020.0,4.0,Kristiburgh,PA,British Indian Ocean Territory (Chagos Archipelago),2.0,1,Low
46,Non-binary,High School,Divorced,107986.0,765.0,6759.0,Home,Unemployed,18,Good,0.4014,110671.0,0.0,Meyerbury,AL,Sao Tome and Principe,0.0,0,Medium
46,Non-binary,Master's,Single,49655.0,672.0,48840.0,Auto,Self-employed,4,Poor,0.5582,280754.0,2.0,Allenfurt,NC,Micronesia,4.0,2,Medium
37,Male,High School,Married,108378.0,665.0,26722.0,Business,Self-employed,3,Good,0.4661,229997.0,3.0,Port Michaelchester,MI,Mongolia,2.0,1,Low
50,Non-binary,PhD,Divorced,49949.0,672.0,34045.0,Home,Self-employed,3,Good,0.5224,294278.0,1.0,West Rebekahburgh,KY,French Guiana,4.0,0,Medium
23,Female,PhD,Single,84005.0,761.0,45900.0,Home,Employed,18,Fair,0.3597,198457.0,3.0,Coxville,MN,Greenland,3.0,1,Low
39,Non-binary,Bachelor's,Married,74453.0,668.0,11576.0,Auto,Unemployed,10,Fair,0.3976,45056.0,3.0,Jessicamouth,NH,Monaco,1.0,1,Low
62,Female,Bachelor's,Widowed,23065.0,720.0,35879.0,Auto,Employed,13,Excellent,0.2837,163674.0,3.0,Washingtonbury,AK,Paraguay,0.0,1,Low
36,Male,Bachelor's,Divorced,32453.0,785.0,41872.0,Business,Self-employed,1,Fair,0.5315,205871.0,1.0,West Fernando,MA,Guinea-Bissau,1.0,0,Low
22,Female,Master's,Single,103422.0,772.0,46112.0,Business,Self-employed,18,Excellent,0.3777,117469.0,1.0,Jeffreyview,IL,Antigua and Barbuda,3.0,0,Low
21,Male,PhD,Married,102025.0,742.0,10883.0,Personal,Unemployed,11,Poor,0.4037,206374.0,0.0,New Mercedes,NC,Congo,0.0,2,Low
62,Male,Bachelor's,Divorced,48562.0,755.0,39421.0,Business,Unemployed,1,Poor,0.3262,260685.0,0.0,Davismouth,WV,Netherlands Antilles,1.0,0,Low
37,Non-binary,Master's,Married,46957.0,720.0,40738.0,Auto,Self-employed,6,Excellent,0.316,248629.0,4.0,East Bryanberg,FL,Argentina,1.0,0,Low
60,Non-binary,High School,Married,99833.0,736.0,23543.0,Auto,Employed,4,Good,0.1234,173426.0,4.0,Lake Terrihaven,NC,Cameroon,3.0,0,Medium
24,Male,Bachelor's,Divorced,106924.0,675.0,8356.0,Auto,Unemployed,12,Good,0.1826,157887.0,0.0,Susanbury,TX,South Georgia and the South Sandwich Islands,1.0,0,High
61,Female,Bachelor's,Widowed,28614.0,677.0,37315.0,Auto,Self-employed,16,Poor,0.2077,106510.0,2.0,South Jessica,UT,Kiribati,1.0,2,Medium
28,Female,PhD,Widowed,86629.0,635.0,21496.0,Business,Unemployed,7,Good,0.3506,289180.0,3.0,New Linda,ME,Georgia,2.0,1,Medium
36,Non-binary,Master's,Divorced,108927.0,726.0,9576.0,Business,Employed,4,Good,0.3677,193470.0,4.0,Mathewton,KS,Niger,2.0,0,Medium
34,Non-binary,Bachelor's,Divorced,64035.0,647.0,8849.0,Personal,Employed,19,Excellent,0.3009,205151.0,3.0,Nguyenside,VA,Uruguay,1.0,1,Low
19,Female,PhD,Widowed,29741.0,769.0,29391.0,Home,Unemployed,14,Excellent,0.1935,242824.0,1.0,New Adrienne,NE,Liberia,2.0,0,Medium
31,Non-binary,Master's,Single,23042.0,698.0,31731.0,Business,Self-employed,13,Fair,0.4991,142202.0,4.0,Port Molly,NH,United States of America,4.0,1,Low
36,Non-binary,High School,Widowed,74878.0,758.0,8866.0,Auto,Employed,2,Fair,0.1624,106415.0,2.0,Friedmanborough,PA,Brazil,2.0,0,Medium
23,Non-binary,PhD,Single,99066.0,628.0,32935.0,Home,Unemployed,6,Poor,0.1893,213260.0,4.0,West Christopherstad,MD,India,1.0,1,Medium
35,Male,High School,Divorced,94891.0,625.0,31858.0,Home,Self-employed,4,Excellent,0.1196,150719.0,3.0,South Williamstad,ND,Micronesia,3.0,1,High
24,Female,PhD,Widowed,24318.0,602.0,36180.0,Auto,Unemployed,15,Good,0.2228,224104.0,0.0,North Elizabethton,ID,Saint Lucia,3.0,0,Medium
57,Female,PhD,Single,74638.0,780.0,45574.0,Personal,Unemployed,19,Excellent,0.4599,21339.0,3.0,Kellerview,DC,French Guiana,1.0,2,Low
42,Male,PhD,Single,75614.0,705.0,8529.0,Business,Self-employed,6,Good,0.327,43313.0,2.0,Abigailchester,SD,Hungary,3.0,1,High
67,Female,Bachelor's,Divorced,61420.0,747.0,8939.0,Auto,Employed,7,Excellent,0.4341,32010.0,1.0,Kelliview,LA,Taiwan,1.0,2,Medium
44,Male,Bachelor's,Married,100759.0,746.0,42618.0,Home,Employed,17,Excellent,0.2394,67685.0,0.0,West Gregory,WA,Malta,3.0,2,Medium
69,Female,High School,Married,75965.0,766.0,35558.0,Business,Employed,5,Good,0.5184,253238.0,0.0,West Linda,MT,Argentina,3.0,1,Low
45,Non-binary,Master's,Single,99517.0,798.0,23932.0,Home,Employed,8,Good,0.439,212673.0,1.0,Leachport,CO,British Indian Ocean Territory (Chagos Archipelago),2.0,1,High
46,Male,High School,Widowed,78396.0,697.0,12083.0,Home,Unemployed,12,Good,0.5134,145711.0,1.0,Port Arthurtown,DC,Russian Federation,4.0,0,Medium
67,Female,Master's,Widowed,94397.0,663.0,8703.0,Business,Employed,4,Fair,0.334,284242.0,1.0,Ryanton,VT,Saint Lucia,4.0,2,Low
44,Non-binary,Master's,Single,75476.0,600.0,49125.0,Home,Self-employed,0,Poor,0.3938,290583.0,3.0,Darrenside,OR,Dominica,4.0,0,Low
41,Non-binary,Bachelor's,Widowed,111665.0,642.0,42811.0,Business,Self-employed,1,Poor,0.3868,125504.0,0.0,Loriport,SC,United States Minor Outlying Islands,2.0,2,Low
47,Female,Master's,Married,79426.0,655.0,6908.0,Business,Employed,8,Fair,0.1032,279489.0,0.0,New Johnny,AR,Switzerland,4.0,1,Low
31,Non-binary,Master's,Married,35749.0,634.0,33917.0,Personal,Employed,13,Fair,0.1749,144908.0,0.0,North Jillville,AZ,Croatia,1.0,0,Low
32,Female,Master's,Married,94236.0,684.0,29632.0,Home,Self-employed,6,Fair,0.1336,172709.0,3.0,West Randyport,ND,Isle of Man,4.0,2,Low
33,Non-binary,High School,Married,114306.0,756.0,49245.0,Personal,Employed,2,Fair,0.4769,163080.0,1.0,Davidside,IL,Cuba,4.0,1,Medium
58,Female,Bachelor's,Divorced,72509.0,641.0,33540.0,Personal,Employed,18,Fair,0.2523,106550.0,0.0,Williamston,MA,Niue,0.0,1,Low
55,Female,PhD,Widowed,60382.0,634.0,47469.0,Business,Employed,11,Good,0.5275,232541.0,3.0,Port Russelltown,KS,Madagascar,2.0,0,Low
55,Male,PhD,Married,20420.0,758.0,44801.0,Auto,Employed,8,Excellent,0.4643,65367.0,0.0,Angelaview,CT,Philippines,1.0,1,Low
54,Female,PhD,Divorced,30960.0,764.0,43903.0,Home,Employed,13,Good,0.1906,20311.0,3.0,West Angelaport,AZ,Somalia,2.0,0,Low
65,Female,High School,Divorced,115289.0,655.0,34409.0,Home,Unemployed,1,Excellent,0.4027,209062.0,0.0,Wrightstad,MA,Antigua and Barbuda,2.0,2,Low
66,Male,Master's,Divorced,107388.0,715.0,18604.0,Auto,Employed,15,Fair,0.4238,254633.0,3.0,East Sarah,AZ,Tuvalu,1.0,1,Low
27,Male,PhD,Widowed,70300.0,603.0,21696.0,Business,Self-employed,8,Good,0.4171,167792.0,1.0,East Manuelton,PR,Micronesia,1.0,0,Low
29,Male,Bachelor's,Widowed,109788.0,781.0,27930.0,Auto,Unemployed,7,Fair,0.1675,103941.0,3.0,Joyceview,MP,South Georgia and the South Sandwich Islands,4.0,1,Low
53,Non-binary,Bachelor's,Single,47494.0,600.0,48908.0,Home,Unemployed,1,Good,0.3253,178006.0,4.0,Combsport,VT,Congo,2.0,2,Low
45,Female,Master's,Widowed,62730.0,765.0,13951.0,Auto,Employed,6,Good,0.4081,186070.0,3.0,Port Angela,WY,Isle of Man,0.0,0,Low
65,Male,PhD,Married,74606.0,797.0,48451.0,Personal,Unemployed,11,Excellent,0.4346,267235.0,3.0,Madisonland,ND,El Salvador,1.0,0,Low
44,Female,High School,Single,61596.0,717.0,29720.0,Personal,Employed,18,Fair,0.1464,43670.0,0.0,Alexandershire,MO,Oman,4.0,2,Low
40,Non-binary,Master's,Married,50085.0,614.0,17809.0,Business,Unemployed,16,Excellent,0.1723,222248.0,2.0,Lake Jason,RI,Malawi,0.0,0,Low
42,Female,Master's,Widowed,54426.0,780.0,41417.0,Personal,Unemployed,1,Poor,0.3815,118133.0,1.0,Meganfurt,KY,Turkey,4.0,1,High
20,Female,High School,Single,64345.0,713.0,34766.0,Home,Self-employed,15,Good,0.532,252464.0,4.0,New James,NM,Wallis and Futuna,2.0,2,Low
41,Male,Master's,Widowed,83594.0,621.0,34607.0,Home,Employed,7,Fair,0.2155,288867.0,1.0,Smithchester,GA,Sweden,3.0,2,Low
23,Male,PhD,Married,99858.0,615.0,42987.0,Personal,Self-employed,3,Good,0.3407,111438.0,2.0,Davidborough,AK,North Macedonia,0.0,0,Low
58,Non-binary,Bachelor's,Married,104873.0,727.0,31035.0,Auto,Employed,6,Fair,0.4232,133790.0,1.0,Ericaberg,OR,Saint Barthelemy,0.0,2,Low
50,Non-binary,PhD,Divorced,50929.0,669.0,34339.0,Personal,Employed,5,Fair,0.155,276212.0,2.0,Port Karen,VA,Papua New Guinea,4.0,1,Low
34,Female,PhD,Single,24752.0,797.0,46178.0,Home,Employed,16,Excellent,0.1898,290387.0,0.0,Sarahchester,MI,France,2.0,0,Low
54,Non-binary,High School,Widowed,36693.0,693.0,24179.0,Home,Unemployed,2,Fair,0.1659,212641.0,1.0,West Katelyn,AK,Nauru,2.0,1,Low
25,Non-binary,Bachelor's,Married,73509.0,749.0,39295.0,Business,Employed,8,Good,0.4973,174688.0,2.0,Reneeberg,OH,Heard Island and McDonald Islands,2.0,2,Medium
54,Female,Master's,Single,56126.0,744.0,21256.0,Personal,Self-employed,10,Excellent,0.4646,240153.0,0.0,East Russell,AZ,Thailand,2.0,2,Low
46,Female,High School,Single,60309.0,718.0,34668.0,Business,Unemployed,12,Fair,0.564,146119.0,1.0,Lake Jodi,DE,Iceland,3.0,2,Low
42,Female,PhD,Single,90942.0,646.0,30565.0,Business,Self-employed,5,Fair,0.3008,81812.0,1.0,Kimview,SD,Falkland Islands (Malvinas),2.0,2,High
21,Female,Master's,Divorced,32017.0,702.0,5622.0,Business,Self-employed,9,Fair,0.2048,202178.0,1.0,Lake Margaretburgh,OK,Nigeria,0.0,0,Medium
66,Male,PhD,Single,84997.0,722.0,45316.0,Business,Self-employed,15,Poor,0.488,215865.0,0.0,Bakerchester,IA,New Zealand,4.0,0,Medium
52,Non-binary,Master's,Single,84586.0,658.0,8044.0,Personal,Unemployed,10,Excellent,0.5293,164099.0,0.0,Shawberg,WI,Sao Tome and Principe,2.0,2,Medium
53,Male,PhD,Widowed,41891.0,686.0,49896.0,Business,Unemployed,8,Good,0.4594,298836.0,3.0,New Lindsey,UT,United Arab Emirates,2.0,0,Medium
56,Female,PhD,Married,72284.0,734.0,20058.0,Personal,Unemployed,5,Fair,0.3993,96572.0,3.0,Jessicaville,CA,Kazakhstan,0.0,2,Low
45,Female,High School,Single,21067.0,676.0,39155.0,Personal,Unemployed,17,Poor,0.3481,286987.0,4.0,West Paul,MI,Sri Lanka,1.0,2,Low
44,Non-binary,Bachelor's,Single,76751.0,626.0,14198.0,Auto,Self-employed,8,Fair,0.2647,240416.0,0.0,Williamsonstad,MI,Canada,3.0,0,Low
42,Female,Master's,Divorced,24753.0,608.0,35249.0,Auto,Employed,10,Fair,0.5843,77453.0,0.0,Lake Johnburgh,VI,Burundi,2.0,1,Medium
36,Non-binary,High School,Divorced,20826.0,617.0,18219.0,Home,Self-employed,3,Excellent,0.553,101509.0,0.0,Port Shawnton,CO,San Marino,4.0,0,Medium
64,Male,High School,Divorced,24132.0,714.0,22161.0,Personal,Employed,12,Excellent,0.4955,206053.0,3.0,Lake Dennisfurt,TX,Equatorial Guinea,3.0,1,Low
32,Female,Bachelor's,Single,54684.0,671.0,37649.0,Business,Employed,15,Good,0.1461,192752.0,1.0,Port Jessicaside,ME,India,4.0,0,Medium
25,Male,Bachelor's,Single,106450.0,630.0,44580.0,Business,Self-employed,4,Excellent,0.4376,178430.0,2.0,New Elizabethfort,CA,Singapore,2.0,1,Low
22,Female,Bachelor's,Married,82513.0,774.0,32372.0,Auto,Self-employed,2,Good,0.1358,253747.0,0.0,Fosterburgh,MA,Libyan Arab Jamahiriya,3.0,1,Medium
51,Male,Bachelor's,Married,95093.0,663.0,49817.0,Personal,Unemployed,15,Fair,0.2028,227322.0,4.0,East Nicole,GA,Sao Tome and Principe,0.0,2,Low
30,Female,Bachelor's,Married,81273.0,719.0,45326.0,Auto,Self-employed,2,Excellent,0.2717,45797.0,4.0,Lauraside,NH,Mali,0.0,1,Low
36,Male,Bachelor's,Single,110141.0,760.0,15198.0,Personal,Unemployed,7,Good,0.4023,135329.0,0.0,Port Mikeview,WY,Cook Islands,4.0,0,Low
34,Female,Bachelor's,Divorced,96864.0,637.0,34813.0,Personal,Unemployed,7,Good,0.2674,30910.0,0.0,East Anthonyberg,TN,Sierra Leone,4.0,0,Low
58,Non-binary,Bachelor's,Married,112270.0,770.0,35434.0,Business,Self-employed,5,Good,0.4369,47254.0,1.0,Lake Christopherchester,CO,Guatemala,1.0,0,Medium
54,Female,PhD,Married,97857.0,647.0,31619.0,Business,Employed,17,Excellent,0.1673,192176.0,3.0,Wilsonview,VA,Armenia,3.0,2,Low
45,Non-binary,PhD,Divorced,28888.0,604.0,28287.0,Home,Employed,6,Poor,0.5782,182962.0,1.0,Paulaville,OK,Belgium,4.0,0,Low
68,Non-binary,PhD,Divorced,108241.0,634.0,16079.0,Business,Self-employed,16,Poor,0.4755,126492.0,3.0,Christinaside,DE,Botswana,2.0,0,Low
28,Female,Bachelor's,Single,44236.0,650.0,46203.0,Personal,Unemployed,15,Fair,0.3706,44381.0,1.0,South Johnland,VA,Tokelau,1.0,1,Medium
38,Male,PhD,Widowed,99538.0,601.0,36207.0,Home,Self-employed,5,Poor,0.48,72116.0,1.0,Turnerburgh,FL,Zambia,1.0,2,Low
38,Female,High School,Married,22589.0,698.0,23239.0,Personal,Employed,12,Good,0.2839,173475.0,0.0,Nicholasview,MA,Timor-Leste,4.0,0,Low
63,Female,High School,Divorced,34003.0,742.0,37867.0,Personal,Employed,18,Poor,0.4317,232798.0,2.0,Henrystad,ID,Comoros,2.0,0,High
39,Non-binary,PhD,Widowed,109360.0,687.0,37052.0,Business,Self-employed,7,Good,0.2337,250107.0,4.0,East Benjamin,LA,Saint Helena,3.0,1,Medium
22,Female,Bachelor's,Divorced,28155.0,622.0,33167.0,Auto,Self-employed,10,Fair,0.2308,206040.0,1.0,Mariahborough,WY,Indonesia,2.0,2,Low
18,Female,PhD,Single,29416.0,737.0,9268.0,Auto,Self-employed,18,Fair,0.4506,107701.0,3.0,North Veronicafort,CO,Bhutan,4.0,0,Low
32,Female,Master's,Single,115368.0,648.0,19868.0,Auto,Employed,16,Poor,0.4209,222738.0,3.0,Petersonberg,OH,Tokelau,2.0,0,High
28,Non-binary,Bachelor's,Divorced,78769.0,710.0,34044.0,Business,Self-employed,0,Good,0.2008,163856.0,1.0,West Rachelton,VI,Mongolia,4.0,0,Medium
33,Male,Bachelor's,Divorced,106643.0,679.0,25855.0,Business,Unemployed,13,Good,0.2604,44793.0,0.0,South Michelle,MH,Andorra,4.0,2,Low
39,Non-binary,PhD,Widowed,30298.0,768.0,35459.0,Business,Employed,5,Poor,0.3736,227245.0,2.0,East Rachael,CT,Poland,0.0,2,High
69,Female,Bachelor's,Divorced,76289.0,739.0,41792.0,Auto,Employed,12,Poor,0.2573,139190.0,1.0,Phillipsbury,ND,Maldives,4.0,0,Low
31,Male,Master's,Married,105311.0,771.0,20201.0,Business,Unemployed,15,Fair,0.5105,164652.0,3.0,Brentshire,OK,Libyan Arab Jamahiriya,2.0,0,Low
55,Female,Master's,Single,101919.0,767.0,49733.0,Business,Unemployed,0,Good,0.4153,278352.0,4.0,Cantrellshire,KS,Saudi Arabia,0.0,1,Medium
19,Non-binary,PhD,Married,47256.0,633.0,25232.0,Personal,Self-employed,2,Fair,0.24,191678.0,3.0,Lake Randallside,ID,Oman,0.0,2,Low
35,Non-binary,High School,Married,92074.0,667.0,16463.0,Personal,Unemployed,7,Good,0.1542,250121.0,2.0,Garyville,MO,Bangladesh,3.0,0,High
20,Male,Bachelor's,Widowed,97160.0,602.0,25973.0,Home,Self-employed,0,Excellent,0.5997,245581.0,1.0,Lake Feliciamouth,HI,Japan,1.0,2,Low
23,Male,High School,Widowed,33336.0,677.0,16780.0,Personal,Unemployed,2,Excellent,0.1474,286110.0,4.0,New Robert,UT,Cambodia,4.0,2,Low
46,Male,Bachelor's,Divorced,110091.0,703.0,38993.0,Business,Unemployed,2,Poor,0.2501,116597.0,4.0,Lake Juliehaven,AZ,Nauru,3.0,0,Low
27,Non-binary,Bachelor's,Single,65891.0,709.0,42301.0,Personal,Employed,0,Good,0.4672,160651.0,2.0,West Ashleyport,KY,Albania,1.0,0,Low
36,Female,PhD,Married,63201.0,749.0,42069.0,Business,Self-employed,0,Good,0.5639,211017.0,0.0,Claytonton,CA,Bangladesh,1.0,1,Low
22,Female,PhD,Single,113468.0,725.0,20660.0,Auto,Self-employed,7,Poor,0.407,248882.0,1.0,Port Pamela,SD,Portugal,4.0,1,Low
58,Non-binary,Bachelor's,Single,100598.0,709.0,37001.0,Auto,Employed,1,Fair,0.37,181774.0,4.0,Valdezshire,ND,Bolivia,3.0,0,Medium
54,Female,High School,Married,29275.0,601.0,32337.0,Auto,Employed,3,Poor,0.5913,261487.0,2.0,Port David,NM,Taiwan,4.0,1,Low
40,Non-binary,Master's,Single,73520.0,799.0,43171.0,Personal,Employed,5,Good,0.1479,235764.0,0.0,West Nicholasport,HI,Sri Lanka,4.0,2,Low
37,Female,PhD,Divorced,55655.0,617.0,19322.0,Business,Employed,5,Excellent,0.237,155437.0,1.0,Tonystad,NC,Azerbaijan,2.0,1,Medium
61,Male,High School,Widowed,111931.0,726.0,45902.0,Auto,Self-employed,18,Poor,0.2924,201374.0,2.0,North Carrie,NV,Bosnia and Herzegovina,0.0,2,High
38,Male,High School,Divorced,85263.0,711.0,49562.0,Auto,Self-employed,12,Excellent,0.2433,78197.0,3.0,Joelview,MD,Croatia,1.0,0,Low
24,Non-binary,PhD,Single,26490.0,700.0,41963.0,Auto,Self-employed,8,Fair,0.5634,208578.0,4.0,Lake Haleystad,DC,Lithuania,1.0,1,Low
52,Female,Bachelor's,Divorced,111192.0,784.0,32419.0,Auto,Unemployed,9,Excellent,0.4203,41922.0,0.0,Davismouth,NE,Tajikistan,3.0,1,Low
21,Female,Master's,Widowed,38640.0,705.0,39939.0,Personal,Unemployed,4,Poor,0.2215,288044.0,1.0,North John,IN,Peru,1.0,1,Low
62,Non-binary,PhD,Widowed,119056.0,681.0,14003.0,Personal,Employed,2,Poor,0.4118,192156.0,0.0,Port Kevin,LA,Bulgaria,3.0,1,High
66,Female,High School,Widowed,77295.0,637.0,25493.0,Business,Self-employed,14,Good,0.2934,188498.0,4.0,Scottview,AK,Luxembourg,0.0,0,Low
40,Male,High School,Married,105915.0,605.0,25136.0,Auto,Employed,1,Poor,0.4443,139151.0,4.0,East Robertside,VI,Mongolia,0.0,2,High
21,Non-binary,Bachelor's,Single,112945.0,713.0,49676.0,Personal,Self-employed,10,Good,0.4725,240403.0,0.0,Markmouth,PW,Croatia,1.0,0,Low
52,Male,High School,Married,86332.0,614.0,34039.0,Auto,Self-employed,6,Good,0.3574,48358.0,3.0,Lake Lauren,NE,Saint Barthelemy,3.0,1,Low
57,Female,High School,Widowed,92969.0,721.0,36036.0,Auto,Self-employed,10,Fair,0.1755,253728.0,1.0,Holtport,OH,Comoros,4.0,2,Low
53,Non-binary,Bachelor's,Widowed,73642.0,721.0,8843.0,Business,Employed,15,Poor,0.4591,98641.0,0.0,Marissafurt,PW,Saudi Arabia,2.0,1,Medium
65,Non-binary,Master's,Married,38128.0,651.0,20928.0,Home,Unemployed,15,Excellent,0.185,263229.0,0.0,Allisonview,WI,Haiti,1.0,1,Medium
44,Male,Master's,Divorced,68242.0,729.0,16184.0,Home,Self-employed,4,Fair,0.1791,293082.0,3.0,Port Alexanderfurt,NC,Hong Kong,0.0,0,Low
28,Non-binary,High School,Single,94312.0,762.0,35060.0,Home,Self-employed,7,Good,0.4127,151361.0,1.0,Kaylaborough,MH,Japan,1.0,1,Medium
25,Female,Bachelor's,Divorced,52399.0,600.0,31428.0,Personal,Unemployed,8,Good,0.585,208476.0,2.0,Patriciamouth,IA,Tanzania,2.0,2,Low
50,Female,PhD,Single,67646.0,612.0,22778.0,Business,Employed,19,Good,0.296,80018.0,4.0,Bryanhaven,NH,Bosnia and Herzegovina,4.0,1,Low
31,Non-binary,High School,Divorced,44180.0,651.0,47608.0,Personal,Self-employed,9,Fair,0.3848,212233.0,4.0,South Troy,OR,Gibraltar,4.0,1,Medium
63,Non-binary,Bachelor's,Single,90423.0,657.0,31479.0,Auto,Employed,9,Good,0.3952,235741.0,2.0,West Brianland,KY,Pitcairn Islands,1.0,2,Medium
57,Non-binary,Bachelor's,Single,101365.0,685.0,43195.0,Auto,Unemployed,16,Fair,0.2047,129023.0,2.0,Gatesbury,AK,Ireland,2.0,0,Low
36,Female,PhD,Divorced,97432.0,678.0,45857.0,Auto,Unemployed,19,Good,0.5586,103413.0,1.0,North Kimberlybury,IN,Chad,0.0,0,Medium
57,Non-binary,PhD,Single,49945.0,601.0,10139.0,Home,Self-employed,10,Good,0.5836,292328.0,3.0,Whitneyfort,NE,Lithuania,4.0,2,Low
33,Female,Bachelor's,Married,77852.0,730.0,25411.0,Business,Self-employed,6,Good,0.286,214161.0,4.0,Jeffreyton,MS,India,1.0,0,Medium
69,Male,High School,Widowed,34941.0,745.0,49767.0,Business,Self-employed,13,Poor,0.1244,47788.0,1.0,New Ryan,ID,Botswana,4.0,0,Medium
25,Female,PhD,Divorced,74501.0,736.0,41376.0,Home,Employed,19,Excellent,0.2452,149850.0,1.0,Monicafurt,IA,Uruguay,2.0,2,Medium
39,Female,Master's,Divorced,112085.0,635.0,21690.0,Business,Unemployed,13,Fair,0.3488,34738.0,1.0,East Jason,HI,Albania,4.0,1,Low
33,Non-binary,Bachelor's,Divorced,114088.0,615.0,26153.0,Home,Self-employed,14,Fair,0.5128,183161.0,4.0,Lake Stephanie,MT,Malaysia,4.0,1,Low
58,Male,Bachelor's,Married,110302.0,660.0,9502.0,Personal,Self-employed,1,Fair,0.3201,220298.0,4.0,Lake Jeffrey,IA,Saint Pierre and Miquelon,1.0,1,Medium
56,Male,High School,Divorced,72703.0,753.0,10701.0,Home,Self-employed,6,Fair,0.2527,243990.0,4.0,West Jessicaton,LA,Rwanda,2.0,2,Medium
25,Female,High School,Divorced,44315.0,731.0,34215.0,Auto,Employed,14,Fair,0.2266,79764.0,2.0,Mendozatown,ME,Romania,2.0,2,High
32,Non-binary,High School,Single,52161.0,642.0,21352.0,Home,Unemployed,11,Fair,0.2244,253677.0,2.0,Port Cassie,OK,United States Minor Outlying Islands,4.0,1,High
26,Non-binary,High School,Widowed,50716.0,746.0,47005.0,Personal,Self-employed,14,Good,0.2009,20913.0,0.0,Hansenmouth,OH,Hungary,4.0,2,Low
37,Male,High School,Divorced,103324.0,713.0,35198.0,Business,Unemployed,9,Poor,0.3191,103197.0,1.0,New Sherriberg,ID,Kiribati,3.0,0,Low
61,Male,PhD,Single,63016.0,743.0,40005.0,Home,Unemployed,0,Good,0.1312,54089.0,1.0,Lake Kimberlytown,AK,Burundi,3.0,1,Low
63,Non-binary,High School,Single,103552.0,674.0,14848.0,Auto,Unemployed,7,Good,0.1058,298871.0,1.0,New Mariafort,MN,Palau,1.0,2,Medium
28,Male,PhD,Single,116717.0,607.0,36263.0,Auto,Employed,18,Poor,0.2364,153983.0,0.0,South Davidburgh,KY,Sri Lanka,2.0,0,Medium
52,Non-binary,Bachelor's,Married,41673.0,678.0,45364.0,Home,Unemployed,3,Fair,0.4656,291755.0,3.0,East Kathleenburgh,MA,Tanzania,1.0,0,Low
69,Non-binary,High School,Divorced,44592.0,673.0,18632.0,Personal,Self-employed,3,Good,0.3361,87811.0,3.0,Larsonshire,AS,Panama,4.0,1,High
54,Female,High School,Single,52206.0,747.0,32881.0,Home,Self-employed,17,Poor,0.1075,272141.0,3.0,Emilyshire,WY,Dominica,4.0,0,High
64,Female,High School,Married,36246.0,749.0,36346.0,Home,Unemployed,4,Excellent,0.2051,281227.0,1.0,South Russell,KY,Slovakia (Slovak Republic),1.0,0,Low
47,Female,Bachelor's,Widowed,83236.0,610.0,36626.0,Personal,Unemployed,4,Good,0.5836,230146.0,4.0,East Margaret,FL,Saint Kitts and Nevis,3.0,1,Medium
41,Female,High School,Single,57355.0,796.0,7289.0,Business,Employed,8,Good,0.3655,35049.0,0.0,Salazarstad,HI,Nepal,0.0,0,Low
61,Male,PhD,Widowed,68604.0,674.0,46311.0,Home,Unemployed,6,Poor,0.3763,30806.0,3.0,West Thomas,VI,Lithuania,3.0,0,Medium
20,Non-binary,Bachelor's,Single,67743.0,606.0,32003.0,Home,Employed,5,Excellent,0.2737,137387.0,1.0,Matthewsside,RI,Netherlands,1.0,0,Low
51,Male,Bachelor's,Single,114067.0,764.0,15712.0,Personal,Self-employed,17,Poor,0.2461,93213.0,4.0,Port James,DC,Mayotte,3.0,0,Low
35,Non-binary,PhD,Widowed,117104.0,614.0,36254.0,Personal,Unemployed,19,Poor,0.3127,269711.0,4.0,West Chad,LA,Costa Rica,4.0,0,Medium
27,Female,PhD,Divorced,34781.0,678.0,23656.0,Personal,Unemployed,14,Excellent,0.2213,232851.0,2.0,New Miguelton,DC,French Southern Territories,3.0,1,Low
57,Male,Master's,Single,116548.0,622.0,30474.0,Home,Self-employed,8,Excellent,0.4038,106849.0,1.0,West Josephville,KY,Indonesia,0.0,0,Low
67,Female,Bachelor's,Married,66894.0,639.0,46395.0,Auto,Unemployed,10,Poor,0.5726,46850.0,0.0,East Kathryn,PR,Armenia,2.0,1,Medium
47,Female,Bachelor's,Divorced,25618.0,790.0,17623.0,Auto,Employed,5,Excellent,0.224,126259.0,4.0,Port Jeffrey,MD,Sri Lanka,1.0,2,Medium
35,Non-binary,PhD,Widowed,61524.0,655.0,19045.0,Home,Employed,3,Fair,0.1744,71934.0,2.0,Gilesshire,WA,Antigua and Barbuda,0.0,1,Medium
63,Non-binary,High School,Single,23239.0,609.0,25885.0,Personal,Self-employed,7,Excellent,0.1825,271117.0,3.0,South Anna,AL,Pakistan,1.0,0,Low
52,Male,PhD,Married,115614.0,705.0,40230.0,Auto,Unemployed,19,Good,0.1465,199347.0,2.0,North Erinmouth,ID,Ghana,1.0,2,Low
45,Female,High School,Divorced,61277.0,707.0,13684.0,Business,Self-employed,2,Excellent,0.413,62636.0,2.0,West Kimberlytown,CA,United States of America,2.0,0,Low
38,Female,High School,Married,100004.0,717.0,7111.0,Home,Unemployed,19,Excellent,0.5992,234330.0,3.0,Andrewstad,MS,Saint Vincent and the Grenadines,1.0,1,Medium
58,Non-binary,Master's,Married,58237.0,674.0,5579.0,Business,Self-employed,17,Good,0.3426,290940.0,2.0,Scottmouth,OH,Hong Kong,2.0,0,Low
63,Female,Bachelor's,Widowed,85930.0,745.0,42463.0,Home,Self-employed,16,Good,0.5186,138092.0,4.0,Richardside,CO,Reunion,1.0,1,Low
62,Female,PhD,Single,110688.0,737.0,5166.0,Personal,Self-employed,5,Poor,0.3552,166541.0,0.0,East Stacy,DC,Holy See (Vatican City State),3.0,0,Medium
55,Non-binary,Bachelor's,Married,91054.0,717.0,44771.0,Business,Employed,3,Fair,0.5086,165407.0,3.0,North Margaretburgh,MN,Taiwan,4.0,1,Low
51,Male,High School,Married,42184.0,704.0,23154.0,Auto,Self-employed,3,Good,0.2505,155898.0,4.0,Lake Shannon,KS,Zambia,3.0,2,Low
44,Female,PhD,Single,99837.0,763.0,33201.0,Personal,Self-employed,2,Fair,0.3354,141001.0,4.0,Jeffreyview,PW,Uruguay,1.0,0,Medium
64,Non-binary,High School,Married,106066.0,649.0,17113.0,Auto,Self-employed,0,Excellent,0.4175,142900.0,4.0,West Edwinshire,AR,Italy,2.0,1,Low
58,Female,High School,Widowed,27141.0,744.0,39730.0,Auto,Employed,9,Fair,0.3163,235658.0,1.0,Coopertown,SD,Congo,3.0,2,Low
64,Male,High School,Divorced,46558.0,650.0,17349.0,Auto,Self-employed,3,Poor,0.3525,182318.0,3.0,Muellermouth,PR,Lithuania,4.0,2,Low
36,Female,PhD,Divorced,117773.0,680.0,37996.0,Home,Employed,6,Fair,0.2251,215412.0,4.0,Port Steven,ME,Myanmar,2.0,2,Medium
39,Female,Bachelor's,Married,32683.0,764.0,30935.0,Home,Self-employed,1,Good,0.4669,34750.0,2.0,Port Christopher,UT,Estonia,3.0,2,Low
49,Female,High School,Married,68355.0,787.0,16093.0,Personal,Self-employed,4,Fair,0.3581,72631.0,2.0,Toddville,GA,Lithuania,0.0,1,Low
31,Male,High School,Single,113749.0,683.0,24670.0,Personal,Employed,16,Fair,0.4638,285741.0,0.0,Tuckermouth,NY,Paraguay,0.0,2,Low
58,Non-binary,Bachelor's,Married,60533.0,672.0,21961.0,Home,Employed,4,Poor,0.2937,214730.0,4.0,Ochoatown,OK,Saudi Arabia,4.0,2,Low
34,Female,High School,Single,57204.0,713.0,23615.0,Personal,Self-employed,1,Excellent,0.3355,135551.0,2.0,Parkerport,IL,Mauritius,2.0,0,Low
53,Male,Bachelor's,Married,50028.0,704.0,48831.0,Auto,Unemployed,8,Poor,0.5938,31424.0,0.0,Stephaniechester,MS,Kuwait,4.0,1,Low
62,Non-binary,Bachelor's,Widowed,42369.0,764.0,8916.0,Personal,Employed,4,Excellent,0.1108,172757.0,2.0,West Ericaburgh,SD,Palau,4.0,2,Low
69,Female,Master's,Divorced,23415.0,719.0,34713.0,Business,Unemployed,14,Fair,0.4306,258196.0,2.0,Hunttown,AS,Brazil,2.0,2,Low
53,Non-binary,High School,Widowed,82969.0,625.0,8488.0,Personal,Self-employed,6,Excellent,0.4375,54530.0,3.0,South Amy,CO,Romania,2.0,0,Low
37,Male,High School,Divorced,87238.0,694.0,33491.0,Home,Self-employed,0,Excellent,0.296,164875.0,1.0,West Jason,DE,Honduras,1.0,0,Low
54,Male,PhD,Divorced,81276.0,719.0,35106.0,Home,Unemployed,8,Fair,0.1831,207728.0,0.0,East Barbara,ND,Iraq,4.0,0,Medium
64,Female,PhD,Widowed,97850.0,722.0,22349.0,Personal,Self-employed,2,Excellent,0.4972,84277.0,0.0,New Alexanderview,IL,Bahrain,1.0,0,Medium
30,Male,Master's,Divorced,74607.0,716.0,32577.0,Home,Self-employed,13,Poor,0.5799,148715.0,4.0,Espinozaview,GU,Colombia,4.0,2,Low
18,Male,PhD,Widowed,100350.0,730.0,41649.0,Personal,Unemployed,16,Good,0.5945,167172.0,2.0,West Stevenside,VI,Isle of Man,1.0,1,High
31,Female,Master's,Widowed,35640.0,630.0,12649.0,Auto,Employed,16,Poor,0.4987,33121.0,3.0,Clarkchester,PR,Mozambique,0.0,1,Medium
47,Male,Bachelor's,Divorced,70646.0,769.0,32503.0,Personal,Employed,12,Poor,0.5951,49616.0,2.0,East Priscilla,CO,Mozambique,4.0,1,Low
29,Non-binary,High School,Single,76342.0,613.0,25436.0,Business,Employed,15,Fair,0.2495,248335.0,1.0,Nicholasberg,MI,Seychelles,0.0,2,High
56,Male,High School,Married,30515.0,746.0,31287.0,Home,Unemployed,12,Excellent,0.4615,132289.0,0.0,Carlosburgh,NE,Egypt,0.0,0,Medium
46,Male,High School,Single,20093.0,681.0,47765.0,Auto,Unemployed,2,Poor,0.2133,167295.0,0.0,Torresstad,NE,Cambodia,4.0,2,Medium
24,Female,Master's,Divorced,83440.0,765.0,25358.0,Home,Employed,9,Fair,0.1197,285619.0,1.0,Alexshire,MT,Saint Martin,1.0,1,Medium
58,Non-binary,High School,Married,83627.0,793.0,22791.0,Home,Self-employed,13,Fair,0.1608,50328.0,2.0,Johnsonville,WI,Guatemala,0.0,2,Low
29,Male,Master's,Divorced,75735.0,725.0,26814.0,Business,Self-employed,8,Poor,0.2918,231409.0,0.0,Riverafort,MP,Anguilla,3.0,2,Low
55,Female,Master's,Single,90726.0,694.0,15589.0,Home,Employed,18,Good,0.3838,136060.0,1.0,Michaelton,NM,Cook Islands,3.0,2,Low
53,Non-binary,Bachelor's,Widowed,33102.0,653.0,8038.0,Business,Self-employed,8,Good,0.1592,252864.0,3.0,Kimstad,KY,Mali,4.0,1,High
21,Male,Bachelor's,Married,107399.0,625.0,31875.0,Business,Employed,4,Poor,0.1103,135252.0,1.0,Tylerchester,MP,Sri Lanka,1.0,2,Low
39,Non-binary,High School,Single,103697.0,614.0,28889.0,Personal,Self-employed,14,Good,0.1592,115678.0,3.0,Stevenbury,SC,Mongolia,2.0,2,Low
19,Female,High School,Married,75491.0,614.0,6912.0,Home,Self-employed,4,Good,0.5743,29698.0,1.0,South Janice,NH,Sri Lanka,4.0,1,Low
49,Male,Bachelor's,Married,71932.0,730.0,32692.0,Personal,Employed,13,Excellent,0.3858,260913.0,2.0,Williamsfurt,HI,Svalbard & Jan Mayen Islands,0.0,0,Medium
55,Non-binary,Master's,Single,43434.0,790.0,15426.0,Home,Unemployed,15,Poor,0.4686,281993.0,1.0,Coxshire,SD,Poland,3.0,1,Medium
24,Non-binary,Master's,Widowed,65168.0,610.0,43992.0,Business,Unemployed,10,Fair,0.2203,39793.0,4.0,New Matthew,PW,New Zealand,4.0,0,Low
52,Female,Bachelor's,Widowed,110576.0,722.0,17926.0,Business,Unemployed,11,Poor,0.3536,158653.0,3.0,Natashaton,VI,Uganda,3.0,0,Low
54,Male,Bachelor's,Divorced,98821.0,770.0,28664.0,Business,Self-employed,7,Excellent,0.3234,94407.0,1.0,Singletontown,SD,Svalbard & Jan Mayen Islands,3.0,0,High
32,Male,PhD,Divorced,46897.0,675.0,9358.0,Business,Self-employed,13,Fair,0.4107,286267.0,2.0,Charlesshire,MS,Estonia,4.0,1,Low
41,Non-binary,PhD,Married,76389.0,687.0,26031.0,Business,Unemployed,13,Excellent,0.183,138207.0,4.0,Port Mariah,MN,Bouvet Island (Bouvetoya),4.0,2,Medium
33,Non-binary,PhD,Single,57471.0,632.0,23350.0,Business,Unemployed,17,Good,0.1509,170350.0,2.0,West Brittany,NY,Nicaragua,2.0,0,Medium
48,Male,High School,Single,68957.0,637.0,10063.0,Auto,Employed,0,Poor,0.1063,167519.0,2.0,Angelaland,WV,Germany,0.0,0,Medium
23,Non-binary,Master's,Widowed,76049.0,799.0,7879.0,Auto,Employed,8,Excellent,0.2786,280597.0,3.0,Port Jody,MD,Serbia,4.0,1,Low
26,Male,High School,Single,32770.0,707.0,42630.0,Auto,Unemployed,6,Poor,0.2314,87512.0,4.0,South Shawn,MH,Eritrea,1.0,0,Medium
41,Non-binary,High School,Single,88354.0,733.0,17985.0,Personal,Employed,1,Excellent,0.1171,33514.0,0.0,Cruzchester,RI,Bosnia and Herzegovina,1.0,0,Low
64,Female,Bachelor's,Divorced,34988.0,716.0,21847.0,Personal,Employed,0,Good,0.1324,163213.0,3.0,Sandrachester,AS,Egypt,2.0,2,Low
39,Non-binary,PhD,Divorced,104480.0,775.0,6119.0,Auto,Employed,3,Fair,0.5129,242511.0,2.0,East Williamville,DC,Kiribati,2.0,1,Medium
57,Female,Master's,Married,62912.0,776.0,23898.0,Auto,Employed,18,Poor,0.1745,73140.0,4.0,Lake Jessica,WA,French Southern Territories,3.0,0,Low
55,Male,Master's,Divorced,64828.0,789.0,42223.0,Personal,Self-employed,4,Excellent,0.2412,86025.0,3.0,East Paulfort,UT,Tanzania,2.0,0,Medium
52,Female,PhD,Widowed,32318.0,738.0,24042.0,Business,Self-employed,6,Fair,0.1196,228259.0,0.0,Garciamouth,MS,British Virgin Islands,1.0,2,Low
33,Male,Master's,Married,89833.0,625.0,15065.0,Home,Unemployed,10,Poor,0.2058,177248.0,4.0,Josephville,MN,Ukraine,1.0,2,High
59,Male,Master's,Single,95186.0,704.0,17705.0,Business,Unemployed,8,Fair,0.542,243505.0,3.0,Lisaland,IA,Hong Kong,1.0,0,Medium
50,Female,Master's,Married,69339.0,611.0,24500.0,Home,Unemployed,11,Poor,0.4998,47620.0,2.0,Port Virginiaside,VA,Tokelau,0.0,1,Medium
53,Non-binary,Master's,Single,98731.0,746.0,10335.0,Home,Unemployed,1,Good,0.3244,232793.0,4.0,Kyleborough,KY,Morocco,1.0,1,Low
66,Non-binary,High School,Divorced,30273.0,795.0,47919.0,Personal,Employed,17,Poor,0.5014,190375.0,0.0,East William,MO,Mongolia,4.0,0,Low
63,Male,Master's,Married,49665.0,674.0,10298.0,Business,Employed,7,Excellent,0.3384,125549.0,0.0,South Nancychester,HI,British Indian Ocean Territory (Chagos Archipelago),3.0,2,High
31,Male,PhD,Single,53709.0,712.0,8961.0,Personal,Unemployed,11,Poor,0.3779,46271.0,3.0,Cooleyville,MP,Singapore,0.0,2,Low
42,Female,Bachelor's,Widowed,90784.0,624.0,29989.0,Business,Self-employed,6,Poor,0.425,101339.0,3.0,New Kevinbury,MT,Nepal,2.0,1,Medium
53,Female,High School,Married,27282.0,632.0,32759.0,Personal,Unemployed,5,Good,0.2331,40730.0,4.0,Smithmouth,VT,Israel,0.0,0,Low
28,Female,Master's,Widowed,85951.0,662.0,20685.0,Home,Employed,16,Excellent,0.3136,176640.0,1.0,West Emilytown,PR,Netherlands Antilles,4.0,2,High
48,Male,Bachelor's,Widowed,29542.0,627.0,29284.0,Auto,Self-employed,18,Excellent,0.3483,227183.0,0.0,Wellsfort,IA,Western Sahara,1.0,1,High
53,Non-binary,Bachelor's,Single,115446.0,617.0,40503.0,Personal,Unemployed,10,Poor,0.398,125592.0,2.0,Taylorview,VA,Mozambique,2.0,2,Medium
35,Non-binary,High School,Widowed,59433.0,670.0,40175.0,Personal,Self-employed,19,Fair,0.3492,209448.0,0.0,East Brittanyside,NM,Grenada,0.0,0,Low
46,Male,High School,Widowed,33566.0,666.0,49211.0,Home,Unemployed,6,Fair,0.4942,196864.0,0.0,Deniseburgh,CT,Saint Vincent and the Grenadines,3.0,1,Low
64,Male,Master's,Single,60733.0,742.0,42313.0,Auto,Self-employed,0,Good,0.2495,55918.0,0.0,Hoffmanstad,MD,Afghanistan,4.0,0,Low
30,Male,Master's,Widowed,30687.0,735.0,29432.0,Personal,Employed,11,Excellent,0.5401,21664.0,4.0,South Nicolas,FL,Sri Lanka,4.0,2,High
29,Female,High School,Married,105476.0,756.0,40166.0,Auto,Self-employed,19,Good,0.5831,255729.0,1.0,New Alishashire,WA,Turkey,4.0,0,Low
19,Non-binary,High School,Widowed,82245.0,758.0,39825.0,Auto,Unemployed,12,Fair,0.313,40047.0,3.0,Randallfort,MO,Falkland Islands (Malvinas),2.0,2,Low
56,Male,Bachelor's,Divorced,104166.0,663.0,37523.0,Home,Self-employed,14,Good,0.3622,244472.0,4.0,South Cassandra,FL,Ghana,2.0,2,Low
69,Male,Bachelor's,Divorced,81248.0,697.0,32192.0,Personal,Unemployed,15,Good,0.1438,44435.0,1.0,Sierrabury,PW,Slovakia (Slovak Republic),2.0,2,Low
31,Non-binary,Bachelor's,Single,70711.0,732.0,30552.0,Business,Employed,18,Excellent,0.5865,235495.0,2.0,New Scottland,MT,Zambia,0.0,1,High
34,Female,PhD,Widowed,50383.0,656.0,35210.0,Auto,Employed,3,Poor,0.3851,118420.0,4.0,North Maryberg,MA,Gibraltar,2.0,0,Low
29,Male,Master's,Married,88273.0,671.0,48226.0,Personal,Employed,10,Excellent,0.1474,165161.0,4.0,East Raymond,TN,Benin,0.0,1,Medium
23,Non-binary,Master's,Married,92161.0,751.0,24898.0,Personal,Employed,3,Good,0.2,182805.0,2.0,South Philip,SD,Mauritius,2.0,0,Medium
20,Male,High School,Single,24015.0,639.0,47780.0,Personal,Employed,10,Good,0.3251,81356.0,4.0,Patrickmouth,WY,Northern Mariana Islands,1.0,0,Medium
35,Male,Master's,Widowed,20059.0,657.0,47542.0,Auto,Employed,1,Excellent,0.4719,265108.0,1.0,Lewisport,TX,Macao,0.0,0,Low
60,Male,Bachelor's,Divorced,37279.0,797.0,7681.0,Home,Unemployed,8,Excellent,0.4988,225246.0,3.0,Christinastad,SD,Bosnia and Herzegovina,3.0,2,Low
45,Non-binary,Master's,Widowed,107856.0,632.0,40334.0,Personal,Self-employed,4,Good,0.1324,79735.0,2.0,Danielton,CA,Romania,2.0,0,Low
46,Male,Master's,Divorced,48548.0,717.0,13312.0,Home,Unemployed,14,Excellent,0.5914,271567.0,1.0,Stephenland,MP,Chad,4.0,1,Low
22,Male,Bachelor's,Widowed,96970.0,694.0,36027.0,Auto,Employed,3,Fair,0.5187,277897.0,2.0,North Tracyland,LA,Pitcairn Islands,0.0,0,Low
52,Non-binary,Bachelor's,Widowed,98412.0,655.0,29587.0,Personal,Employed,18,Good,0.5829,281508.0,2.0,Carrollview,MP,Faroe Islands,0.0,1,Low
57,Male,Bachelor's,Married,44204.0,731.0,46437.0,Auto,Employed,3,Good,0.4701,171263.0,0.0,Pacestad,IA,Venezuela,1.0,0,High
61,Non-binary,PhD,Married,61850.0,695.0,27303.0,Auto,Employed,10,Excellent,0.3853,226492.0,0.0,Ortizville,IA,Sweden,0.0,2,Low
64,Female,Master's,Divorced,54052.0,686.0,42204.0,Business,Employed,19,Excellent,0.5783,195590.0,0.0,West Benjamin,FM,Korea,4.0,2,Low
52,Female,Master's,Single,35852.0,752.0,8539.0,Business,Unemployed,1,Poor,0.3926,90940.0,4.0,Lake Michaelberg,KS,Andorra,0.0,0,Low
37,Male,PhD,Widowed,55607.0,686.0,23689.0,Personal,Employed,5,Poor,0.1541,280921.0,1.0,North Thomasfort,OK,Tokelau,3.0,0,Low
37,Female,PhD,Divorced,98723.0,692.0,12353.0,Business,Self-employed,19,Poor,0.3242,292433.0,0.0,Churchborough,MT,Taiwan,0.0,0,Medium
30,Male,Bachelor's,Divorced,94916.0,733.0,19515.0,Personal,Employed,16,Excellent,0.3405,119791.0,1.0,North Brian,AL,Singapore,3.0,2,Medium
29,Male,High School,Married,56660.0,640.0,7120.0,Home,Self-employed,10,Good,0.2296,299237.0,3.0,New Tonya,ME,Dominica,0.0,2,Low
18,Male,Master's,Widowed,99401.0,745.0,7866.0,Home,Unemployed,2,Good,0.1931,223370.0,2.0,Lake Stephen,IA,Mali,3.0,0,Low
52,Non-binary,High School,Single,63130.0,611.0,12690.0,Personal,Employed,11,Fair,0.4178,273965.0,2.0,North Jeanne,TX,Albania,1.0,1,Low
37,Female,High School,Divorced,22082.0,674.0,48407.0,Personal,Self-employed,2,Poor,0.3703,72608.0,1.0,South Jocelyn,FM,Mali,0.0,0,High
26,Male,PhD,Married,102446.0,700.0,10042.0,Business,Employed,11,Poor,0.2635,294155.0,3.0,New Alison,MH,China,0.0,0,Low
37,Female,Bachelor's,Single,61538.0,701.0,23855.0,Auto,Employed,17,Fair,0.5287,192993.0,0.0,New Janet,IL,Saint Vincent and the Grenadines,0.0,2,Low
33,Female,Bachelor's,Married,79607.0,704.0,42380.0,Auto,Unemployed,3,Good,0.3609,216010.0,3.0,Marthastad,FM,Pitcairn Islands,2.0,1,Low
26,Non-binary,Master's,Married,51957.0,612.0,27500.0,Auto,Unemployed,1,Poor,0.5949,91252.0,0.0,Ponceport,WV,Heard Island and McDonald Islands,4.0,2,Low
26,Female,High School,Divorced,78396.0,619.0,34047.0,Home,Self-employed,13,Excellent,0.4236,33239.0,0.0,Anthonymouth,SD,Vietnam,1.0,0,High
34,Male,PhD,Married,36593.0,758.0,8343.0,Auto,Self-employed,8,Good,0.5908,20193.0,0.0,Jamesfurt,MD,Togo,4.0,0,Low
34,Male,Master's,Married,39417.0,791.0,35337.0,Personal,Self-employed,16,Fair,0.4904,169065.0,0.0,West Kaitlynfurt,IA,Malaysia,4.0,2,High
54,Female,High School,Widowed,79739.0,755.0,33684.0,Personal,Unemployed,9,Excellent,0.4293,94472.0,3.0,Hawkinsbury,PA,Gambia,4.0,0,High
26,Male,Bachelor's,Single,72196.0,789.0,14443.0,Auto,Self-employed,7,Good,0.2071,259287.0,2.0,Joeland,SD,Cape Verde,3.0,2,Low
41,Non-binary,Bachelor's,Widowed,43640.0,690.0,48374.0,Business,Self-employed,7,Good,0.5054,293015.0,0.0,Pittsmouth,NE,Equatorial Guinea,3.0,2,Medium
59,Non-binary,Bachelor's,Single,107513.0,603.0,35766.0,Auto,Self-employed,0,Excellent,0.5501,164329.0,4.0,Leahside,KY,Guernsey,0.0,1,Low
65,Male,Master's,Married,34234.0,601.0,35090.0,Personal,Unemployed,3,Fair,0.1299,223604.0,2.0,Clarkebury,MD,Saint Barthelemy,3.0,2,Low
19,Non-binary,Bachelor's,Divorced,40572.0,640.0,43433.0,Business,Self-employed,16,Poor,0.4845,132386.0,3.0,New Nathan,SD,Turkey,4.0,0,Medium
22,Male,Master's,Married,27066.0,682.0,46543.0,Auto,Employed,9,Good,0.3321,25278.0,0.0,New Shawn,TN,Kiribati,3.0,2,Low
18,Male,Master's,Divorced,72092.0,627.0,11842.0,Auto,Employed,18,Excellent,0.2526,84899.0,0.0,Lake Paulberg,GU,Tanzania,1.0,0,Low
26,Non-binary,Master's,Divorced,38077.0,684.0,44004.0,Auto,Self-employed,2,Poor,0.4886,197091.0,2.0,Williamhaven,NM,Vietnam,3.0,1,Low
31,Female,Bachelor's,Divorced,111115.0,651.0,8775.0,Auto,Self-employed,11,Good,0.3391,107437.0,2.0,Davidstad,NY,Iraq,0.0,1,Low
27,Male,PhD,Widowed,58227.0,627.0,27628.0,Business,Employed,15,Poor,0.3848,172845.0,1.0,Christopherside,NC,Kenya,4.0,0,Low
67,Female,Master's,Divorced,66275.0,699.0,40371.0,Auto,Self-employed,19,Fair,0.4747,75282.0,4.0,North Steveland,MN,India,4.0,2,High
46,Non-binary,Bachelor's,Divorced,117435.0,638.0,20452.0,Personal,Unemployed,8,Poor,0.2441,119895.0,0.0,Madelinebury,WV,Samoa,4.0,0,Low
66,Male,Bachelor's,Married,98342.0,788.0,37371.0,Home,Employed,13,Fair,0.3239,101976.0,3.0,South Daniel,CT,Denmark,1.0,1,High
50,Male,Master's,Married,21304.0,699.0,45308.0,Auto,Self-employed,4,Poor,0.3106,65891.0,2.0,South Juan,WV,Armenia,3.0,0,Medium
18,Non-binary,PhD,Married,47892.0,662.0,28581.0,Auto,Employed,11,Excellent,0.2909,259607.0,0.0,Kevinland,PA,Liberia,0.0,2,Low
64,Female,High School,Divorced,47293.0,657.0,11572.0,Personal,Employed,15,Good,0.2097,255479.0,4.0,Robertburgh,WI,Swaziland,4.0,0,Low
33,Non-binary,Master's,Divorced,43371.0,616.0,21907.0,Personal,Employed,2,Excellent,0.1794,266313.0,3.0,West Colleen,GU,Saint Vincent and the Grenadines,3.0,1,Low
43,Female,Bachelor's,Widowed,75611.0,728.0,7090.0,Business,Unemployed,5,Good,0.538,163944.0,3.0,South Bradview,OH,Comoros,4.0,0,Medium
30,Male,Master's,Married,117683.0,713.0,15587.0,Home,Self-employed,14,Fair,0.1937,86147.0,0.0,New John,VA,Paraguay,0.0,1,Low
61,Female,High School,Widowed,46295.0,726.0,48485.0,Home,Unemployed,1,Excellent,0.2999,218457.0,1.0,North Josephfort,OK,Zambia,4.0,0,Medium
68,Female,PhD,Single,115641.0,722.0,31798.0,Personal,Self-employed,1,Excellent,0.5575,268770.0,2.0,Jessicaton,FL,Namibia,0.0,2,Medium
44,Male,High School,Single,58059.0,638.0,11865.0,Auto,Self-employed,18,Fair,0.4728,206508.0,0.0,Williamsonport,FL,United Arab Emirates,1.0,2,Low
48,Male,Master's,Married,109288.0,651.0,23794.0,Home,Unemployed,10,Fair,0.3324,275864.0,1.0,South Judyville,MT,Gabon,2.0,2,Medium
25,Non-binary,High School,Married,40455.0,755.0,21915.0,Business,Employed,13,Fair,0.2955,214805.0,2.0,West Bradleybury,FM,Puerto Rico,0.0,2,Low
53,Male,High School,Married,106538.0,637.0,19676.0,Home,Unemployed,4,Fair,0.2962,67803.0,0.0,South Jack,VT,Turkey,2.0,2,Medium
45,Non-binary,PhD,Single,62320.0,755.0,34910.0,Home,Unemployed,11,Excellent,0.556,277041.0,2.0,Harristown,KS,Uzbekistan,0.0,1,Low
59,Female,Master's,Married,80760.0,760.0,18369.0,Business,Self-employed,8,Poor,0.1315,58815.0,0.0,East Melanie,ID,Denmark,2.0,1,Low
67,Non-binary,High School,Single,42253.0,630.0,22664.0,Business,Employed,14,Poor,0.2211,108738.0,3.0,West Steven,VA,Venezuela,0.0,0,Low
64,Male,High School,Divorced,109606.0,775.0,45316.0,Personal,Self-employed,8,Excellent,0.4049,258825.0,1.0,Lake Christopherview,CO,Macao,2.0,1,Medium
50,Female,High School,Single,75820.0,774.0,19581.0,Home,Unemployed,6,Poor,0.1812,264233.0,3.0,Richardsbury,WI,British Indian Ocean Territory (Chagos Archipelago),0.0,1,Medium
45,Non-binary,Master's,Widowed,91062.0,628.0,45109.0,Personal,Employed,19,Fair,0.1264,295511.0,0.0,Harringtonburgh,WY,Andorra,2.0,2,Low
65,Female,PhD,Divorced,23185.0,751.0,22852.0,Auto,Employed,10,Poor,0.3244,87114.0,3.0,Wardmouth,ME,Saudi Arabia,2.0,2,Medium
67,Female,Bachelor's,Single,98104.0,628.0,31828.0,Auto,Unemployed,1,Good,0.3313,166083.0,1.0,Lake Shannonshire,PA,Brazil,4.0,1,Medium
62,Female,Master's,Single,21511.0,641.0,46352.0,Auto,Self-employed,14,Excellent,0.1521,161876.0,4.0,Hansenville,MN,Comoros,0.0,1,High
51,Male,Bachelor's,Divorced,69376.0,776.0,15609.0,Personal,Self-employed,15,Poor,0.1526,195717.0,2.0,Stephanieport,IL,Philippines,1.0,2,Low
55,Non-binary,High School,Single,94039.0,642.0,26985.0,Auto,Unemployed,9,Excellent,0.473,296561.0,2.0,Jonestown,AK,Gibraltar,4.0,2,Medium
63,Male,Bachelor's,Widowed,114467.0,646.0,33268.0,Auto,Unemployed,16,Fair,0.5439,48786.0,4.0,North Jessica,SC,Romania,1.0,1,Low
45,Male,Bachelor's,Married,101673.0,652.0,37398.0,Home,Employed,5,Fair,0.4077,75240.0,2.0,Carterchester,IN,Dominican Republic,0.0,0,Low
64,Male,Bachelor's,Widowed,55765.0,607.0,7146.0,Home,Unemployed,1,Fair,0.187,280331.0,0.0,Ryanside,NM,Madagascar,4.0,1,Low
35,Male,PhD,Widowed,103824.0,735.0,19030.0,Personal,Self-employed,9,Fair,0.1193,50959.0,3.0,Port Samanthafort,DC,Timor-Leste,4.0,2,Low
61,Female,PhD,Widowed,24959.0,658.0,41336.0,Business,Employed,1,Excellent,0.5582,44214.0,2.0,Jessicastad,VI,Angola,2.0,0,Low
50,Male,High School,Widowed,95768.0,654.0,35319.0,Home,Self-employed,13,Good,0.5028,67246.0,4.0,Ericfurt,GA,Cote d'Ivoire,2.0,0,Medium
69,Non-binary,PhD,Widowed,33225.0,718.0,32087.0,Auto,Employed,19,Excellent,0.5545,90749.0,1.0,Paynefort,LA,Mongolia,2.0,1,Medium
20,Non-binary,Bachelor's,Married,116220.0,643.0,18754.0,Home,Self-employed,11,Fair,0.5964,29450.0,4.0,Sueport,CT,Vietnam,4.0,0,Low
28,Female,Master's,Single,67679.0,651.0,22108.0,Business,Self-employed,2,Good,0.1095,237227.0,0.0,Mariafurt,SC,Singapore,1.0,1,Medium
59,Male,High School,Married,64929.0,759.0,18028.0,Personal,Self-employed,10,Poor,0.2168,268917.0,4.0,Austinshire,IA,Isle of Man,2.0,2,Medium
62,Female,Master's,Married,23743.0,754.0,19335.0,Auto,Self-employed,10,Fair,0.1239,69077.0,4.0,Lake Lisa,MI,Swaziland,2.0,0,Low
49,Female,Bachelor's,Single,102293.0,742.0,10332.0,Auto,Self-employed,0,Poor,0.4422,153987.0,2.0,Reidberg,AR,Thailand,0.0,2,Medium
46,Female,Bachelor's,Widowed,109907.0,676.0,35060.0,Auto,Unemployed,19,Excellent,0.3175,32628.0,3.0,Christyburgh,VT,New Caledonia,3.0,0,Low
38,Non-binary,Bachelor's,Single,70354.0,611.0,46152.0,Business,Self-employed,17,Good,0.5471,91912.0,1.0,Dianashire,UT,Bermuda,1.0,2,High
29,Male,Bachelor's,Single,37957.0,720.0,25367.0,Auto,Employed,3,Fair,0.2684,240226.0,0.0,Hoffmanfurt,NY,British Indian Ocean Territory (Chagos Archipelago),0.0,1,Medium
29,Non-binary,High School,Divorced,61753.0,786.0,12724.0,Personal,Unemployed,14,Poor,0.457,186291.0,2.0,Rodriguezborough,PA,Isle of Man,4.0,0,Low
40,Female,Bachelor's,Single,69876.0,645.0,33405.0,Home,Unemployed,4,Good,0.5775,200151.0,1.0,West Jamestown,CA,Papua New Guinea,3.0,0,Low
35,Male,PhD,Divorced,112675.0,705.0,38431.0,Personal,Self-employed,11,Excellent,0.3066,221276.0,2.0,Smithton,NV,Germany,0.0,2,Low
21,Non-binary,Bachelor's,Single,104269.0,722.0,16901.0,Auto,Self-employed,19,Good,0.3237,25274.0,3.0,South Wendy,WV,Japan,1.0,2,Low
35,Female,Bachelor's,Divorced,101540.0,653.0,11796.0,Auto,Employed,0,Excellent,0.2635,151385.0,0.0,Herreraborough,DC,Thailand,1.0,0,Medium
49,Female,PhD,Widowed,50158.0,770.0,35294.0,Auto,Unemployed,6,Excellent,0.3974,49457.0,3.0,East Robert,DE,Mozambique,2.0,1,High
55,Male,PhD,Married,52863.0,704.0,32398.0,Business,Unemployed,4,Poor,0.2837,95056.0,0.0,North Feliciafurt,CO,Iceland,0.0,1,Low
49,Non-binary,Bachelor's,Married,87546.0,775.0,10243.0,Home,Unemployed,3,Good,0.5296,255929.0,0.0,Murphyfort,AS,Qatar,2.0,0,Low
23,Non-binary,PhD,Married,65174.0,752.0,33424.0,Personal,Employed,1,Excellent,0.2527,64623.0,0.0,North Amy,ID,Finland,4.0,2,Medium
23,Non-binary,Master's,Widowed,23236.0,701.0,27362.0,Auto,Unemployed,19,Good,0.5562,28531.0,2.0,Mooreside,WY,Fiji,2.0,2,Low
69,Female,PhD,Single,85298.0,610.0,21294.0,Personal,Unemployed,10,Poor,0.366,29884.0,2.0,Carlosshire,PW,Namibia,0.0,2,Medium
45,Male,High School,Married,41414.0,693.0,18582.0,Personal,Self-employed,1,Excellent,0.517,176337.0,1.0,North Evelynfurt,FM,Puerto Rico,1.0,2,Low
59,Female,Bachelor's,Widowed,79757.0,694.0,14846.0,Home,Unemployed,18,Fair,0.1937,286088.0,2.0,North Robyn,ME,Czech Republic,1.0,1,Low
48,Non-binary,High School,Divorced,112024.0,615.0,41533.0,Auto,Unemployed,15,Excellent,0.1185,245190.0,0.0,North Christopherhaven,NH,Portugal,3.0,1,Low
49,Male,Bachelor's,Divorced,81463.0,722.0,31833.0,Home,Employed,1,Fair,0.3013,115150.0,1.0,Juliemouth,FM,Tajikistan,0.0,2,Medium
24,Female,PhD,Divorced,118123.0,756.0,39852.0,Auto,Employed,4,Excellent,0.3222,76892.0,2.0,Bakerhaven,SD,Brazil,0.0,0,Medium
26,Female,PhD,Divorced,44583.0,768.0,18713.0,Home,Employed,14,Poor,0.4337,256628.0,0.0,Sydneyberg,ID,Kazakhstan,3.0,1,Low
34,Male,Master's,Single,69874.0,671.0,18830.0,Home,Employed,19,Fair,0.3872,249930.0,2.0,East Brandonside,UT,Barbados,0.0,1,Low
31,Non-binary,PhD,Married,31143.0,627.0,24045.0,Personal,Employed,14,Good,0.4456,133726.0,3.0,Jeanettemouth,WY,Spain,1.0,1,Low
55,Non-binary,Master's,Divorced,115341.0,601.0,46345.0,Auto,Self-employed,6,Fair,0.4619,90997.0,2.0,North Georgeberg,OK,Sudan,0.0,1,Low
43,Non-binary,High School,Married,90220.0,712.0,20552.0,Business,Self-employed,2,Fair,0.4056,127550.0,3.0,Gonzaleztown,PR,American Samoa,2.0,1,Medium
61,Non-binary,PhD,Married,86573.0,612.0,12284.0,Auto,Self-employed,13,Good,0.1461,135204.0,3.0,Port Tiffanyside,MH,Tonga,4.0,0,Medium
57,Female,PhD,Married,115987.0,711.0,19327.0,Business,Self-employed,9,Fair,0.4083,62495.0,1.0,East Tracyside,UT,Palestinian Territory,2.0,0,Medium
55,Non-binary,PhD,Married,31439.0,725.0,47120.0,Business,Unemployed,2,Excellent,0.1055,179433.0,3.0,Chavezshire,VA,Guam,3.0,1,Medium
32,Male,Master's,Married,32122.0,740.0,34367.0,Auto,Unemployed,5,Excellent,0.3603,38659.0,3.0,New Lisaburgh,KS,Mongolia,4.0,2,Low
61,Male,Master's,Divorced,99322.0,658.0,35238.0,Personal,Unemployed,18,Poor,0.485,94344.0,3.0,New Paulton,CA,Burundi,3.0,0,Low
35,Non-binary,Master's,Married,50743.0,633.0,27997.0,Business,Unemployed,8,Fair,0.282,54422.0,4.0,Saraton,MD,Greece,4.0,1,Medium
19,Female,Bachelor's,Single,37400.0,715.0,37839.0,Home,Employed,19,Excellent,0.5531,94113.0,0.0,Ricebury,NY,Iraq,2.0,2,Low
48,Non-binary,High School,Single,111685.0,672.0,6839.0,Home,Unemployed,8,Good,0.254,242916.0,0.0,Dorothybury,IL,Egypt,1.0,2,Low
57,Male,High School,Married,114817.0,620.0,36310.0,Auto,Self-employed,2,Poor,0.2532,281540.0,2.0,Lake Peggyburgh,CT,Syrian Arab Republic,3.0,2,Low
18,Male,Bachelor's,Married,94460.0,764.0,17838.0,Business,Employed,18,Good,0.3816,154966.0,1.0,New Jeremy,WA,Zambia,3.0,2,Low
21,Male,Master's,Married,78817.0,772.0,33330.0,Auto,Employed,4,Good,0.5771,186453.0,3.0,New Peterstad,TX,Somalia,4.0,0,Low
55,Non-binary,High School,Widowed,78824.0,768.0,5798.0,Business,Self-employed,7,Poor,0.5658,279670.0,4.0,West Wanda,CO,United Arab Emirates,3.0,0,Medium
33,Non-binary,High School,Divorced,48087.0,758.0,25937.0,Auto,Self-employed,17,Excellent,0.2961,181209.0,0.0,Laneville,MP,United Arab Emirates,1.0,2,Medium
61,Male,Bachelor's,Widowed,20183.0,677.0,46697.0,Auto,Self-employed,12,Excellent,0.5154,161299.0,0.0,Miguelmouth,ME,Thailand,3.0,0,Low
64,Non-binary,Bachelor's,Single,86558.0,768.0,48390.0,Home,Employed,16,Fair,0.4828,288125.0,1.0,East Pam,WI,Namibia,0.0,2,Low
24,Female,PhD,Married,37676.0,692.0,47773.0,Home,Employed,6,Excellent,0.2541,288920.0,4.0,Henrybury,OR,Mali,4.0,1,Low
27,Female,High School,Widowed,105825.0,660.0,40511.0,Home,Employed,9,Poor,0.1812,27349.0,0.0,Lake Aaronchester,PA,Faroe Islands,1.0,0,Low
26,Male,High School,Divorced,48688.0,778.0,29232.0,Personal,Employed,3,Excellent,0.4897,291459.0,0.0,Salinasstad,UT,Comoros,3.0,1,Low
63,Non-binary,PhD,Single,34800.0,752.0,45888.0,Personal,Unemployed,14,Good,0.4185,48905.0,4.0,Jenniferstad,NM,Angola,2.0,2,Medium
62,Male,Bachelor's,Single,95969.0,783.0,24423.0,Business,Unemployed,1,Good,0.5677,231918.0,0.0,Robertshire,SC,Barbados,4.0,0,Medium
32,Female,PhD,Divorced,118262.0,692.0,29535.0,Personal,Self-employed,1,Excellent,0.2049,212664.0,3.0,South Kelly,MN,Belize,1.0,0,Low
56,Male,Master's,Widowed,59605.0,732.0,39633.0,Home,Employed,3,Poor,0.4819,133045.0,0.0,Kanehaven,MT,Eritrea,1.0,1,Low
61,Male,PhD,Single,58822.0,782.0,36173.0,Business,Unemployed,7,Poor,0.2197,141116.0,1.0,Jessicahaven,VI,Malta,4.0,1,High
35,Female,Master's,Single,30683.0,749.0,45526.0,Personal,Self-employed,0,Excellent,0.3603,211240.0,1.0,Andrewhaven,CO,Denmark,3.0,2,Medium
68,Female,Master's,Single,80308.0,714.0,42891.0,Home,Employed,9,Good,0.4843,288342.0,3.0,Lake Danielberg,CA,Bolivia,3.0,0,Low
66,Non-binary,PhD,Single,81383.0,670.0,35689.0,Home,Employed,1,Good,0.3769,280158.0,1.0,Angelberg,IL,Mali,1.0,0,Medium
27,Non-binary,Bachelor's,Married,76153.0,663.0,9647.0,Personal,Unemployed,15,Good,0.2428,102991.0,0.0,West Douglaschester,WA,Cook Islands,1.0,2,High
66,Female,Master's,Widowed,117392.0,737.0,11577.0,Business,Self-employed,4,Fair,0.3836,207333.0,2.0,Port Katherineview,DE,Malawi,1.0,2,Low
39,Male,Master's,Single,86358.0,789.0,43360.0,Home,Unemployed,18,Excellent,0.266,26890.0,4.0,Port Jack,DE,Pakistan,3.0,2,High
30,Male,Master's,Divorced,92158.0,605.0,48933.0,Personal,Self-employed,5,Good,0.3816,214233.0,1.0,Ashleyview,OK,Mauritius,4.0,2,Low
55,Female,PhD,Widowed,43652.0,631.0,37398.0,Personal,Self-employed,16,Excellent,0.536,292807.0,2.0,Kimberlyton,ID,Czech Republic,2.0,2,Medium
41,Female,PhD,Married,43795.0,694.0,9630.0,Business,Unemployed,3,Poor,0.1943,242752.0,0.0,North Kellyfort,AK,Sao Tome and Principe,0.0,0,Low
53,Male,PhD,Divorced,99925.0,655.0,6093.0,Business,Employed,5,Fair,0.3418,26694.0,0.0,Williamsborough,PW,Cuba,4.0,0,Medium
44,Non-binary,Master's,Married,36375.0,730.0,9659.0,Home,Self-employed,3,Poor,0.5811,113216.0,3.0,Lake Olivia,TN,Papua New Guinea,0.0,2,Low
69,Male,Master's,Single,36277.0,751.0,10179.0,Business,Unemployed,18,Good,0.1467,271658.0,1.0,North Thomasview,AL,Brazil,2.0,2,Low
19,Male,Bachelor's,Married,40545.0,611.0,12882.0,Business,Employed,14,Poor,0.215,281363.0,2.0,South Danatown,WA,Cook Islands,1.0,2,Low
24,Female,Bachelor's,Single,45545.0,749.0,6840.0,Business,Unemployed,8,Poor,0.3088,117156.0,1.0,South Alexis,AR,Bermuda,2.0,1,High
60,Non-binary,Bachelor's,Divorced,56994.0,722.0,21401.0,Home,Unemployed,10,Poor,0.1972,101348.0,4.0,Brettshire,NJ,Georgia,3.0,0,Medium
38,Non-binary,High School,Divorced,44798.0,742.0,15836.0,Business,Unemployed,15,Good,0.3009,22565.0,2.0,Codyport,NC,Cook Islands,1.0,0,Low
46,Male,Master's,Widowed,37752.0,601.0,26999.0,Home,Employed,4,Good,0.3709,51828.0,4.0,South Carolyn,WA,Honduras,3.0,1,Medium
18,Male,PhD,Married,96620.0,686.0,47372.0,Personal,Unemployed,7,Excellent,0.3355,102193.0,0.0,East Danielle,CT,Isle of Man,1.0,2,Low
64,Non-binary,PhD,Divorced,49846.0,717.0,23549.0,Business,Unemployed,5,Good,0.3854,51725.0,2.0,South Robert,TN,Peru,4.0,0,Medium
62,Non-binary,Bachelor's,Widowed,33157.0,764.0,43328.0,Auto,Unemployed,19,Poor,0.2537,111543.0,1.0,Port Lucasburgh,PW,France,1.0,2,High
43,Non-binary,Bachelor's,Widowed,100541.0,691.0,18827.0,Business,Self-employed,0,Excellent,0.3288,30318.0,1.0,West Michael,KS,Mexico,1.0,2,Low
25,Female,Bachelor's,Widowed,34860.0,653.0,33557.0,Business,Self-employed,4,Poor,0.2545,297826.0,2.0,Nicoleview,NY,Anguilla,1.0,0,Low
68,Female,Bachelor's,Widowed,89741.0,689.0,18127.0,Personal,Unemployed,18,Excellent,0.2862,203540.0,3.0,Craigfurt,MD,Guadeloupe,1.0,2,Medium
66,Male,PhD,Widowed,111586.0,735.0,42495.0,Personal,Self-employed,12,Poor,0.3248,138156.0,1.0,Lake Robertton,MD,Bahamas,3.0,0,Medium
37,Non-binary,Bachelor's,Married,60834.0,687.0,48283.0,Business,Unemployed,5,Fair,0.4888,48748.0,3.0,Jenniferside,AK,Cote d'Ivoire,1.0,0,Medium
40,Non-binary,Bachelor's,Widowed,32583.0,794.0,25038.0,Business,Unemployed,2,Fair,0.4906,79888.0,1.0,Bellborough,AS,Bulgaria,0.0,2,High
53,Male,PhD,Divorced,57921.0,723.0,37583.0,Business,Unemployed,16,Good,0.3464,42219.0,2.0,Port Krista,OH,Trinidad and Tobago,1.0,0,Low
23,Male,PhD,Married,40319.0,705.0,17280.0,Auto,Employed,0,Good,0.4532,142690.0,3.0,Jessicachester,MP,Solomon Islands,0.0,0,Medium
41,Non-binary,PhD,Divorced,28417.0,788.0,20660.0,Business,Employed,10,Fair,0.2049,97524.0,4.0,Bakerchester,DE,Madagascar,2.0,1,Low
45,Male,High School,Single,99852.0,644.0,27081.0,Personal,Employed,1,Excellent,0.308,138175.0,2.0,New Tammy,NV,Yemen,3.0,0,Low
56,Female,High School,Married,38227.0,643.0,34048.0,Business,Self-employed,18,Good,0.236,173876.0,4.0,Port Christopherfurt,TN,Burkina Faso,0.0,2,Low
33,Non-binary,High School,Married,67796.0,732.0,31507.0,Business,Self-employed,14,Fair,0.2726,164407.0,4.0,Walkerside,IA,Christmas Island,2.0,1,Low
59,Female,High School,Single,90605.0,725.0,15170.0,Auto,Self-employed,13,Good,0.2476,51584.0,2.0,Trantown,TX,Timor-Leste,1.0,2,Low
66,Male,PhD,Divorced,90320.0,796.0,16556.0,Auto,Unemployed,17,Excellent,0.5572,95170.0,1.0,Lake Gene,DE,Cuba,1.0,0,Low
61,Female,High School,Single,113786.0,623.0,7420.0,Business,Employed,19,Good,0.2302,216378.0,0.0,Robertsonberg,TX,Palau,4.0,0,Medium
23,Non-binary,Bachelor's,Widowed,43466.0,782.0,9619.0,Business,Unemployed,11,Good,0.4898,182822.0,4.0,Lake Stephanieborough,CT,Norfolk Island,3.0,0,Low
22,Female,Master's,Widowed,111499.0,686.0,35434.0,Personal,Unemployed,13,Good,0.3047,187389.0,1.0,Butlerview,MN,Vanuatu,0.0,0,High
44,Non-binary,High School,Divorced,75578.0,721.0,26122.0,Business,Employed,10,Fair,0.5508,50286.0,1.0,Port Jacqueline,MS,Paraguay,3.0,0,Low
61,Non-binary,Master's,Widowed,68875.0,700.0,15006.0,Personal,Self-employed,14,Excellent,0.2423,295485.0,2.0,Medinatown,IN,Mexico,1.0,1,Low
26,Female,PhD,Married,27004.0,774.0,30241.0,Personal,Employed,15,Excellent,0.1818,124383.0,4.0,Petersonview,DC,Isle of Man,1.0,2,Medium
21,Non-binary,Bachelor's,Single,70109.0,612.0,6735.0,Business,Employed,16,Excellent,0.1306,243232.0,3.0,West James,MA,Burkina Faso,4.0,1,High
56,Female,High School,Single,85057.0,679.0,35548.0,Auto,Employed,17,Fair,0.3266,140260.0,0.0,Michellechester,AS,Equatorial Guinea,1.0,1,High
30,Non-binary,PhD,Single,119332.0,630.0,17468.0,Business,Employed,17,Fair,0.4641,140795.0,1.0,Gravesberg,VT,Samoa,1.0,2,Medium
59,Male,PhD,Married,30511.0,643.0,11574.0,Home,Self-employed,2,Good,0.1619,48476.0,3.0,Wrightfurt,CO,Nepal,2.0,2,Low
45,Female,Bachelor's,Divorced,52308.0,642.0,20464.0,Personal,Employed,0,Good,0.1339,150368.0,2.0,Butlerborough,WI,Cayman Islands,0.0,0,Medium
51,Non-binary,High School,Divorced,22966.0,680.0,16220.0,Home,Self-employed,4,Fair,0.5889,272497.0,2.0,Christopherbury,VI,Tanzania,2.0,0,Low
67,Female,Bachelor's,Single,68330.0,741.0,18473.0,Home,Unemployed,13,Fair,0.1827,276021.0,2.0,Johnstonchester,NM,Pakistan,3.0,2,Low
40,Female,PhD,Single,50785.0,675.0,14584.0,Auto,Self-employed,4,Excellent,0.1111,201731.0,0.0,Mooreport,AK,Guinea,4.0,1,High
33,Non-binary,Bachelor's,Single,106994.0,727.0,26924.0,Personal,Self-employed,16,Good,0.4614,294932.0,0.0,Andersonfurt,MO,Bulgaria,3.0,0,Low
62,Non-binary,Bachelor's,Single,81710.0,722.0,18018.0,Auto,Unemployed,16,Fair,0.2287,21583.0,4.0,Lake Michael,OR,Cuba,3.0,0,Low
30,Female,PhD,Divorced,111005.0,731.0,34657.0,Personal,Employed,6,Excellent,0.1568,72186.0,2.0,Myersfort,LA,Bouvet Island (Bouvetoya),3.0,1,Low
39,Non-binary,Master's,Widowed,110197.0,642.0,13407.0,Business,Employed,13,Good,0.5144,249792.0,0.0,Paulberg,RI,Romania,0.0,1,Low
47,Non-binary,PhD,Married,48892.0,623.0,42009.0,Auto,Unemployed,5,Fair,0.4814,199557.0,1.0,South Sharon,IL,Finland,4.0,1,Low
43,Female,Master's,Divorced,95400.0,768.0,44512.0,Auto,Unemployed,19,Fair,0.1454,125061.0,1.0,New Michael,MD,Indonesia,2.0,2,Low
46,Female,Master's,Widowed,108271.0,604.0,29454.0,Business,Employed,7,Good,0.564,212570.0,0.0,East Katherine,TN,Zambia,4.0,1,Low
62,Male,PhD,Married,102805.0,735.0,34741.0,Personal,Unemployed,15,Good,0.5929,132461.0,4.0,Port Rebeccaville,MD,Iceland,4.0,0,Low
67,Female,High School,Married,73276.0,717.0,44581.0,Auto,Employed,0,Poor,0.2459,298985.0,1.0,Waynestad,RI,Western Sahara,2.0,0,Medium
62,Non-binary,High School,Single,50054.0,669.0,32562.0,Business,Self-employed,14,Excellent,0.3987,260959.0,0.0,New Danielle,AR,Eritrea,1.0,1,Medium
46,Non-binary,High School,Married,27089.0,720.0,35207.0,Home,Self-employed,15,Excellent,0.5774,75245.0,3.0,New Deborah,CT,Morocco,0.0,1,Medium
45,Non-binary,PhD,Single,24476.0,616.0,38874.0,Home,Employed,1,Excellent,0.387,210576.0,1.0,East Leeville,VT,Portugal,4.0,1,Medium
19,Male,High School,Divorced,92855.0,615.0,46036.0,Personal,Employed,11,Good,0.246,152805.0,2.0,West Brentburgh,DC,Liberia,4.0,2,Low
48,Male,Bachelor's,Married,56790.0,744.0,11069.0,Business,Unemployed,12,Good,0.1033,91957.0,3.0,Port Johnshire,PW,Nicaragua,0.0,2,Low
24,Non-binary,Master's,Married,88595.0,765.0,49046.0,Auto,Self-employed,3,Poor,0.2331,214936.0,0.0,New Justin,ME,Syrian Arab Republic,4.0,1,Medium
67,Female,Master's,Single,66576.0,651.0,28129.0,Business,Self-employed,16,Poor,0.3363,253493.0,0.0,Lake Aaronshire,WA,Uzbekistan,3.0,0,High
64,Non-binary,Bachelor's,Married,108762.0,724.0,21553.0,Home,Employed,17,Fair,0.5878,149028.0,3.0,South Brian,IL,Luxembourg,3.0,1,High
39,Female,Bachelor's,Married,64273.0,777.0,46308.0,Business,Self-employed,6,Excellent,0.1503,154005.0,2.0,Matthewview,DE,Dominican Republic,0.0,0,Medium
24,Non-binary,Bachelor's,Married,94714.0,779.0,12184.0,Personal,Unemployed,3,Excellent,0.3578,297324.0,2.0,South Christopher,UT,Nepal,1.0,0,Low
65,Non-binary,High School,Single,54593.0,628.0,49092.0,Auto,Self-employed,0,Good,0.4156,155171.0,2.0,Alexanderbury,MP,Papua New Guinea,1.0,0,Low
48,Male,Master's,Divorced,116665.0,787.0,12157.0,Personal,Unemployed,3,Good,0.4455,21333.0,1.0,North Shannonmouth,MS,San Marino,1.0,0,Low
69,Non-binary,PhD,Married,42487.0,640.0,17620.0,Auto,Employed,1,Poor,0.3297,52473.0,0.0,East Jennaton,IN,Equatorial Guinea,1.0,1,Medium
49,Male,Bachelor's,Single,28301.0,661.0,48974.0,Business,Self-employed,17,Poor,0.5175,204270.0,4.0,South Amanda,ID,Lithuania,1.0,1,Medium
39,Non-binary,PhD,Married,58458.0,779.0,42648.0,Home,Unemployed,4,Excellent,0.2931,195287.0,0.0,Lake Lee,SD,Somalia,3.0,2,Medium
46,Non-binary,High School,Divorced,107242.0,613.0,10917.0,Auto,Employed,17,Good,0.2403,129237.0,3.0,Matthewshire,MO,Peru,2.0,2,Low
66,Male,Bachelor's,Widowed,38423.0,790.0,8534.0,Business,Employed,16,Good,0.3856,231882.0,2.0,Parkerfort,ME,Sao Tome and Principe,0.0,2,Low
28,Non-binary,Master's,Single,68001.0,690.0,23940.0,Business,Unemployed,15,Good,0.2921,191836.0,4.0,North Ernest,TX,Isle of Man,4.0,2,High
37,Female,PhD,Widowed,70559.0,744.0,40422.0,Auto,Unemployed,12,Fair,0.2419,49173.0,4.0,Debbieburgh,LA,Burkina Faso,4.0,2,Medium
31,Male,Master's,Divorced,110680.0,782.0,37605.0,Business,Employed,8,Excellent,0.3026,123105.0,3.0,Jamesstad,VA,Greece,0.0,0,Medium
29,Male,PhD,Widowed,83211.0,754.0,49587.0,Home,Employed,3,Fair,0.4379,209931.0,4.0,Bennettbury,CA,Jordan,4.0,0,Medium
65,Male,Bachelor's,Widowed,98314.0,625.0,27295.0,Auto,Employed,3,Excellent,0.456,292546.0,3.0,North Ronaldfort,SC,Serbia,2.0,1,High
66,Non-binary,PhD,Married,111544.0,748.0,22812.0,Home,Self-employed,7,Fair,0.5514,281631.0,3.0,Hernandezchester,OH,Malawi,0.0,0,Low
66,Female,Master's,Single,33107.0,794.0,13463.0,Business,Self-employed,16,Fair,0.213,24387.0,4.0,East Dan,ID,Saint Martin,0.0,0,Low
34,Female,PhD,Divorced,22703.0,665.0,31274.0,Auto,Self-employed,11,Excellent,0.418,103999.0,0.0,New Kiara,CA,Oman,4.0,0,High
59,Female,High School,Single,68120.0,657.0,34122.0,Home,Employed,17,Excellent,0.55,100167.0,1.0,Perkinsbury,ME,Cote d'Ivoire,3.0,2,Medium
52,Female,High School,Married,110179.0,749.0,42559.0,Personal,Self-employed,15,Fair,0.5256,132745.0,2.0,North William,VI,Western Sahara,2.0,1,High
28,Female,Bachelor's,Widowed,42030.0,665.0,15203.0,Auto,Self-employed,3,Fair,0.1015,120645.0,4.0,Michaelchester,WA,Armenia,1.0,0,Low
63,Male,Bachelor's,Divorced,97614.0,601.0,40182.0,Home,Self-employed,17,Fair,0.4701,240712.0,4.0,North Tammy,FL,Colombia,4.0,0,Medium
51,Male,PhD,Married,104075.0,693.0,49212.0,Auto,Employed,10,Fair,0.2973,45516.0,2.0,Walkermouth,NC,Palau,2.0,1,Low
24,Female,High School,Married,115157.0,737.0,33707.0,Home,Employed,2,Fair,0.2876,281687.0,0.0,West Brittney,AR,Sierra Leone,1.0,0,Medium
67,Male,Master's,Widowed,31333.0,770.0,21238.0,Personal,Employed,15,Fair,0.1239,101545.0,2.0,Lake Kellyfort,LA,Fiji,0.0,1,Medium
63,Male,High School,Married,33403.0,627.0,36664.0,Personal,Employed,2,Poor,0.2066,24674.0,3.0,Harrisonside,PA,Afghanistan,3.0,0,Medium
56,Non-binary,Master's,Widowed,77751.0,683.0,42422.0,Home,Employed,15,Excellent,0.4626,206056.0,0.0,Port Sabrinaberg,LA,Lao People's Democratic Republic,3.0,1,Medium
36,Male,Master's,Married,112302.0,793.0,12611.0,Business,Unemployed,9,Excellent,0.3603,228333.0,1.0,West Peter,PR,Guyana,0.0,2,Low
59,Male,High School,Married,21316.0,682.0,13911.0,Personal,Unemployed,5,Good,0.1683,80096.0,4.0,Port Hannah,NM,Tajikistan,2.0,0,Low
38,Male,Master's,Widowed,90600.0,684.0,27579.0,Business,Employed,18,Fair,0.3785,76653.0,3.0,Port Brianamouth,SD,Canada,4.0,0,Medium
26,Male,PhD,Married,81336.0,644.0,24553.0,Business,Employed,12,Good,0.4081,239452.0,2.0,Gonzalesstad,KS,Libyan Arab Jamahiriya,0.0,0,Low
32,Female,Master's,Widowed,94165.0,709.0,12136.0,Personal,Self-employed,10,Excellent,0.4775,170005.0,1.0,Hunterview,CA,Kyrgyz Republic,3.0,0,High
67,Female,High School,Married,38300.0,716.0,29966.0,Auto,Unemployed,5,Excellent,0.1882,264088.0,0.0,Lake Jasonside,RI,Sudan,4.0,1,Low
31,Non-binary,Bachelor's,Single,81046.0,657.0,18011.0,Business,Employed,17,Excellent,0.3874,79741.0,4.0,South Jeff,TX,Aruba,0.0,1,Medium
50,Female,Master's,Divorced,48520.0,751.0,14121.0,Personal,Unemployed,16,Good,0.5694,214041.0,3.0,Morenoborough,WA,Guinea,4.0,0,Low
51,Male,High School,Married,21783.0,686.0,31157.0,Personal,Unemployed,13,Good,0.2263,22824.0,0.0,Shepardfurt,IN,Cape Verde,4.0,0,Low
26,Male,High School,Divorced,35076.0,616.0,33499.0,Personal,Employed,4,Fair,0.3099,241425.0,0.0,North Angela,ID,Andorra,3.0,0,Low
55,Male,High School,Single,64713.0,762.0,16304.0,Business,Self-employed,11,Fair,0.5264,244760.0,2.0,East Jacobfort,PR,Uganda,4.0,1,Low
33,Non-binary,Master's,Married,46110.0,666.0,17624.0,Personal,Unemployed,0,Good,0.5689,101322.0,4.0,South Deborahborough,KS,Vanuatu,1.0,2,Medium
42,Female,High School,Married,56345.0,639.0,38065.0,Business,Unemployed,5,Fair,0.4873,163286.0,2.0,New Mary,NM,Saint Pierre and Miquelon,0.0,0,Low
59,Female,PhD,Widowed,41711.0,766.0,44543.0,Business,Self-employed,1,Good,0.3829,291507.0,3.0,New Derek,RI,Hong Kong,0.0,2,Low
43,Non-binary,PhD,Single,76982.0,773.0,13838.0,Business,Self-employed,9,Good,0.5037,184426.0,0.0,Wrightburgh,GA,Poland,2.0,0,Low
59,Male,PhD,Single,76332.0,720.0,43813.0,Home,Self-employed,3,Excellent,0.2491,180807.0,1.0,West Markhaven,NY,Palestinian Territory,1.0,2,Low
36,Non-binary,PhD,Widowed,119449.0,711.0,13482.0,Business,Unemployed,15,Fair,0.4664,289477.0,0.0,West James,PW,Kuwait,0.0,1,Low
52,Male,Bachelor's,Single,48564.0,626.0,14969.0,Auto,Employed,3,Good,0.278,227102.0,0.0,Mcdonaldstad,OK,Sudan,0.0,2,Medium
66,Female,PhD,Married,66978.0,671.0,20590.0,Personal,Self-employed,4,Fair,0.1728,159592.0,4.0,South Lisatown,RI,Cook Islands,1.0,0,Low
47,Non-binary,High School,Single,49553.0,720.0,11103.0,Auto,Unemployed,9,Excellent,0.2923,214331.0,2.0,Hufffurt,MA,Uzbekistan,2.0,2,High
26,Non-binary,Bachelor's,Married,58051.0,742.0,20180.0,Personal,Unemployed,5,Good,0.2251,170046.0,2.0,Smithmouth,IL,Guernsey,3.0,1,Low
37,Male,Master's,Widowed,85206.0,617.0,18763.0,Home,Self-employed,2,Poor,0.1402,77080.0,3.0,Scottburgh,MH,Aruba,3.0,2,Low
29,Non-binary,PhD,Divorced,61003.0,675.0,38875.0,Auto,Unemployed,19,Good,0.4164,94609.0,3.0,Maldonadoborough,FM,Bhutan,1.0,0,Low
56,Non-binary,High School,Single,22882.0,708.0,19068.0,Home,Employed,8,Fair,0.4052,124941.0,2.0,Annaborough,KY,Guam,1.0,1,Low
52,Male,PhD,Single,96593.0,656.0,46732.0,Home,Employed,3,Excellent,0.341,83728.0,0.0,South Donaldburgh,NV,Yemen,2.0,0,Medium
30,Non-binary,Bachelor's,Single,62732.0,773.0,34210.0,Auto,Unemployed,6,Fair,0.2284,257721.0,2.0,Craigburgh,AZ,Luxembourg,1.0,2,High
18,Non-binary,High School,Single,30528.0,622.0,5576.0,Business,Employed,17,Excellent,0.466,30533.0,0.0,Russellfort,RI,Central African Republic,1.0,0,Low
49,Female,Master's,Divorced,71341.0,794.0,49107.0,Business,Unemployed,12,Poor,0.1756,41105.0,1.0,North Brett,NE,Central African Republic,0.0,1,Low
49,Female,Master's,Divorced,27045.0,611.0,47970.0,Auto,Employed,3,Poor,0.1706,65751.0,2.0,North Kellyfort,PR,Iran,0.0,2,High
29,Male,PhD,Widowed,95449.0,720.0,33414.0,Business,Unemployed,17,Excellent,0.4061,160191.0,2.0,Port Cathyfort,AL,Dominica,4.0,2,Medium
24,Male,Master's,Married,21949.0,642.0,36062.0,Home,Self-employed,17,Poor,0.2332,252969.0,4.0,South Kimberly,CT,Papua New Guinea,0.0,1,Low
46,Non-binary,PhD,Married,48875.0,713.0,40866.0,Personal,Self-employed,4,Good,0.1823,289942.0,0.0,Martinezfort,PR,Tokelau,1.0,0,High
64,Male,Bachelor's,Divorced,114075.0,683.0,33459.0,Home,Self-employed,7,Excellent,0.2231,266721.0,2.0,Lake Brandonbury,OH,Belarus,3.0,1,Low
66,Female,PhD,Widowed,23333.0,700.0,8691.0,Business,Self-employed,1,Poor,0.5819,224931.0,4.0,Wardville,IN,Montenegro,0.0,2,Low
61,Non-binary,Master's,Single,75304.0,624.0,43429.0,Business,Unemployed,2,Good,0.3652,154750.0,0.0,Christinamouth,UT,Bangladesh,1.0,2,Low
67,Non-binary,Master's,Widowed,58398.0,603.0,45069.0,Auto,Employed,14,Poor,0.1023,114564.0,0.0,New Victoria,NV,British Indian Ocean Territory (Chagos Archipelago),0.0,2,Low
50,Male,Bachelor's,Divorced,58733.0,702.0,30150.0,Auto,Unemployed,18,Good,0.4916,265600.0,1.0,Lake Paige,LA,Guyana,0.0,0,Low
29,Male,High School,Single,47453.0,717.0,20360.0,Business,Unemployed,6,Good,0.2352,114799.0,2.0,Wesleyshire,NJ,Nicaragua,3.0,2,Low
33,Male,High School,Divorced,54018.0,723.0,20117.0,Business,Employed,17,Excellent,0.3693,153161.0,2.0,Ronnieburgh,AL,Greenland,1.0,0,Medium
25,Non-binary,PhD,Divorced,92082.0,673.0,11866.0,Personal,Unemployed,14,Good,0.342,85031.0,1.0,North Megan,SC,Cape Verde,2.0,0,Medium
41,Female,Master's,Divorced,44044.0,653.0,40301.0,Personal,Employed,6,Good,0.5128,168077.0,1.0,East Martinmouth,VI,French Guiana,3.0,0,Low
65,Female,High School,Single,30162.0,771.0,20455.0,Business,Self-employed,13,Excellent,0.2906,227598.0,0.0,North Amanda,MH,British Virgin Islands,1.0,2,Medium
49,Male,Bachelor's,Widowed,20982.0,779.0,47146.0,Home,Self-employed,15,Good,0.1933,39994.0,3.0,Lake Anthony,CT,Eritrea,2.0,2,Low
68,Male,Bachelor's,Divorced,49692.0,703.0,5298.0,Personal,Employed,12,Excellent,0.2105,153524.0,3.0,Davisfort,VI,Mauritius,1.0,0,Low
18,Male,High School,Widowed,82345.0,768.0,41843.0,Personal,Employed,3,Poor,0.5331,186649.0,0.0,North James,MS,Bolivia,2.0,0,Low
37,Male,PhD,Widowed,54409.0,642.0,29513.0,Home,Employed,14,Fair,0.4236,243686.0,1.0,Petersonborough,MS,United States Minor Outlying Islands,3.0,0,Medium
35,Female,Master's,Married,113566.0,686.0,31362.0,Auto,Employed,10,Excellent,0.3184,183782.0,4.0,North Amy,SC,Saint Barthelemy,2.0,1,Low
52,Non-binary,Bachelor's,Married,64493.0,674.0,9677.0,Business,Unemployed,9,Fair,0.1437,90805.0,3.0,Vaughnshire,NY,Svalbard & Jan Mayen Islands,4.0,1,Medium
65,Non-binary,Bachelor's,Single,47924.0,679.0,22253.0,Auto,Self-employed,14,Poor,0.4177,85781.0,2.0,North Susanbury,ME,Iran,1.0,2,Medium
54,Male,Bachelor's,Widowed,72136.0,792.0,30786.0,Personal,Employed,4,Fair,0.2026,242005.0,2.0,East Derrickhaven,VT,Mozambique,1.0,2,Medium
33,Female,PhD,Divorced,32129.0,647.0,34309.0,Business,Self-employed,11,Good,0.3467,228991.0,0.0,Laurieborough,NH,Cyprus,3.0,0,High
35,Non-binary,Bachelor's,Divorced,66458.0,625.0,22681.0,Personal,Self-employed,5,Poor,0.4779,217260.0,4.0,East James,CA,Seychelles,2.0,0,Low
36,Non-binary,Master's,Divorced,106623.0,686.0,12496.0,Home,Unemployed,18,Good,0.2128,186297.0,1.0,New Kerri,ME,Burundi,0.0,2,Low
58,Female,PhD,Single,84202.0,730.0,15515.0,Auto,Employed,8,Good,0.1465,215248.0,3.0,Lake Davidton,MT,Egypt,4.0,0,Medium
39,Non-binary,High School,Divorced,21607.0,696.0,39459.0,Personal,Unemployed,11,Good,0.326,57160.0,1.0,Katherineshire,CA,Kazakhstan,3.0,1,Low
37,Non-binary,Bachelor's,Single,118642.0,759.0,35487.0,Auto,Self-employed,1,Good,0.3878,108782.0,4.0,Port Ashleyberg,GU,Mozambique,1.0,1,Medium
66,Male,Master's,Widowed,86453.0,740.0,8796.0,Business,Self-employed,13,Poor,0.4236,127263.0,2.0,New Crystal,MO,Svalbard & Jan Mayen Islands,3.0,1,Medium
44,Female,Bachelor's,Married,117904.0,744.0,32254.0,Auto,Unemployed,11,Fair,0.5674,55653.0,4.0,Heatherborough,MA,Lesotho,2.0,1,Low
20,Male,High School,Married,40662.0,717.0,19263.0,Home,Employed,7,Good,0.45,187205.0,1.0,Pamelaton,AR,Fiji,3.0,0,Low
48,Female,PhD,Married,97513.0,672.0,33222.0,Auto,Unemployed,2,Fair,0.5707,179358.0,3.0,New Ryanside,AL,Bolivia,2.0,1,Low
28,Male,Bachelor's,Single,68861.0,746.0,40989.0,Personal,Self-employed,2,Poor,0.2698,145379.0,0.0,New Douglas,GA,Burkina Faso,2.0,1,Medium
49,Non-binary,Bachelor's,Divorced,71750.0,744.0,6703.0,Home,Unemployed,15,Fair,0.2736,214801.0,1.0,East Jonathan,NV,Saint Kitts and Nevis,2.0,2,Medium
68,Male,Bachelor's,Widowed,25250.0,602.0,44047.0,Auto,Employed,9,Good,0.5564,57120.0,3.0,Ryanstad,MS,Tonga,4.0,0,Low
20,Non-binary,Bachelor's,Divorced,48807.0,754.0,48105.0,Business,Employed,8,Fair,0.262,267029.0,4.0,Davidland,NY,Chile,2.0,2,Low
50,Male,PhD,Married,21845.0,750.0,44009.0,Business,Self-employed,9,Excellent,0.106,144384.0,4.0,West Nicoletown,AZ,Algeria,1.0,2,Low
32,Male,Master's,Married,47341.0,612.0,39005.0,Home,Unemployed,15,Good,0.555,264639.0,0.0,South Kenneth,IL,New Zealand,4.0,2,Low
23,Female,PhD,Divorced,118428.0,697.0,25508.0,Business,Employed,9,Poor,0.5087,181995.0,3.0,East Donald,OK,Eritrea,1.0,2,High
65,Female,Master's,Married,95561.0,692.0,11261.0,Auto,Employed,3,Poor,0.2828,229180.0,1.0,South Catherinefurt,DC,Timor-Leste,0.0,1,Low
56,Male,Master's,Married,64322.0,638.0,35206.0,Auto,Self-employed,9,Excellent,0.4115,271852.0,1.0,Sharonview,NY,Serbia,0.0,0,Low
41,Male,PhD,Widowed,73096.0,711.0,25710.0,Auto,Self-employed,5,Fair,0.3279,138680.0,2.0,Donnafurt,RI,Thailand,4.0,1,Medium
60,Non-binary,PhD,Widowed,82851.0,679.0,28306.0,Home,Self-employed,9,Fair,0.4813,188937.0,2.0,Hancockberg,RI,Netherlands,1.0,0,Low
46,Non-binary,Master's,Married,96607.0,753.0,41969.0,Personal,Self-employed,10,Good,0.2621,159083.0,3.0,Obrienfort,IN,Mali,4.0,2,Medium
47,Female,High School,Widowed,102093.0,657.0,42301.0,Home,Self-employed,18,Good,0.4763,96498.0,0.0,Lake Amy,UT,Tonga,1.0,2,Low
34,Non-binary,Master's,Widowed,46049.0,751.0,43321.0,Home,Employed,5,Fair,0.5412,129120.0,2.0,New Joseph,WV,Japan,4.0,0,Medium
35,Male,PhD,Single,110727.0,755.0,44452.0,Business,Employed,4,Poor,0.1748,108342.0,2.0,North Andrewtown,IA,Philippines,4.0,0,Medium
34,Female,Bachelor's,Single,83642.0,751.0,12190.0,Auto,Unemployed,5,Poor,0.3441,182869.0,1.0,Willisside,PR,Monaco,0.0,2,Medium
34,Male,Bachelor's,Widowed,25678.0,613.0,25372.0,Personal,Self-employed,9,Excellent,0.3912,138067.0,1.0,Anthonyberg,WA,Holy See (Vatican City State),4.0,2,High
40,Non-binary,PhD,Divorced,105265.0,763.0,27903.0,Auto,Employed,1,Poor,0.4399,249185.0,2.0,Mitchelltown,VI,Suriname,4.0,1,Medium
52,Male,Master's,Married,80945.0,701.0,46784.0,Business,Employed,9,Excellent,0.1012,73496.0,2.0,Vasquezport,VA,Vietnam,1.0,1,Low
43,Female,High School,Married,71993.0,729.0,27055.0,Home,Unemployed,17,Excellent,0.5616,221593.0,1.0,North Edwardtown,RI,Gabon,3.0,0,Low
22,Male,PhD,Divorced,32869.0,741.0,39837.0,Auto,Employed,0,Fair,0.3136,273528.0,4.0,Timothyton,OK,Hungary,4.0,1,High
22,Non-binary,Bachelor's,Widowed,86846.0,684.0,47335.0,Auto,Unemployed,0,Poor,0.4639,37738.0,3.0,Grantside,SC,Cameroon,0.0,2,Low
41,Male,PhD,Married,31066.0,636.0,41610.0,Home,Employed,9,Fair,0.5362,30732.0,1.0,Port Kyle,TX,Korea,2.0,2,Low
69,Female,High School,Divorced,58653.0,640.0,45791.0,Auto,Unemployed,16,Fair,0.3229,248472.0,4.0,East Michaelport,WY,Cuba,0.0,0,Low
55,Non-binary,High School,Married,25870.0,725.0,25375.0,Business,Unemployed,4,Fair,0.3301,181851.0,1.0,North James,WV,Lithuania,2.0,1,Medium
52,Female,Bachelor's,Divorced,50194.0,699.0,38540.0,Personal,Self-employed,7,Good,0.5434,94821.0,0.0,Sparksborough,IA,Vietnam,4.0,2,Low
62,Female,High School,Divorced,91922.0,673.0,46144.0,Business,Self-employed,17,Good,0.5868,242664.0,1.0,Jaclynside,MP,Afghanistan,3.0,0,High
36,Female,Bachelor's,Married,25385.0,616.0,45091.0,Auto,Self-employed,19,Poor,0.414,255416.0,1.0,West Barrybury,KY,Gabon,1.0,1,Low
45,Non-binary,Bachelor's,Widowed,49048.0,718.0,8107.0,Auto,Self-employed,5,Excellent,0.4657,212305.0,2.0,South Calvinfort,RI,New Caledonia,3.0,0,Medium
56,Male,Master's,Widowed,64016.0,622.0,9817.0,Auto,Unemployed,12,Excellent,0.21,210156.0,1.0,Robinsonstad,VI,Tokelau,0.0,0,Medium
20,Female,High School,Widowed,60682.0,622.0,20907.0,Home,Employed,6,Good,0.3125,216240.0,1.0,Jamesburgh,VT,Korea,1.0,1,Medium
42,Female,High School,Divorced,107914.0,694.0,7194.0,Personal,Self-employed,4,Excellent,0.599,289015.0,0.0,North Scott,ND,Singapore,4.0,0,Low
34,Female,Bachelor's,Widowed,29616.0,631.0,7604.0,Personal,Employed,12,Poor,0.541,208788.0,4.0,North Cody,UT,French Guiana,4.0,0,Low
62,Male,Bachelor's,Widowed,56855.0,631.0,15112.0,Business,Employed,14,Fair,0.1587,203808.0,4.0,West Peter,MH,Nigeria,4.0,0,Medium
60,Non-binary,Bachelor's,Divorced,63237.0,740.0,48293.0,Business,Employed,5,Good,0.4505,266517.0,3.0,Olsonstad,AK,South Georgia and the South Sandwich Islands,1.0,1,Low
18,Male,Bachelor's,Married,82160.0,752.0,28519.0,Home,Employed,2,Excellent,0.3129,23422.0,3.0,Port Joseph,LA,El Salvador,2.0,2,Medium
66,Female,Master's,Widowed,84175.0,605.0,40469.0,Business,Unemployed,17,Fair,0.5804,190341.0,2.0,Rodgersburgh,NH,Hong Kong,4.0,1,Low
39,Male,Bachelor's,Widowed,92489.0,639.0,7304.0,Business,Employed,19,Poor,0.2298,215616.0,1.0,Ashleyburgh,IL,Argentina,4.0,0,Low
45,Female,Bachelor's,Married,71253.0,652.0,27307.0,Auto,Self-employed,12,Poor,0.3212,107350.0,1.0,Lake Pamelabury,WA,Mauritius,0.0,0,Medium
60,Non-binary,High School,Married,26242.0,637.0,44308.0,Home,Employed,18,Excellent,0.3297,258070.0,4.0,North Johnnystad,PA,Aruba,1.0,1,Medium
36,Male,Bachelor's,Divorced,47987.0,793.0,7973.0,Business,Unemployed,1,Fair,0.2587,104222.0,3.0,New Matthewborough,MP,Lithuania,0.0,2,Medium
50,Male,PhD,Single,70639.0,782.0,15844.0,Personal,Unemployed,7,Poor,0.4407,26758.0,1.0,Lake Carol,MS,Dominican Republic,4.0,0,Low
46,Female,High School,Single,110159.0,790.0,29837.0,Home,Self-employed,12,Poor,0.369,240011.0,1.0,West Tiffany,HI,Antarctica (the territory South of 60 deg S),2.0,1,Medium
28,Female,High School,Widowed,112526.0,752.0,36288.0,Personal,Employed,10,Fair,0.4742,184535.0,1.0,East Jessicabury,NY,Equatorial Guinea,2.0,1,Low
29,Male,PhD,Divorced,68196.0,739.0,35275.0,Personal,Employed,1,Poor,0.4979,262266.0,3.0,Brianstad,CT,British Indian Ocean Territory (Chagos Archipelago),3.0,1,High
56,Female,Master's,Married,73871.0,689.0,45186.0,Auto,Employed,12,Good,0.5588,121187.0,1.0,Johnsonborough,FL,Trinidad and Tobago,1.0,2,Medium
33,Non-binary,Bachelor's,Divorced,101447.0,640.0,21855.0,Business,Self-employed,0,Fair,0.1828,243032.0,2.0,Olsontown,DE,Mayotte,1.0,2,Low
51,Non-binary,PhD,Married,83252.0,760.0,27869.0,Personal,Self-employed,16,Fair,0.4169,23546.0,3.0,East Timothychester,NC,United Arab Emirates,0.0,2,High
30,Non-binary,Bachelor's,Widowed,41470.0,662.0,25724.0,Home,Self-employed,5,Poor,0.3368,145766.0,0.0,Lake Joseton,CA,Honduras,2.0,1,Low
56,Non-binary,Bachelor's,Widowed,36926.0,700.0,46525.0,Business,Self-employed,16,Excellent,0.139,220452.0,4.0,Richardburgh,GA,Guam,2.0,0,Medium
63,Female,Bachelor's,Married,115198.0,617.0,36000.0,Personal,Employed,1,Poor,0.2372,155070.0,1.0,North Danielfurt,WA,Christmas Island,1.0,0,Medium
43,Non-binary,Bachelor's,Married,83238.0,630.0,47925.0,Business,Unemployed,3,Good,0.3235,93074.0,0.0,Port Davidbury,NY,Russian Federation,4.0,1,Low
22,Female,Master's,Widowed,65420.0,797.0,18847.0,Home,Employed,6,Poor,0.196,35607.0,1.0,Harringtonmouth,GU,Korea,1.0,2,Medium
43,Male,Master's,Divorced,73900.0,613.0,18831.0,Personal,Self-employed,10,Excellent,0.4683,234425.0,3.0,Jenniferchester,MT,Albania,0.0,2,Low
49,Male,Master's,Single,33582.0,681.0,5236.0,Home,Unemployed,11,Good,0.3936,65973.0,3.0,New Scott,MP,Ghana,0.0,2,Low
40,Non-binary,Bachelor's,Single,58368.0,735.0,32968.0,Business,Employed,12,Excellent,0.258,228140.0,2.0,East Marilyn,MI,Saint Barthelemy,4.0,2,Medium
28,Male,Bachelor's,Divorced,70859.0,779.0,40292.0,Auto,Employed,19,Good,0.2614,57335.0,4.0,New Nicholasview,NE,Seychelles,0.0,1,Low
39,Male,High School,Divorced,31628.0,738.0,10235.0,Home,Unemployed,13,Fair,0.1962,35251.0,0.0,Port Ashley,CO,Syrian Arab Republic,4.0,2,Low
39,Male,PhD,Married,52194.0,690.0,47771.0,Personal,Employed,11,Fair,0.3371,262230.0,3.0,Beckerbury,DE,British Virgin Islands,2.0,2,Medium
61,Non-binary,Master's,Single,43229.0,765.0,26213.0,Business,Unemployed,7,Poor,0.3559,26024.0,0.0,New Scott,WI,Morocco,4.0,0,Medium
54,Male,High School,Divorced,87143.0,752.0,43577.0,Home,Unemployed,10,Poor,0.1023,120983.0,1.0,Colemantown,MS,South Georgia and the South Sandwich Islands,1.0,1,Low
48,Male,High School,Divorced,103576.0,604.0,37746.0,Auto,Self-employed,19,Fair,0.2979,161919.0,3.0,South Josephport,AS,Nauru,3.0,0,Medium
29,Non-binary,Bachelor's,Divorced,35900.0,752.0,49891.0,Home,Self-employed,11,Poor,0.2136,126761.0,0.0,South Rachelbury,RI,Namibia,2.0,0,Low
34,Non-binary,High School,Single,86912.0,670.0,48704.0,Auto,Employed,15,Excellent,0.2441,83732.0,0.0,West Michael,MS,Cayman Islands,0.0,0,Low
50,Non-binary,Bachelor's,Widowed,89507.0,719.0,15858.0,Home,Unemployed,12,Poor,0.3655,141480.0,4.0,Lake James,AK,Netherlands,0.0,1,High
64,Female,PhD,Widowed,59314.0,753.0,20839.0,Business,Unemployed,11,Fair,0.2932,107546.0,4.0,Brianland,NV,Bulgaria,0.0,0,Medium
25,Female,High School,Divorced,57193.0,749.0,43771.0,Auto,Self-employed,8,Good,0.2978,173604.0,4.0,Port Francisbury,SC,Belgium,3.0,0,Low
64,Female,Bachelor's,Single,50034.0,718.0,46672.0,Personal,Employed,16,Fair,0.2006,200881.0,0.0,Cassidyton,NC,Gibraltar,0.0,1,High
38,Non-binary,PhD,Divorced,71714.0,729.0,16805.0,Auto,Self-employed,13,Fair,0.4588,198183.0,1.0,North Randy,MA,Bangladesh,1.0,0,Low
18,Female,PhD,Single,44767.0,772.0,11642.0,Auto,Self-employed,17,Fair,0.5886,79252.0,0.0,West Carolynberg,OK,Turks and Caicos Islands,1.0,1,Low
51,Male,High School,Widowed,97365.0,750.0,32245.0,Auto,Self-employed,11,Good,0.4424,105425.0,3.0,North Danielleville,IA,Greenland,4.0,1,High
57,Female,PhD,Divorced,79119.0,623.0,28854.0,Personal,Self-employed,18,Good,0.2208,91994.0,2.0,East Wesley,MS,American Samoa,3.0,1,Low
45,Non-binary,Master's,Widowed,66435.0,761.0,31704.0,Auto,Self-employed,16,Poor,0.2649,142200.0,4.0,Scottborough,UT,Germany,4.0,2,High
23,Male,Master's,Married,81800.0,769.0,7473.0,Personal,Employed,11,Poor,0.5254,162787.0,3.0,Christyview,ME,Panama,4.0,2,High
21,Female,PhD,Widowed,78942.0,788.0,29587.0,Home,Self-employed,2,Excellent,0.317,149053.0,2.0,Michaeltown,AZ,Indonesia,4.0,2,Low
23,Male,PhD,Widowed,53617.0,701.0,22306.0,Auto,Employed,17,Good,0.2169,98231.0,2.0,Ianside,AZ,Brunei Darussalam,1.0,1,Medium
30,Non-binary,Master's,Divorced,92083.0,678.0,7894.0,Auto,Employed,2,Good,0.4881,271491.0,4.0,Stewartburgh,AL,Korea,1.0,2,High
65,Female,Master's,Widowed,67656.0,713.0,13980.0,Home,Employed,15,Fair,0.2266,223173.0,1.0,West Carlafort,MD,Algeria,1.0,0,Low
46,Male,High School,Single,97248.0,732.0,11983.0,Home,Unemployed,4,Poor,0.4459,164329.0,3.0,Ramirezberg,MT,Belgium,1.0,2,Low
69,Female,High School,Widowed,54457.0,648.0,29807.0,Business,Unemployed,2,Fair,0.2944,144738.0,3.0,Port Katherine,MS,Wallis and Futuna,3.0,2,Low
56,Female,High School,Widowed,78465.0,714.0,29437.0,Auto,Unemployed,2,Excellent,0.4705,261230.0,3.0,Port Spencerton,VI,Denmark,2.0,1,Low
60,Male,PhD,Widowed,75178.0,770.0,37821.0,Personal,Self-employed,15,Fair,0.4864,296981.0,3.0,West Kelly,NM,Mongolia,4.0,2,Medium
31,Male,PhD,Widowed,76795.0,686.0,18963.0,Business,Unemployed,6,Good,0.4842,273118.0,2.0,Johnburgh,UT,South Georgia and the South Sandwich Islands,3.0,1,Low
28,Female,Master's,Widowed,30712.0,622.0,6708.0,Business,Unemployed,4,Excellent,0.1294,260402.0,2.0,Vegahaven,OK,Saint Lucia,4.0,2,Low
28,Male,PhD,Single,80857.0,702.0,11027.0,Personal,Employed,16,Excellent,0.4957,76012.0,0.0,Nelsonville,ID,Cameroon,0.0,2,Low
37,Female,High School,Widowed,87703.0,797.0,29039.0,Business,Self-employed,13,Poor,0.1667,94698.0,2.0,North Guy,LA,Kiribati,1.0,2,Low
46,Female,Bachelor's,Widowed,36092.0,754.0,28261.0,Business,Employed,10,Excellent,0.3621,260294.0,1.0,Campbellburgh,NV,Iran,1.0,0,Medium
57,Non-binary,High School,Widowed,28058.0,706.0,19700.0,Auto,Unemployed,2,Poor,0.4062,134807.0,1.0,Shannonview,MD,Uganda,2.0,0,Medium
43,Male,Bachelor's,Widowed,43867.0,794.0,44806.0,Auto,Employed,5,Fair,0.3718,266335.0,3.0,Henryside,MP,France,3.0,0,Medium
41,Female,Bachelor's,Married,25257.0,612.0,10593.0,Business,Self-employed,16,Excellent,0.2671,298459.0,0.0,East Amy,VT,Sierra Leone,1.0,1,Medium
31,Non-binary,Master's,Married,44102.0,623.0,37103.0,Home,Unemployed,8,Poor,0.4814,155667.0,1.0,Lake Michael,MT,Palau,0.0,1,Low
57,Male,High School,Single,71070.0,718.0,29900.0,Personal,Employed,10,Good,0.5415,68040.0,2.0,North Donnafurt,AK,New Caledonia,0.0,1,Medium
57,Female,Master's,Divorced,36143.0,798.0,41501.0,Home,Employed,7,Poor,0.3592,35926.0,0.0,East Kaitlyn,CT,Saint Vincent and the Grenadines,3.0,0,Low
67,Non-binary,Bachelor's,Married,93177.0,702.0,38224.0,Personal,Employed,7,Excellent,0.1602,25319.0,2.0,East Stephanie,AZ,Saint Pierre and Miquelon,3.0,0,Low
40,Male,Master's,Single,46248.0,648.0,29757.0,Home,Employed,3,Excellent,0.5918,275401.0,4.0,Jenniferborough,CT,Lesotho,4.0,1,Low
62,Non-binary,Master's,Single,99059.0,798.0,8339.0,Auto,Employed,12,Fair,0.1234,249423.0,4.0,Meghanborough,WI,Ecuador,4.0,0,Low
48,Non-binary,Master's,Divorced,36691.0,665.0,15440.0,Home,Unemployed,7,Good,0.4419,39079.0,3.0,West Laurenchester,KY,Eritrea,0.0,0,Medium
64,Male,Master's,Married,80301.0,775.0,11868.0,Auto,Unemployed,6,Poor,0.3213,119609.0,0.0,Port David,AL,Rwanda,1.0,1,Low
51,Male,Bachelor's,Widowed,67316.0,745.0,13338.0,Home,Employed,12,Poor,0.5446,94624.0,2.0,Shieldsshire,NJ,Botswana,2.0,1,Low
34,Male,Bachelor's,Single,93424.0,728.0,26546.0,Business,Unemployed,7,Excellent,0.5559,255725.0,1.0,South Lance,MN,Iran,4.0,2,Medium
39,Male,Master's,Single,72488.0,770.0,12785.0,Auto,Unemployed,19,Fair,0.3755,170514.0,2.0,Olsonbury,IA,Djibouti,4.0,1,Medium
27,Non-binary,Bachelor's,Single,60972.0,795.0,10009.0,Home,Unemployed,3,Excellent,0.5099,250717.0,3.0,Shelbyhaven,WI,South Georgia and the South Sandwich Islands,0.0,2,Low
41,Non-binary,Bachelor's,Single,97656.0,718.0,43832.0,Business,Unemployed,16,Excellent,0.5231,200161.0,3.0,New Kellyville,DE,Lithuania,1.0,0,Medium
42,Female,Bachelor's,Divorced,27883.0,675.0,44407.0,Business,Self-employed,17,Poor,0.2867,166789.0,3.0,Rebeccamouth,AS,Chad,1.0,1,Low
59,Non-binary,Master's,Divorced,98563.0,672.0,41927.0,Business,Self-employed,3,Good,0.2626,178069.0,2.0,New Christopher,MP,Congo,3.0,1,Medium
35,Male,Master's,Married,117757.0,761.0,44398.0,Home,Employed,2,Excellent,0.5324,135579.0,1.0,Stephanieburgh,CT,Cayman Islands,4.0,1,Medium
21,Female,PhD,Married,63087.0,743.0,45724.0,Personal,Self-employed,11,Excellent,0.5363,167231.0,4.0,East Carol,LA,Syrian Arab Republic,1.0,1,High
43,Female,Bachelor's,Widowed,97112.0,783.0,6613.0,Home,Unemployed,5,Fair,0.2094,151768.0,3.0,West David,DC,Bahrain,1.0,2,Low
47,Female,Bachelor's,Single,38748.0,709.0,39872.0,Personal,Unemployed,14,Good,0.4228,89473.0,4.0,Aaronmouth,TX,Greece,4.0,1,Low
51,Male,High School,Widowed,74933.0,742.0,31444.0,Personal,Employed,11,Fair,0.4977,229151.0,2.0,East Nicholasfurt,MP,Madagascar,2.0,1,Low
48,Female,Bachelor's,Widowed,27704.0,734.0,6732.0,Auto,Unemployed,17,Fair,0.3994,20848.0,2.0,South Jeremy,MD,Heard Island and McDonald Islands,4.0,2,Low
20,Male,Master's,Divorced,22600.0,666.0,17185.0,Business,Employed,10,Excellent,0.2812,80205.0,1.0,Albertchester,DC,Palestinian Territory,3.0,2,Low
32,Non-binary,Bachelor's,Widowed,53268.0,674.0,20051.0,Home,Unemployed,16,Good,0.5231,63180.0,0.0,Jenkinsview,NJ,Micronesia,4.0,2,High
21,Male,High School,Divorced,39283.0,643.0,44502.0,Personal,Employed,10,Good,0.5387,85392.0,1.0,New Stevenbury,NH,Kyrgyz Republic,4.0,0,Low
29,Male,Bachelor's,Widowed,78413.0,736.0,49220.0,Personal,Unemployed,11,Fair,0.2624,57248.0,1.0,Port Jamesbury,MD,Liechtenstein,1.0,1,High
51,Male,PhD,Divorced,72460.0,644.0,9006.0,Personal,Employed,9,Fair,0.2069,47859.0,4.0,Lake Angelaport,NY,Senegal,1.0,0,High
43,Female,Master's,Married,77427.0,617.0,20032.0,Auto,Self-employed,13,Poor,0.4572,149715.0,0.0,West Justin,TX,Burkina Faso,2.0,0,Low
53,Female,High School,Widowed,40121.0,698.0,15160.0,Personal,Self-employed,19,Fair,0.4072,278639.0,4.0,West Kathrynview,NM,Zambia,4.0,2,Medium
39,Female,PhD,Divorced,44815.0,691.0,49632.0,Auto,Unemployed,5,Fair,0.5092,256524.0,2.0,Walkerburgh,MH,Syrian Arab Republic,3.0,2,Low
46,Male,Master's,Single,95133.0,703.0,8664.0,Personal,Self-employed,15,Poor,0.4436,191524.0,0.0,Johnsonmouth,NV,Cape Verde,4.0,2,Low
58,Female,High School,Widowed,119259.0,602.0,21334.0,Personal,Employed,19,Good,0.2216,205901.0,0.0,Boyleport,NC,Latvia,2.0,1,Medium
40,Non-binary,High School,Single,48000.0,723.0,5741.0,Business,Self-employed,14,Good,0.1243,204955.0,3.0,Fowlermouth,SC,Congo,3.0,0,Low
45,Non-binary,Bachelor's,Single,108529.0,731.0,27817.0,Home,Unemployed,9,Poor,0.5959,113125.0,3.0,North Leslietown,TX,Libyan Arab Jamahiriya,1.0,2,Low
32,Female,Master's,Divorced,20393.0,748.0,43173.0,Auto,Employed,15,Excellent,0.3319,278778.0,2.0,North Katrinastad,SC,Senegal,3.0,0,Medium
39,Female,High School,Widowed,106151.0,611.0,23404.0,Personal,Unemployed,0,Poor,0.4611,168919.0,2.0,Davidmouth,GU,Pitcairn Islands,0.0,2,Low
27,Male,Bachelor's,Widowed,59994.0,610.0,10468.0,Business,Unemployed,18,Good,0.3809,126406.0,0.0,Herringside,NM,Mongolia,3.0,1,High
24,Female,Bachelor's,Married,58015.0,741.0,35805.0,Home,Self-employed,0,Fair,0.118,33960.0,2.0,Port Mark,AL,Rwanda,2.0,1,Low
54,Non-binary,High School,Single,117771.0,725.0,10331.0,Auto,Self-employed,3,Poor,0.1846,132116.0,1.0,Taylorfurt,DC,Venezuela,3.0,0,Low
46,Female,PhD,Widowed,30300.0,726.0,12818.0,Home,Employed,17,Poor,0.5028,205778.0,0.0,Mendozachester,NM,Trinidad and Tobago,3.0,1,High
67,Male,PhD,Divorced,46352.0,625.0,32762.0,Personal,Self-employed,10,Excellent,0.4462,277316.0,3.0,Bryanchester,NE,Namibia,3.0,2,Low
67,Male,Bachelor's,Single,88089.0,600.0,18616.0,Business,Unemployed,11,Poor,0.2426,128391.0,4.0,Shanefurt,TX,Jersey,3.0,0,Low
58,Non-binary,Master's,Divorced,106700.0,667.0,39202.0,Personal,Self-employed,11,Poor,0.2425,64675.0,1.0,Watsonmouth,MT,Czech Republic,3.0,2,High
28,Non-binary,Bachelor's,Divorced,27404.0,631.0,38077.0,Personal,Employed,19,Poor,0.3752,99718.0,2.0,Port Elizabethland,NV,Tonga,1.0,0,Medium
68,Female,Master's,Married,47956.0,605.0,34018.0,Business,Unemployed,7,Excellent,0.2715,261476.0,4.0,Grayberg,NM,Chad,2.0,2,Low
68,Female,Master's,Married,60888.0,670.0,40085.0,Auto,Unemployed,1,Poor,0.4712,133341.0,4.0,Fosterborough,MO,Trinidad and Tobago,0.0,2,Low
68,Male,High School,Divorced,68797.0,734.0,23941.0,Personal,Self-employed,16,Good,0.2818,285288.0,4.0,Davisbury,LA,Antigua and Barbuda,4.0,2,High
34,Non-binary,PhD,Single,20386.0,626.0,17451.0,Business,Unemployed,11,Excellent,0.584,101773.0,4.0,West Bill,AZ,Marshall Islands,3.0,2,Low
45,Non-binary,Bachelor's,Widowed,67266.0,713.0,42030.0,Business,Unemployed,9,Excellent,0.3928,181240.0,2.0,Jacksonfurt,HI,Saint Vincent and the Grenadines,0.0,0,Medium
33,Non-binary,High School,Single,36146.0,605.0,17988.0,Business,Unemployed,2,Excellent,0.3625,89973.0,1.0,Angelafort,ID,Ireland,2.0,2,Low
28,Female,PhD,Single,32559.0,705.0,18672.0,Home,Unemployed,1,Excellent,0.2021,199352.0,1.0,South Monica,RI,Uzbekistan,3.0,0,Low
25,Female,Bachelor's,Divorced,78171.0,676.0,27552.0,Home,Self-employed,15,Poor,0.3415,138872.0,0.0,New Jody,DC,Rwanda,1.0,2,Low
28,Female,Master's,Single,91641.0,736.0,46224.0,Auto,Employed,16,Excellent,0.4507,223267.0,1.0,Ibarrafurt,IN,Saint Barthelemy,0.0,2,Low
55,Non-binary,Bachelor's,Single,53149.0,688.0,34632.0,Home,Employed,8,Excellent,0.5598,249205.0,0.0,Donaldfort,TX,Afghanistan,4.0,1,Low
22,Female,PhD,Single,94683.0,797.0,9102.0,Auto,Self-employed,16,Fair,0.4257,281899.0,0.0,Billchester,AR,United States Minor Outlying Islands,3.0,2,Medium
32,Female,PhD,Divorced,40641.0,759.0,40938.0,Business,Employed,12,Good,0.225,43076.0,4.0,Dunnborough,DC,Namibia,4.0,0,Low
29,Non-binary,Master's,Widowed,96821.0,681.0,25253.0,Business,Self-employed,15,Good,0.4889,53597.0,1.0,Port Ronaldton,KS,Equatorial Guinea,1.0,2,Medium
20,Female,PhD,Married,20018.0,751.0,9857.0,Auto,Self-employed,9,Fair,0.305,269574.0,2.0,South Amy,PA,Nepal,0.0,2,Low
49,Male,PhD,Single,41881.0,728.0,17968.0,Auto,Unemployed,8,Excellent,0.5657,196444.0,0.0,North Sherry,LA,Christmas Island,3.0,0,Low
53,Female,Bachelor's,Married,81177.0,664.0,10959.0,Home,Unemployed,9,Poor,0.1739,286228.0,2.0,Rachelborough,NJ,Eritrea,4.0,2,Low
20,Male,Master's,Widowed,115619.0,759.0,26878.0,Personal,Unemployed,17,Fair,0.1978,176634.0,3.0,Lake Matthewberg,NH,Hungary,4.0,0,Medium
28,Non-binary,Master's,Widowed,98255.0,670.0,28547.0,Home,Self-employed,11,Fair,0.5326,114844.0,4.0,North Vincentshire,AL,Norway,0.0,0,Medium
54,Non-binary,PhD,Widowed,40243.0,771.0,47405.0,Home,Employed,3,Poor,0.2479,195194.0,1.0,Timothyborough,MP,Colombia,3.0,2,Low
28,Non-binary,Master's,Single,44660.0,715.0,46029.0,Auto,Employed,7,Poor,0.2828,139390.0,1.0,Hoffmanmouth,AZ,Falkland Islands (Malvinas),2.0,2,Low
40,Non-binary,PhD,Widowed,64138.0,681.0,6345.0,Business,Employed,13,Fair,0.4694,285975.0,2.0,Lake Michelle,MN,Guinea-Bissau,2.0,2,Low
22,Non-binary,Bachelor's,Widowed,42333.0,790.0,39459.0,Home,Unemployed,4,Excellent,0.4607,200640.0,1.0,East Jeffrey,NV,Australia,3.0,0,Low
54,Non-binary,Master's,Single,31971.0,701.0,28274.0,Business,Employed,9,Fair,0.3698,254813.0,4.0,Harringtonborough,WA,Antigua and Barbuda,1.0,0,Medium
38,Non-binary,Master's,Divorced,104383.0,742.0,37723.0,Personal,Self-employed,1,Poor,0.534,195745.0,0.0,North Jeffreyberg,DC,French Guiana,3.0,1,High
30,Male,High School,Widowed,62692.0,757.0,12992.0,Personal,Self-employed,4,Fair,0.5726,192364.0,3.0,Jacksonfurt,NC,Georgia,4.0,0,Low
67,Female,Bachelor's,Divorced,70426.0,775.0,18460.0,Business,Unemployed,5,Fair,0.419,42358.0,0.0,Reneeport,NM,Namibia,4.0,0,Medium
29,Male,High School,Divorced,59632.0,755.0,18846.0,Auto,Employed,2,Good,0.2232,38773.0,2.0,Rodriguezbury,NC,Anguilla,1.0,0,Low
23,Non-binary,High School,Married,107508.0,788.0,5509.0,Home,Employed,19,Good,0.502,159457.0,1.0,New Victoria,HI,Guernsey,2.0,1,Low
31,Female,PhD,Married,64989.0,663.0,34703.0,Home,Self-employed,5,Fair,0.527,58736.0,0.0,Websterfurt,ND,Togo,0.0,0,Low
30,Female,Bachelor's,Single,90207.0,749.0,49186.0,Auto,Self-employed,18,Poor,0.3248,232337.0,4.0,North Megan,MS,Western Sahara,0.0,1,Medium
47,Non-binary,PhD,Widowed,105439.0,775.0,40299.0,Business,Unemployed,3,Excellent,0.2391,81307.0,0.0,New Nicole,LA,Gabon,2.0,0,Medium
50,Male,Bachelor's,Widowed,77865.0,761.0,33508.0,Home,Unemployed,8,Excellent,0.4652,96143.0,2.0,Flynnshire,NY,Somalia,2.0,0,Low
58,Male,PhD,Widowed,31167.0,711.0,45334.0,Business,Self-employed,8,Good,0.173,106988.0,2.0,East Aprilhaven,PR,Swaziland,2.0,1,Low
30,Female,Bachelor's,Single,35233.0,714.0,44769.0,Auto,Employed,19,Good,0.5623,190625.0,4.0,Ashleymouth,MH,Mayotte,3.0,2,Low
66,Male,High School,Divorced,102565.0,660.0,49066.0,Business,Employed,15,Fair,0.4227,99471.0,2.0,New Anne,DE,Tuvalu,1.0,0,Medium
18,Female,PhD,Divorced,55094.0,706.0,30130.0,Personal,Unemployed,3,Excellent,0.4726,22359.0,1.0,North Jennifer,GA,Guyana,1.0,2,Low
29,Male,PhD,Single,57375.0,618.0,44998.0,Auto,Employed,19,Good,0.2577,61496.0,0.0,Port Russell,FM,Western Sahara,3.0,2,Medium
42,Male,Bachelor's,Divorced,84435.0,667.0,42265.0,Business,Unemployed,6,Good,0.4669,34721.0,4.0,Port Linda,WI,Yemen,2.0,2,Low
67,Female,PhD,Married,79145.0,698.0,32117.0,Auto,Employed,2,Fair,0.1452,230432.0,0.0,South Linda,ND,Saint Martin,3.0,0,Low
40,Non-binary,High School,Married,23323.0,769.0,6794.0,Personal,Employed,17,Excellent,0.5723,260793.0,1.0,Harmonburgh,AL,Greece,3.0,0,Low
31,Female,Bachelor's,Widowed,86302.0,702.0,40280.0,Auto,Employed,19,Good,0.195,86795.0,0.0,South Johnport,KS,Mali,0.0,1,Medium
47,Male,Bachelor's,Widowed,64261.0,640.0,7380.0,Personal,Employed,14,Good,0.1728,23586.0,4.0,Armstrongmouth,NM,Liberia,3.0,1,Low
30,Male,High School,Married,119138.0,668.0,29122.0,Home,Unemployed,17,Fair,0.5778,256997.0,4.0,North Elizabethburgh,VI,Gabon,4.0,2,Medium
41,Female,High School,Single,48528.0,676.0,9029.0,Personal,Unemployed,13,Excellent,0.4139,24494.0,3.0,Debrafort,PA,Saint Lucia,3.0,0,Medium
37,Non-binary,Master's,Widowed,55545.0,698.0,24739.0,Auto,Employed,9,Poor,0.1689,292329.0,3.0,Stephaniefurt,WY,Saint Barthelemy,1.0,1,Low
53,Female,Master's,Married,39728.0,747.0,6555.0,Home,Unemployed,11,Poor,0.562,192841.0,0.0,Amberside,SC,Mauritius,4.0,1,Low
42,Male,PhD,Single,38277.0,637.0,33708.0,Home,Self-employed,19,Fair,0.4878,168834.0,1.0,New Edwardberg,DE,Libyan Arab Jamahiriya,0.0,2,Medium
48,Female,Bachelor's,Single,86556.0,701.0,29592.0,Business,Unemployed,15,Excellent,0.5692,178987.0,1.0,Hermanborough,ID,India,4.0,2,High
69,Female,PhD,Single,51437.0,732.0,21000.0,Home,Unemployed,8,Poor,0.2301,74074.0,4.0,Richardsonland,PR,Cote d'Ivoire,3.0,2,Medium
59,Female,Master's,Divorced,60663.0,679.0,29688.0,Business,Unemployed,0,Good,0.4916,201679.0,4.0,East Antonio,KY,Algeria,1.0,1,Low
25,Non-binary,Master's,Divorced,60910.0,767.0,18944.0,Auto,Self-employed,0,Fair,0.122,168440.0,2.0,North Aprilside,NY,Burkina Faso,4.0,2,Low
18,Non-binary,Bachelor's,Divorced,56786.0,673.0,36600.0,Business,Self-employed,0,Good,0.4591,41520.0,2.0,South Christopherfurt,AL,Iran,3.0,0,Medium
60,Non-binary,PhD,Widowed,90218.0,696.0,12962.0,Auto,Unemployed,4,Excellent,0.547,270921.0,1.0,Rubiochester,AK,Svalbard & Jan Mayen Islands,3.0,0,Low
30,Female,Master's,Married,77395.0,796.0,35361.0,Personal,Self-employed,8,Poor,0.4932,84709.0,4.0,Ryantown,AZ,Sudan,0.0,0,Medium
27,Non-binary,Bachelor's,Widowed,45178.0,749.0,30592.0,Personal,Unemployed,4,Fair,0.2535,103348.0,4.0,New Caleb,IN,Haiti,2.0,0,Medium
38,Male,PhD,Married,26032.0,764.0,31305.0,Business,Employed,12,Excellent,0.2908,202301.0,2.0,Smithport,MD,Nigeria,3.0,0,Medium
42,Female,Master's,Single,99789.0,780.0,20166.0,Auto,Unemployed,5,Poor,0.4611,66783.0,1.0,Floresland,NJ,North Macedonia,2.0,1,Low
22,Non-binary,Master's,Single,22424.0,740.0,21312.0,Auto,Unemployed,14,Fair,0.1114,242298.0,2.0,Stricklandmouth,TX,Montserrat,2.0,1,High
66,Male,Master's,Divorced,36006.0,616.0,21659.0,Home,Employed,6,Fair,0.2071,31560.0,4.0,East Nathan,NC,Svalbard & Jan Mayen Islands,0.0,0,Medium
43,Non-binary,PhD,Divorced,83165.0,711.0,33375.0,Auto,Self-employed,9,Good,0.1904,285848.0,4.0,New Abigailtown,UT,American Samoa,4.0,0,Low
68,Non-binary,Master's,Married,48887.0,718.0,44579.0,Business,Self-employed,3,Excellent,0.5694,274797.0,1.0,Lake Kennethberg,FL,Bouvet Island (Bouvetoya),4.0,0,Low
37,Non-binary,High School,Divorced,90441.0,739.0,19428.0,Home,Employed,11,Excellent,0.5774,243830.0,4.0,Lake Craig,OR,Congo,3.0,0,Low
37,Non-binary,PhD,Married,88947.0,627.0,39911.0,Auto,Unemployed,7,Good,0.4119,30684.0,3.0,Pennyfurt,GU,Libyan Arab Jamahiriya,3.0,2,Low
46,Non-binary,Bachelor's,Married,100982.0,623.0,21773.0,Business,Employed,18,Fair,0.4863,288067.0,1.0,Torresbury,MI,Spain,0.0,2,Medium
33,Male,High School,Married,79998.0,684.0,8881.0,Auto,Self-employed,7,Fair,0.3497,194928.0,0.0,East Aaronchester,MP,Portugal,3.0,2,Low
21,Male,PhD,Married,62616.0,773.0,23622.0,Business,Self-employed,8,Poor,0.3602,175997.0,0.0,Perezmouth,KY,Lithuania,0.0,2,Low
50,Female,PhD,Single,51238.0,665.0,19111.0,Auto,Self-employed,13,Excellent,0.4745,152123.0,3.0,Elizabethtown,NH,India,1.0,0,Medium
54,Non-binary,Master's,Widowed,43641.0,632.0,6730.0,Personal,Employed,1,Poor,0.5248,50428.0,3.0,Lake Diamond,AK,Libyan Arab Jamahiriya,1.0,1,Low
38,Female,Master's,Widowed,43703.0,677.0,8450.0,Auto,Employed,1,Poor,0.3899,113838.0,3.0,Thomasville,KS,Pitcairn Islands,4.0,0,Low
29,Non-binary,High School,Widowed,66123.0,723.0,10373.0,Auto,Unemployed,18,Fair,0.5121,248758.0,3.0,Denisemouth,NY,Kyrgyz Republic,3.0,0,High
65,Female,Master's,Widowed,20997.0,665.0,22673.0,Personal,Unemployed,10,Good,0.4727,44721.0,3.0,Kelleyside,PA,Switzerland,3.0,1,Low
59,Male,Bachelor's,Divorced,34568.0,678.0,41269.0,Business,Self-employed,17,Excellent,0.4288,124965.0,2.0,Woodwardhaven,NH,Pitcairn Islands,3.0,2,Low
47,Female,High School,Divorced,100913.0,687.0,9763.0,Auto,Employed,17,Poor,0.5417,249471.0,4.0,Jacobton,AK,Falkland Islands (Malvinas),4.0,0,Low
59,Non-binary,Bachelor's,Divorced,88625.0,672.0,12525.0,Auto,Self-employed,17,Poor,0.3279,40638.0,2.0,Christinehaven,TX,Japan,1.0,2,Low
36,Non-binary,PhD,Widowed,68503.0,788.0,14440.0,Personal,Employed,3,Fair,0.5258,41850.0,1.0,South Margaret,MA,Belgium,0.0,0,Low
33,Non-binary,PhD,Single,73214.0,736.0,19134.0,Auto,Unemployed,0,Poor,0.5987,43987.0,3.0,Carlosview,DE,France,0.0,0,Medium
55,Male,Bachelor's,Married,48831.0,742.0,15122.0,Home,Self-employed,5,Fair,0.1928,64728.0,4.0,North Michelle,CO,Pakistan,0.0,1,Medium
41,Non-binary,PhD,Widowed,23188.0,770.0,17398.0,Personal,Self-employed,4,Excellent,0.3066,66580.0,1.0,New William,MS,Bulgaria,4.0,0,Low
58,Female,High School,Single,70513.0,739.0,8884.0,Home,Employed,19,Good,0.5885,135525.0,2.0,Marshallborough,GA,Samoa,0.0,0,Low
24,Non-binary,PhD,Single,100739.0,616.0,49262.0,Personal,Self-employed,1,Fair,0.5401,225982.0,3.0,North Lindashire,NH,Hungary,2.0,0,Low
26,Male,Bachelor's,Widowed,61025.0,627.0,42040.0,Auto,Unemployed,9,Poor,0.2914,237984.0,2.0,Tuckertown,WY,Madagascar,3.0,0,Low
60,Female,Master's,Widowed,100214.0,616.0,32562.0,Business,Unemployed,2,Excellent,0.5811,241898.0,4.0,East Aaron,IN,Cook Islands,0.0,0,Medium
45,Non-binary,Bachelor's,Single,76624.0,640.0,10726.0,Home,Unemployed,3,Good,0.1972,211987.0,3.0,Port Katherinemouth,MO,Timor-Leste,2.0,0,Low
58,Female,High School,Single,28039.0,741.0,19358.0,Auto,Employed,9,Fair,0.2175,56366.0,3.0,East Darrell,GU,Japan,2.0,0,Low
40,Non-binary,Master's,Divorced,111851.0,784.0,30259.0,Home,Unemployed,14,Good,0.5256,108471.0,4.0,New Leah,TX,Qatar,2.0,0,Low
57,Male,Bachelor's,Single,87009.0,681.0,49597.0,Business,Employed,15,Excellent,0.1126,211049.0,1.0,Peterberg,CA,Montenegro,2.0,2,Low
38,Non-binary,PhD,Widowed,29862.0,682.0,6954.0,Business,Self-employed,8,Fair,0.1097,260188.0,1.0,Port Jamie,PA,Bhutan,2.0,0,Medium
27,Male,Master's,Widowed,81471.0,723.0,28161.0,Business,Employed,10,Poor,0.5294,160896.0,3.0,Manuelland,OH,Latvia,4.0,0,Low
44,Female,High School,Widowed,45511.0,702.0,21707.0,Business,Self-employed,12,Excellent,0.4309,240435.0,4.0,Victoriachester,PW,Trinidad and Tobago,4.0,0,Low
45,Male,Bachelor's,Divorced,107329.0,790.0,31555.0,Auto,Self-employed,1,Poor,0.175,60683.0,4.0,East Tina,VT,Azerbaijan,0.0,2,Low
52,Male,Master's,Divorced,73968.0,760.0,43452.0,Auto,Unemployed,4,Good,0.431,50216.0,3.0,New Danielfurt,TN,Montenegro,2.0,2,Low
61,Male,PhD,Divorced,74987.0,713.0,47276.0,Auto,Self-employed,12,Poor,0.2477,78748.0,4.0,South Jennifer,WY,Burkina Faso,1.0,0,Medium
57,Male,High School,Married,38909.0,715.0,20068.0,Home,Self-employed,7,Excellent,0.527,123268.0,1.0,Sanchezmouth,MP,Latvia,1.0,1,Low
61,Non-binary,High School,Divorced,45460.0,608.0,22322.0,Business,Unemployed,15,Fair,0.5586,237972.0,0.0,East Michael,DC,Samoa,2.0,0,Medium
27,Female,Bachelor's,Married,34358.0,695.0,21511.0,Business,Employed,15,Poor,0.269,226266.0,1.0,Ashleytown,AR,Zambia,0.0,0,Medium
47,Non-binary,Master's,Married,106506.0,687.0,32767.0,Business,Unemployed,2,Excellent,0.2303,200321.0,2.0,Chapmanborough,NC,Congo,3.0,2,High
53,Non-binary,PhD,Divorced,36772.0,740.0,49379.0,Personal,Unemployed,2,Excellent,0.564,78113.0,2.0,Port Cathyhaven,NC,Hong Kong,1.0,0,Low
66,Female,High School,Widowed,119432.0,782.0,26135.0,Auto,Self-employed,14,Good,0.2471,32827.0,3.0,East Jaimetown,PW,Reunion,1.0,1,Medium
34,Male,PhD,Married,20163.0,759.0,20535.0,Home,Employed,12,Excellent,0.5254,194917.0,4.0,South Kimberly,WI,South Georgia and the South Sandwich Islands,4.0,2,Low
43,Male,Master's,Divorced,48172.0,711.0,42111.0,Home,Self-employed,5,Excellent,0.5836,275114.0,2.0,Port Paul,VA,Mali,2.0,1,Medium
40,Female,Master's,Married,37659.0,698.0,25543.0,Personal,Unemployed,4,Excellent,0.1546,166119.0,2.0,Jordanmouth,RI,Seychelles,1.0,1,Low
40,Non-binary,Master's,Single,66553.0,667.0,30106.0,Personal,Unemployed,7,Good,0.5324,191970.0,1.0,Meganchester,MO,Lebanon,1.0,0,Low
62,Male,High School,Married,60403.0,759.0,21830.0,Auto,Self-employed,10,Good,0.5867,122397.0,4.0,Griffithfort,CA,Uganda,0.0,1,Low
59,Non-binary,Bachelor's,Divorced,60068.0,725.0,41265.0,Home,Self-employed,4,Poor,0.4163,118498.0,0.0,West Robertberg,PW,Czech Republic,3.0,2,Low
62,Male,High School,Widowed,99923.0,771.0,25806.0,Personal,Self-employed,13,Good,0.5245,200444.0,1.0,Lake Josephshire,LA,Faroe Islands,2.0,0,Low
31,Female,Master's,Divorced,79719.0,614.0,42846.0,Personal,Unemployed,6,Poor,0.1775,239273.0,0.0,New Nataliechester,KS,Lebanon,1.0,1,Low
30,Non-binary,Master's,Single,72204.0,637.0,33836.0,Personal,Employed,6,Poor,0.3539,64871.0,0.0,East Kevinmouth,NJ,Nepal,1.0,2,Low
26,Male,PhD,Widowed,67602.0,637.0,7293.0,Personal,Unemployed,15,Excellent,0.1059,130947.0,4.0,Karenfort,MP,Hong Kong,0.0,1,High
45,Non-binary,High School,Divorced,86033.0,672.0,8764.0,Business,Self-employed,9,Fair,0.4274,68779.0,3.0,Port Jacobhaven,MS,Cyprus,0.0,1,Low
46,Male,Bachelor's,Divorced,59214.0,737.0,46842.0,Auto,Self-employed,17,Fair,0.4784,113384.0,1.0,Lake Richardstad,NM,Mozambique,4.0,0,Medium
65,Non-binary,High School,Single,41747.0,673.0,10380.0,Personal,Self-employed,13,Excellent,0.2423,57051.0,1.0,South Tara,MA,Cook Islands,4.0,0,Medium
42,Non-binary,Bachelor's,Single,22407.0,776.0,36193.0,Business,Employed,14,Poor,0.5578,69258.0,3.0,East Dwaynemouth,UT,Botswana,4.0,0,Medium
34,Non-binary,Bachelor's,Divorced,97605.0,764.0,26810.0,Personal,Unemployed,1,Fair,0.4969,96676.0,4.0,Lake Robin,AR,Rwanda,4.0,0,Low
31,Male,High School,Single,70337.0,693.0,19213.0,Auto,Self-employed,19,Good,0.11,274572.0,4.0,New Alishafurt,KS,Romania,4.0,0,Low
38,Male,PhD,Married,119405.0,778.0,8666.0,Personal,Employed,9,Excellent,0.4115,40622.0,3.0,New April,GU,Brazil,0.0,1,Low
22,Male,High School,Single,75713.0,744.0,25717.0,Personal,Self-employed,15,Good,0.5914,91416.0,0.0,Jarvisberg,MD,Bolivia,3.0,2,Medium
20,Male,Master's,Widowed,24388.0,660.0,10920.0,Business,Self-employed,5,Fair,0.3383,255218.0,0.0,East Roger,AR,Brazil,1.0,0,High
24,Male,High School,Single,82059.0,776.0,33223.0,Auto,Unemployed,7,Fair,0.1874,167951.0,0.0,Rickyside,WI,Fiji,2.0,1,Low
65,Non-binary,Bachelor's,Widowed,98183.0,727.0,31726.0,Personal,Employed,13,Fair,0.1621,291548.0,3.0,South Robert,LA,China,0.0,1,Low
31,Non-binary,High School,Widowed,38946.0,751.0,11980.0,Business,Employed,3,Good,0.5303,49165.0,4.0,Annaberg,KS,United States Virgin Islands,3.0,1,Low
60,Female,Master's,Single,63574.0,717.0,25487.0,Personal,Unemployed,17,Excellent,0.4199,264922.0,1.0,Port Pamela,NV,Thailand,1.0,1,Medium
64,Non-binary,Bachelor's,Married,106057.0,750.0,23083.0,Auto,Employed,15,Excellent,0.4648,121181.0,4.0,South Jared,NV,Chile,2.0,1,Medium
30,Male,Bachelor's,Divorced,29952.0,769.0,16899.0,Personal,Self-employed,13,Good,0.5637,213223.0,2.0,Hoodland,VT,Cuba,1.0,2,Medium
66,Non-binary,Master's,Divorced,118474.0,713.0,42997.0,Home,Employed,6,Excellent,0.2555,105535.0,3.0,South Jennifer,CO,Mayotte,0.0,0,Medium
63,Female,Bachelor's,Widowed,45587.0,746.0,40156.0,Auto,Employed,3,Fair,0.422,215419.0,2.0,Penningtonville,AS,Turkey,2.0,1,Low
35,Male,Master's,Widowed,102319.0,787.0,9616.0,Business,Self-employed,5,Excellent,0.2662,217123.0,0.0,West Nancy,FL,United Kingdom,3.0,0,Low
22,Non-binary,PhD,Widowed,119869.0,681.0,41088.0,Home,Unemployed,18,Excellent,0.5018,205866.0,4.0,New Jodiland,SD,American Samoa,2.0,1,Low
33,Male,Master's,Divorced,117753.0,788.0,5706.0,Home,Self-employed,1,Good,0.5053,160387.0,1.0,New Christopher,KS,Yemen,0.0,0,Low
24,Male,Master's,Widowed,94900.0,774.0,17207.0,Business,Employed,19,Good,0.1414,42756.0,3.0,East Anthonyside,DE,Poland,3.0,1,Medium
20,Female,Master's,Divorced,81518.0,742.0,16101.0,Home,Employed,14,Good,0.4067,268591.0,3.0,Fosterview,SD,Northern Mariana Islands,4.0,2,Low
53,Non-binary,High School,Divorced,51423.0,648.0,23639.0,Auto,Unemployed,9,Fair,0.2893,235763.0,4.0,Zacharybury,AS,North Macedonia,4.0,0,Low
54,Female,PhD,Divorced,117421.0,674.0,22789.0,Business,Self-employed,2,Fair,0.498,124207.0,3.0,Ramirezville,MT,Togo,0.0,1,Low
61,Female,High School,Married,115552.0,764.0,26595.0,Auto,Employed,12,Excellent,0.1841,225332.0,1.0,South Barbarachester,KS,Argentina,3.0,0,High
41,Female,Bachelor's,Divorced,49152.0,641.0,24391.0,Home,Unemployed,2,Good,0.5229,252528.0,1.0,Ryanhaven,AL,Zimbabwe,4.0,2,High
27,Non-binary,Master's,Divorced,62154.0,736.0,15709.0,Home,Self-employed,16,Fair,0.3045,42642.0,2.0,Port Jennaland,NE,Taiwan,4.0,0,Low
42,Non-binary,Bachelor's,Married,44911.0,751.0,36342.0,Home,Unemployed,12,Good,0.4503,272197.0,1.0,New Ryanville,MD,Tuvalu,4.0,0,Low
43,Female,Master's,Widowed,88117.0,708.0,18118.0,Auto,Self-employed,19,Good,0.4446,191652.0,2.0,Jacksonfurt,RI,Moldova,1.0,0,Low
40,Non-binary,PhD,Divorced,55980.0,671.0,21351.0,Personal,Unemployed,8,Poor,0.577,264267.0,1.0,New Kennethside,VA,Qatar,0.0,0,High
55,Female,High School,Single,97228.0,729.0,12695.0,Auto,Unemployed,0,Poor,0.4065,221897.0,0.0,Jonathanmouth,AS,Timor-Leste,4.0,2,Low
69,Female,High School,Divorced,68544.0,756.0,16171.0,Business,Employed,5,Fair,0.2769,50064.0,3.0,Marymouth,SD,France,4.0,1,Low
54,Non-binary,PhD,Married,108545.0,747.0,33062.0,Home,Unemployed,2,Good,0.4967,53026.0,3.0,Lake Lindsey,UT,Papua New Guinea,4.0,0,Medium
30,Female,High School,Divorced,32003.0,697.0,30190.0,Business,Self-employed,18,Poor,0.4016,192797.0,2.0,Robertview,WA,Latvia,4.0,0,Medium
25,Non-binary,PhD,Single,38317.0,659.0,27703.0,Home,Unemployed,7,Poor,0.1334,135419.0,0.0,Patriciamouth,TX,Bouvet Island (Bouvetoya),2.0,0,Medium
22,Non-binary,PhD,Single,42474.0,724.0,19111.0,Auto,Unemployed,4,Excellent,0.1736,56536.0,2.0,East Adrianastad,VT,Yemen,2.0,0,High
33,Female,High School,Widowed,89432.0,708.0,5376.0,Business,Self-employed,2,Good,0.5839,281393.0,0.0,Sandraport,UT,Moldova,2.0,0,Medium
21,Non-binary,PhD,Married,37645.0,742.0,41401.0,Personal,Employed,9,Fair,0.5114,68960.0,3.0,West Brendaton,ID,Sao Tome and Principe,0.0,2,Medium
30,Non-binary,Bachelor's,Widowed,29012.0,650.0,33957.0,Home,Unemployed,11,Good,0.5371,213222.0,2.0,Donnaberg,PR,Oman,0.0,2,Low
43,Female,Master's,Single,39266.0,743.0,45479.0,Auto,Self-employed,0,Poor,0.3607,117821.0,0.0,Laurahaven,OR,Poland,4.0,0,Low
33,Male,Master's,Married,49865.0,781.0,11438.0,Personal,Self-employed,17,Fair,0.3858,34750.0,0.0,Jasonmouth,NJ,Guinea,0.0,1,Medium
23,Non-binary,PhD,Divorced,47257.0,677.0,12034.0,Business,Self-employed,15,Poor,0.5891,202475.0,4.0,Alyssashire,PA,Malaysia,4.0,2,Low
58,Non-binary,PhD,Widowed,83620.0,660.0,30823.0,Home,Employed,8,Good,0.4544,287338.0,0.0,South Paul,RI,Equatorial Guinea,2.0,2,Low
27,Male,Bachelor's,Single,65061.0,780.0,32287.0,Home,Unemployed,19,Fair,0.3738,26293.0,4.0,Fishermouth,CT,Russian Federation,1.0,2,High
20,Female,High School,Divorced,108388.0,726.0,37203.0,Auto,Unemployed,13,Excellent,0.3441,195802.0,4.0,East Megan,NM,Uzbekistan,0.0,2,Low
49,Male,Master's,Divorced,36876.0,770.0,9627.0,Business,Employed,9,Poor,0.4013,117397.0,1.0,West Valerie,GU,United Arab Emirates,0.0,0,Low
39,Female,Master's,Married,99854.0,756.0,26655.0,Home,Unemployed,14,Poor,0.1855,78246.0,1.0,Hollymouth,AR,Puerto Rico,3.0,0,Medium
66,Non-binary,Master's,Single,44719.0,767.0,17057.0,Home,Unemployed,14,Good,0.5201,270782.0,2.0,South Bryanside,MD,Guyana,2.0,2,Medium
50,Female,Bachelor's,Divorced,78513.0,774.0,46355.0,Personal,Employed,4,Good,0.2523,273548.0,0.0,Jennifershire,VT,Mauritius,2.0,0,Low
57,Female,Bachelor's,Divorced,51811.0,611.0,31125.0,Business,Employed,14,Excellent,0.1553,136504.0,2.0,Stephenstad,IA,Cote d'Ivoire,3.0,0,Medium
35,Male,High School,Single,104583.0,610.0,38846.0,Auto,Unemployed,17,Excellent,0.1348,142488.0,4.0,Montesshire,CO,Bouvet Island (Bouvetoya),2.0,2,Low
46,Male,PhD,Single,97450.0,790.0,48858.0,Business,Employed,8,Excellent,0.1883,285280.0,4.0,New Jillport,ME,Monaco,3.0,1,Low
58,Non-binary,High School,Divorced,50608.0,767.0,29793.0,Auto,Unemployed,13,Good,0.5442,251972.0,4.0,Robertsfort,AZ,Libyan Arab Jamahiriya,1.0,1,Low
23,Non-binary,PhD,Widowed,46445.0,769.0,28700.0,Personal,Unemployed,12,Excellent,0.5395,162307.0,0.0,Aprilstad,MI,Honduras,4.0,2,Low
50,Female,Bachelor's,Widowed,67972.0,738.0,22500.0,Business,Employed,16,Fair,0.3681,156964.0,3.0,New Perry,GU,Guinea-Bissau,3.0,2,Low
30,Male,Bachelor's,Widowed,115347.0,741.0,39722.0,Auto,Unemployed,6,Good,0.2834,57062.0,2.0,Soniaport,AK,Papua New Guinea,4.0,0,Medium
23,Non-binary,High School,Single,36631.0,662.0,31448.0,Business,Self-employed,9,Excellent,0.1069,170014.0,2.0,Dianaview,AR,Wallis and Futuna,0.0,2,Medium
26,Non-binary,Master's,Single,88555.0,775.0,9826.0,Home,Unemployed,15,Good,0.184,108047.0,0.0,Lake Jerry,FM,Costa Rica,2.0,1,Medium
34,Female,Master's,Married,29593.0,754.0,5085.0,Home,Unemployed,3,Excellent,0.4826,291261.0,3.0,East Andreashire,MO,Wallis and Futuna,1.0,1,High
61,Female,PhD,Divorced,87323.0,754.0,47284.0,Personal,Unemployed,2,Fair,0.5907,153345.0,3.0,West Susan,NH,India,1.0,2,Medium
35,Female,High School,Divorced,85615.0,704.0,35624.0,Business,Unemployed,11,Good,0.2339,112215.0,1.0,Port Ashleyberg,WY,Romania,1.0,0,Low
49,Female,Master's,Married,75342.0,796.0,24894.0,Auto,Self-employed,12,Good,0.2894,205606.0,1.0,South Brittneybury,VA,Canada,0.0,2,Low
43,Male,High School,Divorced,34012.0,603.0,32468.0,Personal,Employed,11,Excellent,0.5501,33804.0,1.0,West Tammy,PR,Chile,2.0,1,Medium
19,Male,High School,Married,112917.0,645.0,15687.0,Auto,Unemployed,1,Poor,0.1164,102844.0,1.0,Foxton,WA,Botswana,0.0,0,Low
46,Female,High School,Married,80941.0,630.0,46577.0,Auto,Employed,11,Poor,0.294,68694.0,0.0,Gibsonbury,OR,Slovakia (Slovak Republic),1.0,0,Medium
44,Female,Bachelor's,Widowed,77391.0,772.0,49111.0,Personal,Unemployed,2,Fair,0.3272,191538.0,4.0,Roseshire,MD,Chile,2.0,0,Low
52,Female,Master's,Widowed,97354.0,767.0,27971.0,Business,Self-employed,9,Good,0.4036,102773.0,0.0,Wilsontown,ID,Grenada,3.0,1,Medium
33,Non-binary,High School,Married,108636.0,787.0,36905.0,Home,Self-employed,19,Good,0.2996,78540.0,0.0,Meyerton,FL,Congo,3.0,1,Low
30,Female,Bachelor's,Widowed,71464.0,695.0,44618.0,Home,Employed,15,Poor,0.5133,111807.0,4.0,Curryton,PR,Brazil,3.0,2,Low
20,Male,Master's,Single,82546.0,661.0,38720.0,Auto,Self-employed,12,Fair,0.5145,273390.0,1.0,North Jessicaton,ID,Bhutan,3.0,2,Medium
49,Female,High School,Widowed,59931.0,682.0,27398.0,Business,Employed,16,Poor,0.2958,143003.0,0.0,North Joshua,RI,Saint Lucia,3.0,1,Medium
56,Non-binary,Master's,Single,39623.0,656.0,12397.0,Business,Employed,13,Excellent,0.4624,77154.0,2.0,Williamborough,KS,Micronesia,1.0,2,Low
57,Male,Bachelor's,Single,102633.0,695.0,39459.0,Business,Employed,11,Excellent,0.253,73857.0,2.0,Jeffreymouth,AK,Malaysia,2.0,0,Low
22,Non-binary,Master's,Married,113366.0,744.0,31220.0,Business,Self-employed,1,Poor,0.5655,233376.0,1.0,Brownbury,WI,Djibouti,2.0,2,Medium
48,Male,Master's,Married,107180.0,689.0,29822.0,Business,Self-employed,15,Good,0.1967,23808.0,0.0,South Andrewberg,SD,Puerto Rico,2.0,2,High
39,Non-binary,Master's,Widowed,40654.0,704.0,32846.0,Business,Self-employed,11,Fair,0.1437,57536.0,0.0,Liview,PA,United States Minor Outlying Islands,2.0,2,Low
27,Non-binary,PhD,Widowed,112944.0,754.0,23134.0,Business,Self-employed,3,Fair,0.2186,262415.0,0.0,Schneiderside,CO,Spain,0.0,2,Low
40,Non-binary,Master's,Widowed,78945.0,681.0,46566.0,Business,Self-employed,2,Fair,0.5053,142655.0,2.0,Port Michelle,MI,Chile,4.0,1,Low
46,Female,High School,Divorced,79577.0,687.0,31009.0,Home,Self-employed,3,Fair,0.1236,138916.0,3.0,Floresland,KS,Maldives,2.0,0,Low
34,Male,PhD,Married,36087.0,656.0,29525.0,Auto,Self-employed,4,Excellent,0.4236,140677.0,2.0,Lake Jasonshire,TX,Netherlands Antilles,1.0,1,Low
23,Male,Bachelor's,Married,37565.0,776.0,14096.0,Home,Employed,18,Excellent,0.444,234100.0,2.0,Lake Sergio,NH,Zambia,1.0,1,Medium
38,Male,High School,Married,117229.0,684.0,10773.0,Home,Self-employed,2,Excellent,0.4059,134939.0,4.0,New Michaeltown,NC,Philippines,4.0,1,Low
24,Male,Bachelor's,Married,41891.0,605.0,27170.0,Auto,Unemployed,2,Poor,0.1864,207862.0,3.0,Weberfurt,ME,Greece,3.0,2,Medium
59,Non-binary,Bachelor's,Single,117367.0,686.0,41142.0,Personal,Employed,10,Good,0.5933,183278.0,1.0,West Cristina,CT,Guinea-Bissau,1.0,2,Medium
52,Male,PhD,Widowed,82288.0,749.0,44630.0,Home,Unemployed,8,Poor,0.4113,187450.0,0.0,Jessicachester,OR,United States of America,3.0,0,High
51,Female,High School,Widowed,31123.0,700.0,28815.0,Auto,Employed,18,Fair,0.3002,297720.0,1.0,New Garrettport,SC,Sudan,1.0,0,Low
56,Female,PhD,Married,39622.0,603.0,30534.0,Business,Self-employed,3,Excellent,0.2427,22884.0,1.0,East Shannon,CO,Trinidad and Tobago,4.0,0,Medium
36,Male,PhD,Divorced,21333.0,671.0,47760.0,Home,Employed,16,Excellent,0.1465,30875.0,4.0,Thompsonland,NE,Chad,1.0,1,Low
41,Non-binary,PhD,Single,30652.0,759.0,32984.0,Home,Self-employed,5,Poor,0.535,199700.0,1.0,Michaeltown,PA,Cayman Islands,0.0,2,Low
42,Non-binary,Bachelor's,Married,113052.0,628.0,30379.0,Auto,Employed,5,Fair,0.5791,145696.0,4.0,Lake Cameron,NM,Andorra,0.0,0,Medium
26,Male,Bachelor's,Married,61581.0,650.0,43358.0,Business,Self-employed,6,Good,0.1797,228354.0,4.0,Millershire,CO,Djibouti,3.0,1,Low
43,Male,Master's,Single,107754.0,705.0,13634.0,Business,Employed,16,Excellent,0.1536,204841.0,1.0,West Desiree,DE,Cambodia,4.0,1,Medium
34,Non-binary,Bachelor's,Divorced,25539.0,683.0,46281.0,Personal,Self-employed,13,Fair,0.3827,211112.0,2.0,East Jessica,AS,Ukraine,2.0,0,Low
59,Male,High School,Widowed,67201.0,678.0,34090.0,Home,Unemployed,18,Excellent,0.4826,125411.0,0.0,Matthewhaven,AR,Mayotte,1.0,1,Medium
26,Non-binary,Master's,Divorced,65819.0,720.0,25876.0,Auto,Self-employed,15,Poor,0.3881,205501.0,1.0,Victorialand,UT,Serbia,4.0,2,Low
29,Female,PhD,Single,37177.0,724.0,48039.0,Auto,Unemployed,0,Poor,0.5086,136854.0,2.0,North Brentland,MN,Tuvalu,2.0,1,Low
54,Non-binary,Bachelor's,Single,67284.0,664.0,47599.0,Auto,Self-employed,5,Excellent,0.4584,107155.0,1.0,Charlesshire,HI,Thailand,2.0,1,High
32,Non-binary,PhD,Single,40128.0,623.0,34269.0,Business,Employed,10,Poor,0.2517,200544.0,2.0,Christopherside,CO,Philippines,2.0,0,Low
59,Male,PhD,Divorced,116226.0,728.0,31265.0,Home,Employed,10,Excellent,0.2428,124413.0,2.0,Ronaldtown,KS,Jamaica,0.0,0,Low
34,Non-binary,High School,Widowed,103611.0,752.0,43954.0,Auto,Self-employed,6,Excellent,0.2705,28789.0,1.0,Russochester,PA,Zambia,1.0,0,Low
45,Female,Master's,Married,79469.0,761.0,8483.0,Auto,Employed,1,Poor,0.4203,132262.0,4.0,Tracymouth,NY,Comoros,0.0,1,High
69,Male,High School,Widowed,51145.0,770.0,35271.0,Auto,Self-employed,1,Excellent,0.4623,82812.0,3.0,Padillatown,WI,Pitcairn Islands,3.0,2,Low
35,Female,High School,Divorced,21933.0,783.0,48612.0,Home,Unemployed,16,Fair,0.3515,247804.0,0.0,Aliceland,TX,Angola,3.0,0,Low
27,Non-binary,Master's,Single,117289.0,711.0,41767.0,Business,Self-employed,2,Good,0.4921,135552.0,2.0,East Laura,AR,Seychelles,1.0,2,Low
36,Male,PhD,Widowed,103938.0,634.0,13868.0,Personal,Employed,11,Excellent,0.3835,107125.0,3.0,Lake Melaniebury,MP,Syrian Arab Republic,2.0,1,Low
56,Male,Master's,Widowed,98993.0,769.0,37224.0,Personal,Self-employed,18,Excellent,0.54,220919.0,3.0,Robertsshire,IA,France,2.0,1,Low
20,Female,PhD,Married,75090.0,743.0,39594.0,Personal,Unemployed,8,Fair,0.4948,220551.0,3.0,Smithshire,CO,Portugal,1.0,1,Low
31,Female,Bachelor's,Divorced,104861.0,644.0,36212.0,Business,Unemployed,3,Excellent,0.4254,75486.0,1.0,Carrollside,MD,Saint Kitts and Nevis,1.0,2,Low
68,Non-binary,High School,Married,48274.0,683.0,12207.0,Personal,Unemployed,7,Poor,0.5268,54954.0,2.0,Cameronmouth,MD,Guinea,2.0,0,Low
62,Female,PhD,Divorced,22203.0,621.0,29524.0,Business,Self-employed,17,Good,0.5279,119595.0,4.0,Watsonbury,MO,British Indian Ocean Territory (Chagos Archipelago),0.0,2,Low
64,Non-binary,PhD,Divorced,38595.0,636.0,20952.0,Home,Unemployed,5,Poor,0.1678,45777.0,0.0,Johnsonchester,NJ,Saint Vincent and the Grenadines,4.0,1,Medium
65,Non-binary,Bachelor's,Single,119133.0,688.0,43284.0,Auto,Self-employed,13,Fair,0.3323,115208.0,3.0,Lake Jasonmouth,MI,British Virgin Islands,0.0,2,Medium
32,Male,Master's,Married,113531.0,764.0,10304.0,Personal,Employed,14,Excellent,0.271,252051.0,2.0,Fishershire,FM,Saint Barthelemy,2.0,2,Medium
30,Female,High School,Divorced,55592.0,719.0,31881.0,Auto,Unemployed,7,Good,0.4435,295341.0,3.0,Ryanchester,ME,United States Minor Outlying Islands,0.0,1,Low
21,Female,Bachelor's,Widowed,61252.0,717.0,23674.0,Personal,Employed,1,Fair,0.5912,25192.0,2.0,South Jonathanshire,KY,Ireland,4.0,0,Low
58,Male,High School,Divorced,117480.0,792.0,24244.0,Home,Self-employed,10,Excellent,0.3659,249776.0,0.0,Aaronhaven,WA,Slovenia,4.0,1,Low
43,Non-binary,High School,Divorced,85510.0,792.0,49946.0,Personal,Self-employed,2,Excellent,0.5602,116108.0,3.0,Carlaland,TN,Bosnia and Herzegovina,0.0,2,Low
61,Female,PhD,Widowed,30114.0,689.0,40896.0,Business,Self-employed,9,Poor,0.2194,281284.0,4.0,Salazarbury,AK,Netherlands,1.0,1,Medium
27,Non-binary,High School,Married,78792.0,706.0,48705.0,Personal,Unemployed,13,Fair,0.4933,236350.0,3.0,Lindsayview,NV,Italy,1.0,0,Low
34,Non-binary,PhD,Divorced,43057.0,793.0,33294.0,Auto,Employed,6,Poor,0.1613,85420.0,3.0,Nicholasside,PA,Martinique,1.0,2,Low
61,Male,Master's,Single,99570.0,772.0,23939.0,Auto,Employed,10,Fair,0.1799,123721.0,2.0,Fergusonburgh,MI,Botswana,0.0,0,Medium
33,Female,Bachelor's,Widowed,41730.0,730.0,29109.0,Personal,Employed,18,Poor,0.2402,48902.0,1.0,New Cheyenne,PW,Albania,0.0,0,Low
39,Female,Bachelor's,Single,83576.0,648.0,26462.0,Personal,Employed,4,Excellent,0.1016,257065.0,0.0,Jonathanberg,IL,Poland,0.0,0,Low
52,Non-binary,Bachelor's,Single,112469.0,606.0,5824.0,Personal,Unemployed,14,Excellent,0.5556,254011.0,0.0,Wagnerberg,AL,Barbados,1.0,1,Medium
54,Non-binary,Master's,Widowed,101393.0,636.0,36262.0,Home,Employed,5,Fair,0.1556,60626.0,4.0,Stevensport,IN,Guyana,4.0,0,Low
20,Female,High School,Single,58549.0,659.0,23038.0,Personal,Employed,4,Good,0.4042,72896.0,0.0,Alejandroborough,MA,Turks and Caicos Islands,2.0,1,Low
67,Non-binary,High School,Widowed,88008.0,797.0,35115.0,Auto,Employed,17,Fair,0.1354,148992.0,0.0,Floresland,OK,Sri Lanka,3.0,0,Low
41,Male,Bachelor's,Widowed,96368.0,619.0,39673.0,Business,Self-employed,5,Excellent,0.4589,63745.0,3.0,Port Johntown,MO,Korea,3.0,2,Medium
30,Male,High School,Divorced,77013.0,661.0,24752.0,Personal,Unemployed,6,Poor,0.4435,79844.0,0.0,Stevensshire,OR,Belize,3.0,1,Low
24,Non-binary,PhD,Widowed,85063.0,730.0,48623.0,Home,Unemployed,13,Excellent,0.1517,26725.0,2.0,Robertborough,CT,Falkland Islands (Malvinas),1.0,0,Low
60,Female,PhD,Married,65489.0,755.0,29809.0,Business,Unemployed,14,Poor,0.3335,55438.0,2.0,East Krystalbury,SC,Uruguay,1.0,2,Low
32,Non-binary,Bachelor's,Single,49715.0,767.0,23203.0,Auto,Self-employed,7,Excellent,0.2032,74569.0,1.0,Port Joseph,VA,Moldova,4.0,1,Low
29,Female,Master's,Married,69979.0,767.0,45200.0,Auto,Self-employed,17,Poor,0.5723,113448.0,2.0,New Debramouth,DC,Israel,3.0,1,Low
55,Female,Master's,Married,63888.0,753.0,12374.0,Home,Unemployed,1,Excellent,0.3104,88471.0,4.0,Petersonland,ME,South Africa,2.0,1,Low
51,Female,Master's,Divorced,50215.0,741.0,18918.0,Personal,Employed,0,Fair,0.4963,245112.0,0.0,New Crystal,SC,Gibraltar,4.0,0,Low
45,Female,High School,Divorced,38220.0,692.0,34712.0,Business,Unemployed,16,Good,0.4423,93138.0,3.0,Thompsonfort,SC,French Polynesia,1.0,2,Medium
42,Female,Master's,Single,21225.0,621.0,49695.0,Home,Employed,4,Fair,0.1264,292530.0,0.0,Cookstad,OH,Taiwan,4.0,0,Low
58,Male,PhD,Single,87713.0,636.0,13066.0,Business,Employed,16,Fair,0.5836,176528.0,4.0,East Fredhaven,VI,Liberia,4.0,0,Low
34,Male,Master's,Divorced,69506.0,609.0,12148.0,Home,Employed,12,Fair,0.2626,45984.0,4.0,South Connieshire,MA,Ireland,4.0,2,Medium
47,Non-binary,Bachelor's,Widowed,99787.0,748.0,12854.0,Home,Self-employed,16,Good,0.1315,155756.0,3.0,Lake Claudia,NY,Paraguay,4.0,2,High
28,Female,Bachelor's,Single,112689.0,629.0,46164.0,Business,Self-employed,9,Fair,0.3705,284534.0,1.0,Laurenburgh,OR,Swaziland,0.0,1,Low
49,Male,Master's,Married,119341.0,658.0,24131.0,Auto,Unemployed,17,Fair,0.1064,200399.0,4.0,East Brett,FM,Taiwan,3.0,1,Low
30,Non-binary,Bachelor's,Single,77357.0,663.0,27297.0,Auto,Employed,18,Poor,0.442,173460.0,0.0,Lake Paul,TX,Belize,3.0,0,Medium
27,Non-binary,Master's,Widowed,73516.0,673.0,21969.0,Business,Employed,6,Fair,0.3401,122271.0,4.0,Wilsonstad,SD,Guyana,2.0,2,Medium
55,Female,PhD,Widowed,83103.0,780.0,24311.0,Personal,Employed,9,Poor,0.5918,122300.0,4.0,Leeton,MT,United Arab Emirates,2.0,1,Low
69,Female,High School,Widowed,78491.0,712.0,25735.0,Business,Self-employed,19,Fair,0.3209,161845.0,2.0,Brianaton,LA,Dominican Republic,1.0,0,High
30,Non-binary,PhD,Married,89647.0,769.0,18845.0,Personal,Self-employed,14,Good,0.3627,212788.0,4.0,Hartmanshire,NH,Solomon Islands,3.0,2,High
46,Female,PhD,Married,24125.0,653.0,33618.0,Home,Unemployed,11,Good,0.4055,161008.0,0.0,North Aliciahaven,WY,Hungary,4.0,1,High
46,Male,PhD,Widowed,108754.0,751.0,10490.0,Personal,Employed,14,Good,0.1642,260896.0,3.0,New Joelshire,IN,Saint Lucia,0.0,1,Low
46,Non-binary,High School,Widowed,84108.0,625.0,31889.0,Personal,Employed,16,Good,0.5926,155090.0,3.0,Smithfort,NE,Italy,0.0,2,High
23,Male,High School,Married,111049.0,753.0,19647.0,Business,Unemployed,10,Excellent,0.4932,248678.0,1.0,New David,NC,Hong Kong,1.0,0,Low
37,Female,Bachelor's,Widowed,78824.0,628.0,24617.0,Home,Unemployed,15,Good,0.1486,80489.0,3.0,Jamesbury,OR,Congo,4.0,2,Medium
50,Female,Bachelor's,Divorced,39369.0,681.0,5257.0,Business,Self-employed,7,Good,0.1866,134987.0,3.0,East Austin,MN,Georgia,0.0,2,Low
28,Female,Master's,Single,30760.0,763.0,25891.0,Business,Unemployed,8,Excellent,0.1142,199632.0,1.0,South Jasonchester,MP,Tokelau,4.0,0,Low
36,Male,PhD,Single,104971.0,682.0,15364.0,Business,Self-employed,5,Excellent,0.4366,76987.0,4.0,West Kevin,LA,Trinidad and Tobago,1.0,0,Medium
63,Male,Bachelor's,Married,56434.0,609.0,47010.0,Home,Employed,4,Poor,0.4152,197500.0,4.0,Wendymouth,MP,Malta,0.0,1,Medium
35,Female,Bachelor's,Divorced,65302.0,613.0,38293.0,Home,Unemployed,8,Good,0.1189,112225.0,4.0,Lake Carlos,NM,Antigua and Barbuda,4.0,1,Low
62,Male,Master's,Widowed,60134.0,737.0,6724.0,Business,Unemployed,8,Excellent,0.2783,144534.0,1.0,New Carrie,NH,Myanmar,3.0,2,Low
50,Non-binary,Bachelor's,Married,28070.0,610.0,18239.0,Personal,Self-employed,18,Fair,0.3495,256441.0,4.0,South Johnville,MT,Saint Vincent and the Grenadines,2.0,0,Low
52,Male,PhD,Divorced,111250.0,672.0,44508.0,Business,Unemployed,5,Fair,0.4902,251302.0,4.0,Timothyfurt,WY,Guinea,4.0,1,Low
41,Female,High School,Married,33372.0,651.0,10352.0,Personal,Unemployed,12,Poor,0.5505,168999.0,4.0,Theresaburgh,TX,Haiti,0.0,1,Low
35,Female,Master's,Single,22821.0,739.0,48027.0,Personal,Unemployed,7,Good,0.3236,40999.0,2.0,New Davidhaven,NE,Chile,1.0,1,Low
47,Female,High School,Single,35213.0,753.0,14942.0,Auto,Employed,0,Poor,0.5943,286737.0,0.0,Emilyberg,IN,Uganda,2.0,1,High
68,Male,High School,Widowed,41529.0,671.0,45327.0,Business,Self-employed,16,Excellent,0.227,163080.0,4.0,Port Jerry,PW,Ethiopia,4.0,1,Low
49,Male,PhD,Widowed,25681.0,763.0,44043.0,Home,Unemployed,16,Excellent,0.3623,248369.0,2.0,Melanieville,ME,Niger,0.0,1,Low
48,Male,PhD,Widowed,92706.0,636.0,15734.0,Home,Self-employed,11,Poor,0.4808,86705.0,1.0,Hectorfort,CO,Swaziland,3.0,1,Medium
39,Female,PhD,Widowed,34426.0,649.0,26515.0,Home,Employed,4,Good,0.5874,275225.0,4.0,Harrisonfurt,VI,Germany,0.0,2,Medium
31,Male,High School,Divorced,32155.0,649.0,26634.0,Personal,Self-employed,7,Excellent,0.2118,106263.0,0.0,Kellyland,WI,Palestinian Territory,4.0,1,Medium
42,Female,Master's,Widowed,92805.0,670.0,13333.0,Home,Self-employed,14,Good,0.5743,45951.0,0.0,Oliviachester,HI,Belarus,3.0,2,Low
23,Non-binary,Master's,Widowed,65643.0,600.0,26014.0,Home,Self-employed,13,Fair,0.3763,221986.0,2.0,Lake Jessicaside,OR,Venezuela,2.0,2,Low
25,Non-binary,PhD,Widowed,35161.0,770.0,36785.0,Business,Self-employed,11,Poor,0.5324,167025.0,2.0,Tabithaborough,CA,Indonesia,4.0,1,Medium
69,Male,High School,Single,50134.0,747.0,43468.0,Auto,Employed,14,Fair,0.4024,81124.0,4.0,Williamsmouth,MD,Yemen,1.0,0,Medium
29,Female,High School,Married,48390.0,683.0,23018.0,Business,Unemployed,12,Fair,0.4529,192224.0,1.0,West Jose,IN,Maldives,0.0,1,Low
30,Non-binary,High School,Single,44256.0,768.0,11882.0,Personal,Self-employed,4,Excellent,0.1133,33094.0,3.0,New Krystalstad,PA,Venezuela,2.0,2,Low
69,Female,High School,Married,95017.0,711.0,21270.0,Home,Self-employed,13,Excellent,0.4074,244404.0,1.0,Lake Vickie,WV,Botswana,0.0,1,Low
29,Female,High School,Single,57548.0,690.0,22624.0,Auto,Unemployed,9,Good,0.3037,96901.0,2.0,Lake Daniel,FL,Guinea,4.0,0,High
20,Female,Bachelor's,Divorced,90831.0,619.0,41021.0,Auto,Self-employed,17,Excellent,0.3361,186589.0,4.0,Goodwinbury,GU,Northern Mariana Islands,1.0,0,Low
20,Female,PhD,Widowed,81321.0,635.0,20942.0,Business,Self-employed,7,Fair,0.3223,227953.0,1.0,Lake Anita,AZ,Sudan,3.0,0,Low
66,Male,High School,Widowed,114302.0,666.0,32502.0,Auto,Unemployed,7,Fair,0.3546,180162.0,2.0,Alanfort,CO,Solomon Islands,3.0,2,Low
46,Male,Bachelor's,Single,104511.0,642.0,18562.0,Business,Employed,7,Fair,0.3806,234977.0,4.0,Pattonfort,MH,Tonga,1.0,2,Low
34,Non-binary,Bachelor's,Single,65310.0,701.0,5061.0,Personal,Employed,17,Good,0.3951,43258.0,2.0,Brucebury,TX,American Samoa,3.0,0,Low
68,Male,Master's,Married,64470.0,674.0,5138.0,Personal,Self-employed,13,Good,0.2912,236143.0,1.0,New Miguel,VI,South Africa,4.0,0,Low
21,Male,Master's,Divorced,105865.0,784.0,38726.0,Home,Unemployed,12,Poor,0.3132,212944.0,4.0,Port Jonathan,RI,Finland,3.0,1,Low
50,Female,PhD,Divorced,48410.0,667.0,25513.0,Auto,Unemployed,11,Poor,0.2345,129264.0,4.0,Amandaton,RI,Somalia,2.0,2,Low
37,Non-binary,High School,Divorced,51051.0,675.0,8334.0,Home,Employed,17,Fair,0.4089,227005.0,3.0,Christopherview,KS,Falkland Islands (Malvinas),3.0,2,High
50,Male,Bachelor's,Married,111404.0,707.0,48093.0,Home,Self-employed,12,Excellent,0.5852,239315.0,0.0,Port Nathan,IN,Dominica,2.0,2,Low
24,Female,High School,Divorced,89690.0,705.0,28065.0,Auto,Employed,18,Excellent,0.26,204416.0,4.0,West Christina,KS,Papua New Guinea,3.0,0,Low
65,Male,PhD,Widowed,78989.0,646.0,12772.0,Auto,Unemployed,19,Excellent,0.2987,118200.0,2.0,Campbellbury,VA,Swaziland,1.0,2,High
28,Male,PhD,Married,70420.0,620.0,9960.0,Personal,Unemployed,7,Poor,0.2802,122188.0,1.0,Weberburgh,SC,Mauritius,0.0,0,Low
22,Female,PhD,Married,68709.0,744.0,30632.0,Auto,Self-employed,5,Good,0.192,259405.0,2.0,Lake Heather,CA,French Southern Territories,0.0,0,Low
40,Male,High School,Single,113018.0,694.0,22528.0,Auto,Self-employed,2,Excellent,0.1388,105155.0,4.0,Danielburgh,MI,Monaco,1.0,2,Low
47,Male,Master's,Divorced,112643.0,632.0,49077.0,Auto,Unemployed,18,Poor,0.1344,52666.0,3.0,Port Terriville,WI,Falkland Islands (Malvinas),3.0,2,Low
21,Male,Bachelor's,Married,63968.0,720.0,14299.0,Personal,Unemployed,18,Poor,0.4754,164833.0,4.0,West Andreaview,TX,Kyrgyz Republic,2.0,1,Low
44,Male,PhD,Widowed,21979.0,704.0,32161.0,Auto,Unemployed,4,Poor,0.5221,267225.0,3.0,Lindabury,SC,Venezuela,0.0,0,Low
61,Female,Bachelor's,Married,51232.0,757.0,28361.0,Auto,Self-employed,15,Good,0.1526,98999.0,0.0,Jeffreyville,WY,Estonia,4.0,2,Medium
39,Non-binary,Master's,Divorced,50480.0,688.0,39797.0,Personal,Self-employed,8,Excellent,0.4673,216161.0,0.0,Dorseyville,UT,Burundi,0.0,1,Low
25,Female,PhD,Widowed,24334.0,760.0,21202.0,Home,Unemployed,13,Good,0.2171,66813.0,3.0,Jessicaland,PA,Romania,2.0,2,Medium
67,Female,PhD,Married,60797.0,697.0,17248.0,Auto,Unemployed,18,Good,0.1422,66499.0,2.0,Claytonfort,MD,Dominica,0.0,2,High
30,Non-binary,Master's,Single,74515.0,711.0,23961.0,Business,Employed,12,Fair,0.5608,193579.0,0.0,Rachelside,IN,Burkina Faso,2.0,1,Low
58,Non-binary,High School,Divorced,87807.0,693.0,8591.0,Auto,Employed,0,Poor,0.2405,257746.0,3.0,Jaymouth,NV,Poland,0.0,0,Low
20,Non-binary,High School,Single,82327.0,646.0,45828.0,Business,Self-employed,15,Fair,0.3998,272732.0,4.0,North Donaldfurt,IA,South Africa,1.0,2,Medium
53,Female,Bachelor's,Divorced,117119.0,639.0,11917.0,Auto,Self-employed,17,Fair,0.264,204968.0,3.0,Port Charles,AS,Lebanon,3.0,1,Medium
67,Female,PhD,Divorced,113479.0,785.0,13307.0,Auto,Self-employed,6,Good,0.1182,26473.0,2.0,South Mckenzie,MA,Kuwait,2.0,2,High
46,Non-binary,High School,Single,84990.0,779.0,31365.0,Personal,Employed,8,Poor,0.1158,148430.0,2.0,Turnerport,OH,Cameroon,3.0,1,Medium
54,Female,High School,Divorced,83123.0,685.0,30981.0,Home,Employed,10,Excellent,0.3294,241771.0,3.0,Lake Michael,WY,Dominican Republic,0.0,2,Low
46,Female,Bachelor's,Widowed,118075.0,642.0,10846.0,Personal,Self-employed,7,Poor,0.2853,22056.0,0.0,Jamesville,IA,Kiribati,1.0,1,Low
48,Non-binary,High School,Widowed,104291.0,797.0,23975.0,Personal,Employed,9,Excellent,0.4778,268551.0,1.0,East Danielshire,WA,Qatar,2.0,1,Medium
19,Male,High School,Widowed,99382.0,785.0,27368.0,Home,Unemployed,18,Poor,0.2689,280798.0,4.0,South Erica,ME,Albania,2.0,1,Low
65,Non-binary,Master's,Married,92439.0,731.0,38186.0,Auto,Unemployed,2,Poor,0.4435,22774.0,4.0,Perryburgh,LA,Samoa,2.0,2,Low
56,Female,Master's,Single,93916.0,761.0,21257.0,Home,Employed,8,Poor,0.5069,202114.0,4.0,Forbesville,MH,Greenland,1.0,2,Low
68,Non-binary,Master's,Divorced,109017.0,793.0,13806.0,Home,Unemployed,4,Excellent,0.5573,131879.0,2.0,New Christian,ME,Saint Kitts and Nevis,3.0,2,Medium
56,Female,PhD,Single,88582.0,690.0,17146.0,Home,Employed,16,Good,0.306,53996.0,2.0,New Darryltown,WY,Paraguay,2.0,2,Low
66,Male,Master's,Single,29290.0,735.0,47903.0,Auto,Self-employed,7,Poor,0.4315,288207.0,2.0,Jacobshire,PW,Gabon,1.0,0,Low
37,Male,High School,Single,89072.0,773.0,7923.0,Home,Unemployed,6,Poor,0.3745,72653.0,1.0,Edwardbury,NE,Singapore,1.0,1,Low
39,Female,Master's,Married,62974.0,601.0,22827.0,Business,Self-employed,5,Good,0.3021,207787.0,0.0,Aprilstad,ND,Gambia,4.0,2,Low
66,Non-binary,Bachelor's,Married,101136.0,772.0,34888.0,Auto,Employed,11,Poor,0.5017,114090.0,1.0,East Catherineside,IN,Russian Federation,1.0,0,Low
25,Non-binary,PhD,Married,72268.0,613.0,14863.0,Business,Self-employed,15,Excellent,0.3218,279136.0,0.0,Port Nathan,GU,Armenia,1.0,1,Low
46,Male,PhD,Single,35396.0,788.0,41782.0,Business,Employed,14,Excellent,0.3202,297636.0,0.0,North Joshuaville,GA,Malaysia,2.0,2,Medium
35,Male,Master's,Divorced,90342.0,774.0,20286.0,Home,Self-employed,1,Good,0.5243,91941.0,3.0,Woodberg,MH,Guyana,0.0,0,Medium
69,Male,High School,Widowed,96557.0,611.0,28231.0,Auto,Employed,13,Good,0.4664,57656.0,1.0,West Rodney,IL,Saint Barthelemy,0.0,2,Medium
37,Female,Master's,Married,92123.0,694.0,40536.0,Home,Employed,11,Good,0.1256,45160.0,2.0,Wrightland,LA,Vanuatu,0.0,1,Low
43,Female,High School,Single,91439.0,676.0,17383.0,Business,Self-employed,2,Fair,0.2539,80409.0,4.0,Simsview,OH,Ukraine,4.0,2,Medium
57,Female,Master's,Divorced,96000.0,772.0,13773.0,Home,Self-employed,7,Excellent,0.296,38112.0,4.0,Ricechester,NH,Zambia,2.0,0,High
46,Non-binary,Bachelor's,Single,78581.0,721.0,40790.0,Personal,Employed,13,Excellent,0.1691,188680.0,4.0,Whiteside,MP,United Kingdom,2.0,1,Low
60,Female,Bachelor's,Single,57116.0,747.0,19045.0,Home,Unemployed,8,Excellent,0.3703,109428.0,4.0,Allenbury,DC,Macao,2.0,2,Low
29,Non-binary,Master's,Widowed,83397.0,775.0,33318.0,Auto,Self-employed,16,Fair,0.1848,110401.0,2.0,North Ashleyborough,MO,Australia,4.0,1,Low
63,Non-binary,Bachelor's,Single,72147.0,685.0,32153.0,Auto,Self-employed,12,Good,0.2995,118975.0,4.0,Ballardland,KS,Holy See (Vatican City State),4.0,2,Low
37,Female,Master's,Single,115002.0,737.0,8903.0,Business,Self-employed,7,Poor,0.2699,47859.0,1.0,Allisonmouth,WV,San Marino,3.0,1,Low
43,Non-binary,Master's,Divorced,81775.0,624.0,45033.0,Home,Unemployed,5,Good,0.5223,108206.0,2.0,Lake Teresa,IA,Yemen,4.0,0,Medium
65,Male,High School,Divorced,35389.0,748.0,19991.0,Home,Employed,10,Excellent,0.1946,84702.0,4.0,North Williamberg,ID,Ghana,0.0,1,Low
33,Male,High School,Widowed,33746.0,671.0,34995.0,Home,Employed,6,Fair,0.2951,292460.0,2.0,Timothyhaven,AK,British Indian Ocean Territory (Chagos Archipelago),2.0,1,Medium
39,Female,PhD,Married,108598.0,759.0,14350.0,Business,Employed,1,Poor,0.3669,236433.0,1.0,Williamsmouth,NV,Netherlands,2.0,0,High
22,Male,High School,Married,90908.0,654.0,36300.0,Auto,Employed,14,Poor,0.1314,59977.0,0.0,North Jeffreymouth,PW,Bahamas,0.0,2,Medium
68,Non-binary,Master's,Divorced,33570.0,678.0,9409.0,Business,Employed,17,Poor,0.3088,281623.0,1.0,Port Jenniferstad,NM,El Salvador,2.0,1,Medium
30,Female,Master's,Widowed,47940.0,780.0,27408.0,Home,Unemployed,3,Fair,0.2871,251133.0,4.0,Port Lisa,MN,Saint Helena,4.0,2,Medium
50,Non-binary,High School,Married,105151.0,766.0,33842.0,Business,Self-employed,14,Poor,0.5239,224759.0,0.0,Dawntown,PR,Jersey,0.0,2,Medium
23,Female,PhD,Widowed,115802.0,641.0,25028.0,Auto,Unemployed,3,Fair,0.5477,96075.0,1.0,West Ginaton,TN,Palau,0.0,2,High
22,Female,Master's,Single,91148.0,647.0,12284.0,Auto,Self-employed,17,Poor,0.5766,73869.0,4.0,Ortegahaven,SD,Anguilla,4.0,2,Medium
25,Male,PhD,Married,41676.0,730.0,9481.0,Business,Unemployed,8,Fair,0.467,253049.0,1.0,Shirleyport,OR,Germany,0.0,2,Low
29,Female,PhD,Single,104683.0,634.0,36962.0,Business,Self-employed,10,Good,0.571,197326.0,2.0,Coryshire,CT,Albania,3.0,1,Medium
25,Female,High School,Married,118267.0,742.0,10133.0,Business,Self-employed,16,Good,0.3781,153018.0,2.0,Lake Valerie,PR,Andorra,3.0,2,High
55,Non-binary,High School,Widowed,65167.0,747.0,21978.0,Personal,Self-employed,3,Good,0.4373,102236.0,3.0,Port Mitchellstad,VA,Nicaragua,0.0,2,Low
46,Non-binary,PhD,Single,25037.0,635.0,16593.0,Business,Employed,17,Excellent,0.456,279984.0,2.0,Huffmanton,SD,Bouvet Island (Bouvetoya),0.0,1,Low
35,Female,High School,Divorced,30691.0,634.0,44656.0,Auto,Unemployed,3,Poor,0.3318,279006.0,1.0,Matthewborough,NE,Ecuador,3.0,0,Low
64,Non-binary,Bachelor's,Divorced,57525.0,689.0,41918.0,Personal,Employed,18,Fair,0.1005,141507.0,0.0,Jameston,MN,Malawi,2.0,2,High
35,Male,Bachelor's,Single,33601.0,749.0,12443.0,Personal,Employed,2,Poor,0.4091,22645.0,4.0,North Eric,MD,Togo,0.0,0,Low
59,Male,Bachelor's,Widowed,37426.0,775.0,43763.0,Auto,Employed,4,Good,0.5574,59775.0,0.0,West Savannahland,OH,Qatar,0.0,2,Low
38,Male,Master's,Single,62721.0,631.0,48001.0,Personal,Unemployed,5,Excellent,0.5466,291989.0,2.0,East Scott,DE,Sudan,4.0,1,Low
56,Female,Bachelor's,Married,55983.0,631.0,44318.0,Personal,Unemployed,19,Excellent,0.2924,141674.0,4.0,Thomastown,AS,Cote d'Ivoire,4.0,0,Low
42,Male,Master's,Widowed,30707.0,666.0,21315.0,Home,Self-employed,1,Fair,0.1659,261256.0,0.0,Jessicafort,VA,Estonia,3.0,1,Low
44,Female,High School,Single,57677.0,648.0,5580.0,Home,Employed,0,Poor,0.5035,162346.0,4.0,South Veronicabury,FL,Kazakhstan,2.0,0,Low
50,Non-binary,PhD,Single,75839.0,664.0,10642.0,Auto,Self-employed,1,Good,0.2593,183112.0,0.0,West Williamburgh,RI,French Guiana,4.0,0,Low
58,Female,Master's,Divorced,58622.0,617.0,32139.0,Home,Self-employed,4,Fair,0.1319,223220.0,0.0,Deborahchester,ME,Malawi,0.0,1,Low
69,Non-binary,PhD,Divorced,59242.0,782.0,44752.0,Auto,Self-employed,5,Excellent,0.4995,21925.0,3.0,Port Monica,ND,Bangladesh,4.0,2,Low
65,Female,High School,Divorced,47678.0,748.0,8672.0,Personal,Self-employed,15,Good,0.3779,148753.0,2.0,Gonzalezberg,DE,Senegal,3.0,0,Low
67,Male,Bachelor's,Widowed,92981.0,723.0,29427.0,Auto,Employed,13,Fair,0.1085,113940.0,2.0,New Gregory,NJ,Eritrea,0.0,0,Medium
25,Non-binary,PhD,Married,30965.0,665.0,43125.0,Home,Self-employed,5,Good,0.4386,281792.0,4.0,Port Lindsay,SC,Nauru,4.0,0,Low
65,Male,High School,Single,80539.0,632.0,37879.0,Business,Self-employed,11,Poor,0.2524,259661.0,1.0,Floreschester,TN,Aruba,3.0,1,Medium
48,Female,High School,Widowed,60324.0,729.0,17505.0,Home,Unemployed,7,Excellent,0.1408,206282.0,0.0,Lake James,KY,New Caledonia,0.0,2,High
22,Non-binary,Bachelor's,Single,95857.0,658.0,6774.0,Business,Employed,9,Poor,0.279,125841.0,1.0,North Ravenside,GU,Kuwait,1.0,0,Low
65,Male,High School,Single,93757.0,608.0,25931.0,Business,Employed,7,Good,0.5213,159889.0,0.0,North Kimberlychester,CT,Gambia,4.0,0,Low
60,Non-binary,High School,Widowed,32679.0,767.0,10823.0,Personal,Self-employed,6,Excellent,0.4996,99330.0,0.0,Cruzfort,AR,Syrian Arab Republic,3.0,1,Medium
62,Female,Master's,Married,52784.0,605.0,37284.0,Auto,Self-employed,3,Excellent,0.4276,217121.0,0.0,East Lukebury,PR,Bermuda,4.0,0,Medium
31,Male,Master's,Divorced,107189.0,605.0,32427.0,Home,Self-employed,15,Fair,0.5954,125402.0,0.0,East Christinaport,WA,Guinea-Bissau,2.0,1,High
25,Male,Bachelor's,Married,80483.0,796.0,24203.0,Personal,Self-employed,6,Poor,0.2627,278336.0,4.0,East Crystaltown,MP,Moldova,0.0,2,Low
65,Female,High School,Widowed,77300.0,689.0,46088.0,Business,Unemployed,5,Good,0.2955,268593.0,0.0,Jillborough,IL,Georgia,0.0,1,High
52,Female,Master's,Divorced,22977.0,701.0,33836.0,Personal,Unemployed,6,Fair,0.3614,85719.0,2.0,Roachside,NV,Rwanda,0.0,2,Low
23,Female,PhD,Widowed,39897.0,764.0,22608.0,Auto,Employed,15,Excellent,0.5812,195177.0,3.0,Port Kelly,TX,Cambodia,1.0,1,Low
50,Non-binary,Master's,Married,92836.0,673.0,46620.0,Home,Employed,5,Poor,0.5614,251569.0,4.0,Mariaville,PA,Norfolk Island,3.0,2,High
43,Male,Master's,Single,58787.0,646.0,31086.0,Auto,Employed,10,Excellent,0.4325,31036.0,0.0,Williamstown,MH,Papua New Guinea,3.0,2,Medium
21,Female,Bachelor's,Married,91713.0,634.0,22926.0,Home,Employed,0,Good,0.4874,267473.0,0.0,Charleschester,TX,Thailand,0.0,0,Low
39,Male,Bachelor's,Married,25446.0,772.0,20674.0,Business,Unemployed,0,Fair,0.1887,90685.0,1.0,Hallfurt,PW,Suriname,3.0,0,Low
32,Non-binary,PhD,Divorced,21705.0,768.0,23232.0,Home,Employed,3,Fair,0.446,200972.0,3.0,North Erica,CO,Serbia,0.0,2,High
51,Male,Master's,Married,25839.0,631.0,19454.0,Auto,Employed,7,Poor,0.1144,160156.0,3.0,Nicolebury,OK,Myanmar,2.0,0,Low
38,Non-binary,High School,Widowed,106496.0,771.0,8612.0,Auto,Employed,12,Good,0.3001,41264.0,2.0,Rogersmouth,OK,Oman,2.0,1,Low
56,Non-binary,PhD,Widowed,93885.0,761.0,31810.0,Personal,Unemployed,4,Fair,0.5925,218768.0,3.0,Port Michaelport,TN,Oman,3.0,2,Low
67,Female,Master's,Married,59978.0,709.0,9222.0,Auto,Unemployed,1,Poor,0.2154,191011.0,2.0,Kyleland,OH,Philippines,2.0,0,Low
46,Male,Master's,Single,77055.0,735.0,45907.0,Personal,Self-employed,4,Good,0.3149,241939.0,0.0,Riceshire,MD,Bhutan,3.0,1,Low
58,Non-binary,Master's,Divorced,43082.0,729.0,29256.0,Auto,Employed,5,Fair,0.3135,59970.0,4.0,Sarahport,PW,Switzerland,3.0,1,Medium
39,Male,Master's,Widowed,30246.0,764.0,6493.0,Home,Employed,1,Good,0.2489,27380.0,3.0,Port Nicholas,VA,Dominican Republic,2.0,2,Low
50,Non-binary,PhD,Widowed,31338.0,753.0,45245.0,Auto,Self-employed,4,Good,0.2522,242829.0,0.0,Taylorbury,ND,United States of America,0.0,0,Medium
60,Non-binary,High School,Divorced,20969.0,623.0,6124.0,Personal,Employed,9,Good,0.3291,34172.0,4.0,Port Tina,SC,Italy,2.0,0,Medium
57,Male,Master's,Single,76078.0,661.0,28953.0,Auto,Self-employed,15,Excellent,0.2097,214813.0,1.0,Sylviafurt,OK,Cuba,2.0,1,Low
30,Male,Master's,Divorced,29623.0,631.0,13143.0,Business,Unemployed,2,Poor,0.1576,107045.0,1.0,Rosshaven,NH,Serbia,2.0,1,Low
56,Male,High School,Divorced,67411.0,691.0,44880.0,Personal,Employed,0,Poor,0.3806,225610.0,3.0,North Alyssafort,CO,Senegal,1.0,0,Low
60,Non-binary,Master's,Single,53069.0,610.0,8894.0,Personal,Self-employed,4,Poor,0.1338,198807.0,0.0,South Kelly,WA,Saint Lucia,2.0,0,Low
51,Non-binary,Master's,Married,95396.0,694.0,22330.0,Personal,Self-employed,18,Poor,0.2653,196118.0,0.0,New Elizabethmouth,MP,Gabon,0.0,0,Low
51,Male,Bachelor's,Widowed,99566.0,776.0,24904.0,Personal,Self-employed,13,Good,0.5554,278838.0,0.0,Amandaville,MT,Dominican Republic,0.0,0,Low
65,Non-binary,High School,Single,40828.0,686.0,23119.0,Business,Unemployed,1,Fair,0.1085,144001.0,1.0,Port Lonnie,KS,Wallis and Futuna,3.0,2,Medium
46,Male,Bachelor's,Widowed,57710.0,709.0,28488.0,Auto,Unemployed,17,Excellent,0.4841,158583.0,3.0,East Jacquelineville,IA,Solomon Islands,2.0,0,Low
50,Female,Master's,Married,91192.0,705.0,33844.0,Home,Unemployed,16,Fair,0.2601,30397.0,0.0,Ginachester,OH,Grenada,1.0,0,Medium
33,Non-binary,High School,Married,71599.0,773.0,20638.0,Auto,Self-employed,3,Fair,0.1414,127854.0,3.0,Nancyfort,MD,Macao,2.0,1,Medium
56,Male,Bachelor's,Single,106127.0,642.0,6626.0,Business,Self-employed,5,Good,0.1597,184753.0,1.0,West Sandy,AK,South Georgia and the South Sandwich Islands,2.0,0,Medium
66,Non-binary,High School,Married,71843.0,610.0,33671.0,Home,Self-employed,0,Fair,0.3633,88386.0,4.0,East Jasmine,IA,Namibia,0.0,0,Low
47,Female,Bachelor's,Divorced,27855.0,714.0,22924.0,Auto,Employed,18,Excellent,0.5611,245570.0,0.0,Rubenchester,TX,Brazil,1.0,1,Medium
25,Female,Bachelor's,Single,62591.0,703.0,37315.0,Business,Employed,19,Poor,0.4036,267696.0,1.0,Frazierton,LA,Guyana,3.0,0,Medium
31,Non-binary,Master's,Married,22693.0,618.0,48819.0,Auto,Unemployed,18,Poor,0.5453,61380.0,1.0,Christinafurt,TX,Armenia,2.0,0,Low
59,Non-binary,Master's,Married,88095.0,636.0,49173.0,Auto,Unemployed,1,Good,0.4505,274870.0,4.0,Manningshire,WV,Burundi,3.0,1,High
55,Non-binary,High School,Married,44883.0,740.0,28486.0,Home,Unemployed,10,Excellent,0.3868,165329.0,0.0,West Desireeton,NV,Kenya,2.0,0,Low
22,Non-binary,Master's,Divorced,58278.0,708.0,26441.0,Personal,Self-employed,6,Poor,0.1528,178004.0,2.0,Bobbymouth,PW,Cayman Islands,4.0,2,Low
69,Non-binary,Bachelor's,Divorced,87680.0,684.0,46103.0,Business,Self-employed,4,Poor,0.4561,79483.0,0.0,Haleyburgh,OK,Sao Tome and Principe,4.0,2,Low
20,Male,High School,Divorced,119134.0,719.0,17765.0,Business,Unemployed,0,Fair,0.1448,260164.0,4.0,West Tylerton,AK,Austria,0.0,1,Medium
39,Non-binary,Master's,Married,67405.0,744.0,5440.0,Auto,Self-employed,2,Excellent,0.3277,247547.0,4.0,Lisaview,OR,Gabon,0.0,2,Medium
20,Male,Master's,Married,21320.0,689.0,17350.0,Personal,Self-employed,16,Poor,0.2092,280603.0,3.0,Jordanton,PR,Liberia,4.0,0,Low
37,Non-binary,PhD,Widowed,91632.0,635.0,26420.0,Personal,Self-employed,2,Poor,0.3389,292807.0,4.0,Chadton,NE,Ukraine,0.0,0,Medium
45,Female,PhD,Widowed,104764.0,725.0,25357.0,Home,Unemployed,1,Good,0.1494,100787.0,1.0,West Samanthaport,MO,Bhutan,3.0,0,Medium
24,Non-binary,PhD,Widowed,77235.0,745.0,21561.0,Personal,Employed,13,Poor,0.4787,231415.0,4.0,Michaelberg,OR,France,2.0,2,Medium
68,Male,PhD,Divorced,39693.0,790.0,30117.0,Auto,Unemployed,3,Poor,0.2136,20199.0,3.0,Port Joshuaville,PW,Kazakhstan,1.0,0,Low
51,Female,Master's,Divorced,117204.0,798.0,6753.0,Business,Self-employed,14,Poor,0.56,197306.0,1.0,East Robertshire,CO,United Kingdom,0.0,2,Low
51,Non-binary,High School,Single,110426.0,627.0,5787.0,Home,Self-employed,5,Excellent,0.5436,216555.0,1.0,North Michael,MH,Saint Martin,0.0,0,Low
42,Non-binary,PhD,Divorced,88230.0,791.0,12587.0,Personal,Self-employed,14,Fair,0.2648,148574.0,3.0,North Bailey,KS,Latvia,4.0,0,High
49,Female,Bachelor's,Widowed,42735.0,693.0,35460.0,Business,Employed,9,Poor,0.2494,222338.0,3.0,Vanessaport,NE,Armenia,0.0,0,Medium
21,Male,Bachelor's,Married,103227.0,727.0,5857.0,Personal,Self-employed,15,Fair,0.5601,265503.0,4.0,North Maureenside,NJ,American Samoa,2.0,2,Medium
51,Male,PhD,Divorced,35455.0,689.0,11244.0,Home,Employed,6,Excellent,0.4349,53889.0,0.0,South David,IA,Lao People's Democratic Republic,3.0,1,Medium
29,Male,Bachelor's,Married,102782.0,676.0,22451.0,Home,Employed,8,Excellent,0.1625,290438.0,3.0,New Jamesburgh,HI,Malawi,1.0,2,High
39,Male,High School,Single,43574.0,610.0,32520.0,Business,Unemployed,19,Good,0.3353,96780.0,0.0,New Ashleyshire,UT,Albania,3.0,2,Low
36,Non-binary,Master's,Divorced,65819.0,688.0,39769.0,Auto,Unemployed,16,Good,0.4565,195955.0,1.0,Hubbardview,FL,Peru,4.0,1,Medium
25,Male,Bachelor's,Single,55162.0,639.0,25592.0,Business,Unemployed,7,Good,0.2114,137826.0,4.0,Port Brian,AR,Benin,2.0,2,Low
28,Non-binary,High School,Single,54678.0,661.0,13142.0,Personal,Self-employed,16,Excellent,0.5662,148254.0,1.0,Hallhaven,VI,Libyan Arab Jamahiriya,0.0,2,Low
61,Non-binary,Bachelor's,Widowed,62589.0,652.0,21176.0,Home,Self-employed,6,Poor,0.2732,291151.0,0.0,Port Chrisshire,WY,Seychelles,4.0,2,Low
41,Male,PhD,Widowed,36972.0,727.0,16044.0,Home,Unemployed,1,Poor,0.3823,105329.0,3.0,Hancockbury,MD,Uruguay,2.0,2,Medium
58,Female,PhD,Single,108116.0,686.0,11567.0,Business,Employed,7,Fair,0.3241,76928.0,4.0,Turnerberg,CA,Benin,3.0,1,Low
45,Female,Master's,Widowed,22631.0,650.0,5987.0,Business,Unemployed,11,Poor,0.1298,171255.0,4.0,Loganmouth,PA,Sao Tome and Principe,3.0,0,Low
44,Female,High School,Married,94374.0,734.0,17225.0,Personal,Employed,9,Good,0.1112,262453.0,1.0,Jenkinshaven,DC,British Indian Ocean Territory (Chagos Archipelago),0.0,2,Medium
40,Non-binary,Bachelor's,Single,69744.0,771.0,23470.0,Personal,Unemployed,4,Good,0.4638,39976.0,0.0,Millerview,AR,Somalia,0.0,1,Low
61,Female,Master's,Widowed,117222.0,663.0,8462.0,Business,Employed,5,Excellent,0.1959,206767.0,2.0,Lake Anna,VI,Sierra Leone,3.0,1,Medium
26,Female,Master's,Married,25351.0,703.0,35886.0,Home,Unemployed,2,Fair,0.4873,96192.0,2.0,Sharonfort,AK,Guernsey,1.0,0,Medium
29,Female,PhD,Divorced,84555.0,735.0,40341.0,Personal,Employed,18,Excellent,0.5577,49334.0,1.0,Hessstad,VI,Bahrain,0.0,0,Low
25,Non-binary,Bachelor's,Single,66840.0,712.0,45817.0,Home,Employed,5,Excellent,0.2118,70792.0,1.0,Justinport,NJ,Turkmenistan,3.0,1,Low
21,Male,Master's,Single,46283.0,635.0,35323.0,Home,Employed,14,Excellent,0.144,128721.0,1.0,Ericburgh,MI,Albania,3.0,1,Low
40,Female,Master's,Married,35797.0,612.0,48128.0,Business,Employed,5,Fair,0.5748,233648.0,2.0,North Angelastad,WV,Palestinian Territory,2.0,2,Low
39,Non-binary,Master's,Married,23554.0,718.0,46249.0,Home,Self-employed,8,Good,0.4797,131541.0,3.0,New Margaret,NJ,American Samoa,0.0,1,Medium
28,Male,High School,Married,90509.0,613.0,44630.0,Personal,Employed,12,Fair,0.3945,271999.0,2.0,North Stephanie,PW,Gabon,2.0,0,Medium
54,Female,High School,Single,101574.0,706.0,21992.0,Business,Self-employed,18,Poor,0.5341,68792.0,4.0,Hunterfurt,WY,Spain,1.0,2,Low
20,Female,PhD,Single,68372.0,672.0,17949.0,Business,Self-employed,19,Good,0.524,22732.0,4.0,Andrewmouth,SD,Faroe Islands,4.0,0,Low
42,Male,High School,Widowed,118706.0,675.0,13272.0,Business,Employed,13,Fair,0.4333,119319.0,2.0,Kevinfort,WV,Mali,0.0,2,Low
45,Non-binary,PhD,Widowed,59587.0,697.0,18147.0,Business,Unemployed,9,Poor,0.5003,70970.0,3.0,Lake Jennifer,CA,Wallis and Futuna,0.0,0,High
69,Female,High School,Divorced,58723.0,736.0,40898.0,Home,Employed,15,Fair,0.3422,126115.0,1.0,Kaylaland,MH,Honduras,3.0,1,Medium
66,Female,Master's,Widowed,116542.0,732.0,41342.0,Personal,Self-employed,15,Good,0.3644,216669.0,2.0,Jamesville,DE,Japan,1.0,1,Medium
53,Non-binary,Master's,Divorced,60641.0,636.0,12506.0,Home,Self-employed,13,Fair,0.4761,20938.0,0.0,Bryceton,IA,Mali,2.0,1,Low
50,Non-binary,PhD,Single,51977.0,707.0,46638.0,Home,Unemployed,13,Good,0.3586,216771.0,1.0,Harveybury,IL,Paraguay,2.0,1,Medium
67,Non-binary,PhD,Divorced,76899.0,780.0,48485.0,Business,Employed,17,Poor,0.4094,248014.0,3.0,Brendaville,UT,Andorra,2.0,1,High
56,Non-binary,PhD,Divorced,81630.0,694.0,46571.0,Auto,Unemployed,3,Poor,0.3653,287294.0,2.0,Josephtown,OH,Singapore,0.0,1,Medium
65,Non-binary,Bachelor's,Divorced,94586.0,794.0,29131.0,Auto,Employed,5,Good,0.525,127165.0,2.0,Rubiofort,DE,Cote d'Ivoire,3.0,2,Low
33,Male,PhD,Divorced,113445.0,786.0,49221.0,Personal,Unemployed,10,Excellent,0.3508,95489.0,2.0,East Jonathanchester,UT,Kenya,3.0,1,Medium
62,Non-binary,Bachelor's,Married,33580.0,715.0,28132.0,Personal,Unemployed,3,Poor,0.1126,157009.0,3.0,Lake Micheal,WY,Serbia,4.0,0,Low
29,Female,Master's,Single,73326.0,673.0,6321.0,Home,Unemployed,4,Fair,0.3264,67836.0,3.0,Clayland,MP,United Arab Emirates,1.0,1,Low
66,Male,PhD,Single,66390.0,778.0,44361.0,Personal,Employed,7,Excellent,0.2415,72425.0,0.0,Johnbury,GA,Italy,2.0,0,Low
48,Male,PhD,Widowed,31226.0,657.0,48782.0,Personal,Unemployed,3,Fair,0.3066,225269.0,2.0,Joshuaside,GU,New Caledonia,4.0,1,Low
62,Female,High School,Divorced,88446.0,701.0,23405.0,Auto,Self-employed,3,Poor,0.5903,279604.0,2.0,New Sean,NC,Finland,1.0,2,Medium
32,Female,Bachelor's,Single,85231.0,745.0,47991.0,Personal,Employed,17,Fair,0.1375,240946.0,4.0,New Danielstad,RI,Saint Pierre and Miquelon,2.0,2,Low
46,Non-binary,Master's,Divorced,52771.0,737.0,24813.0,Home,Employed,13,Fair,0.4618,293787.0,1.0,Woodport,CT,Nicaragua,3.0,2,Medium
48,Female,High School,Married,114805.0,761.0,26116.0,Home,Unemployed,16,Excellent,0.2687,150959.0,1.0,Josefort,NY,New Caledonia,2.0,0,Low
48,Female,Bachelor's,Widowed,65073.0,639.0,27898.0,Auto,Self-employed,0,Excellent,0.4997,32999.0,2.0,Juanton,KS,Armenia,2.0,2,Low
33,Female,Bachelor's,Widowed,58135.0,605.0,16523.0,Auto,Employed,2,Excellent,0.2441,251133.0,4.0,Matthewsmouth,AK,Madagascar,0.0,0,Low
61,Non-binary,PhD,Married,49123.0,722.0,47075.0,Business,Unemployed,10,Excellent,0.5334,216618.0,2.0,West Christopher,VI,Paraguay,1.0,0,Medium
67,Male,Bachelor's,Married,58377.0,740.0,15007.0,Auto,Unemployed,6,Poor,0.3311,222326.0,1.0,West Jacquelineview,VI,Myanmar,0.0,2,Medium
22,Female,Bachelor's,Divorced,56884.0,763.0,27121.0,Business,Employed,2,Poor,0.3926,65110.0,0.0,Cookfurt,CA,Congo,1.0,2,Low
65,Male,Bachelor's,Widowed,23841.0,669.0,31559.0,Home,Self-employed,11,Poor,0.4516,183969.0,4.0,Paulbury,IN,Sierra Leone,4.0,0,Medium
31,Female,Master's,Divorced,77782.0,788.0,14872.0,Business,Self-employed,11,Excellent,0.1267,273876.0,0.0,North Sandrabury,IA,Singapore,0.0,1,Medium
43,Male,PhD,Divorced,78570.0,757.0,40299.0,Auto,Self-employed,14,Good,0.1685,204417.0,4.0,North Stephen,WY,San Marino,0.0,0,Medium
67,Female,PhD,Married,30952.0,664.0,43907.0,Personal,Unemployed,2,Good,0.1186,52688.0,0.0,East Kristinborough,UT,Gibraltar,3.0,0,Low
26,Male,PhD,Widowed,47924.0,695.0,47424.0,Home,Self-employed,18,Good,0.5295,246793.0,4.0,Port Seanhaven,MP,Antigua and Barbuda,4.0,0,Low
37,Male,High School,Single,92870.0,640.0,33783.0,Home,Unemployed,9,Fair,0.1442,118212.0,0.0,West Victorialand,WA,Guinea-Bissau,2.0,1,Low
34,Female,High School,Married,61411.0,619.0,11363.0,Auto,Employed,6,Fair,0.2703,251066.0,3.0,North Kennethview,IA,Cayman Islands,0.0,2,Medium
37,Female,PhD,Single,108047.0,644.0,19202.0,Business,Employed,18,Poor,0.3772,179007.0,3.0,Michaelchester,ME,Kyrgyz Republic,3.0,0,Medium
20,Male,PhD,Married,35133.0,619.0,46606.0,Auto,Unemployed,16,Fair,0.4043,259686.0,0.0,Wardfort,VT,Brunei Darussalam,3.0,1,Medium
37,Non-binary,PhD,Married,27198.0,694.0,37996.0,Auto,Self-employed,1,Good,0.2319,225818.0,2.0,South Antonio,KS,Montserrat,4.0,0,Medium
68,Non-binary,PhD,Married,90323.0,742.0,13499.0,Business,Self-employed,19,Fair,0.4951,255744.0,2.0,Patriciashire,LA,Bangladesh,1.0,1,Low
23,Female,Bachelor's,Widowed,36838.0,735.0,25205.0,Home,Unemployed,7,Good,0.1089,214764.0,1.0,Port Bradley,CO,Canada,3.0,2,Medium
50,Male,High School,Widowed,25301.0,732.0,45104.0,Auto,Unemployed,19,Fair,0.4317,122335.0,3.0,Josephmouth,GA,Netherlands Antilles,3.0,0,Medium
36,Male,Bachelor's,Married,94327.0,729.0,18371.0,Auto,Self-employed,18,Good,0.4567,200846.0,3.0,North Jessica,MT,Colombia,1.0,0,Medium
43,Non-binary,High School,Widowed,44855.0,635.0,18285.0,Business,Employed,8,Fair,0.5256,149866.0,1.0,Port Sean,DE,Bahrain,4.0,1,Low
63,Male,Bachelor's,Single,76416.0,648.0,19646.0,Personal,Employed,17,Poor,0.5665,180842.0,3.0,Katelynton,CO,Palau,2.0,0,Low
38,Female,Master's,Divorced,56180.0,750.0,10861.0,Auto,Employed,3,Good,0.2762,268991.0,0.0,New Troy,TX,Armenia,3.0,1,Low
35,Male,PhD,Single,79481.0,663.0,37423.0,Business,Employed,3,Fair,0.1038,70561.0,3.0,Lake Paul,SC,Sudan,1.0,2,High
60,Non-binary,Bachelor's,Single,110409.0,702.0,18878.0,Business,Employed,8,Fair,0.2569,109757.0,0.0,North Travis,PR,Fiji,0.0,0,Medium
44,Female,Master's,Divorced,56102.0,756.0,6877.0,Auto,Unemployed,14,Good,0.3164,63969.0,2.0,East Nicholasland,WY,United States of America,1.0,2,High
50,Male,Bachelor's,Widowed,29820.0,678.0,19318.0,Business,Self-employed,4,Excellent,0.2392,135251.0,3.0,South Alexandra,AL,Sudan,0.0,2,Low
30,Non-binary,PhD,Married,80709.0,712.0,44992.0,Business,Employed,17,Poor,0.3114,182425.0,4.0,Lake Ginaberg,OH,Thailand,4.0,0,Low
67,Male,PhD,Married,78177.0,631.0,5768.0,Business,Self-employed,1,Excellent,0.4092,93108.0,1.0,Port Lauren,PR,Sudan,2.0,2,Low
56,Female,Bachelor's,Widowed,87733.0,615.0,43599.0,Business,Employed,8,Poor,0.1502,29951.0,4.0,Kimberlymouth,TN,South Georgia and the South Sandwich Islands,3.0,0,Medium
65,Female,High School,Divorced,43874.0,616.0,45856.0,Business,Unemployed,5,Good,0.4783,148149.0,2.0,Holmestown,MA,Sao Tome and Principe,4.0,1,Low
32,Non-binary,Master's,Divorced,37857.0,698.0,29770.0,Business,Self-employed,18,Excellent,0.5098,177789.0,1.0,North Victoriaton,NV,Christmas Island,3.0,1,Medium
47,Non-binary,High School,Married,30222.0,698.0,26203.0,Business,Self-employed,5,Poor,0.2904,255982.0,0.0,Port Anthonybury,DE,Philippines,2.0,0,Low
48,Female,Master's,Married,43426.0,698.0,16262.0,Home,Unemployed,4,Good,0.4403,107395.0,1.0,Cochranberg,PW,Samoa,0.0,0,High
64,Male,High School,Widowed,34323.0,647.0,41776.0,Auto,Employed,15,Poor,0.4442,143582.0,4.0,Brownport,IL,Brunei Darussalam,3.0,2,Low
48,Female,PhD,Widowed,63739.0,745.0,39890.0,Auto,Employed,4,Poor,0.3226,27609.0,4.0,Shannonview,KS,Barbados,2.0,2,High
25,Female,PhD,Single,92131.0,727.0,49729.0,Home,Employed,11,Fair,0.4626,288404.0,3.0,Lake John,MS,Gabon,0.0,1,High
42,Female,PhD,Widowed,31447.0,737.0,29414.0,Home,Self-employed,13,Poor,0.3651,121450.0,4.0,East Alan,OR,Monaco,2.0,0,Low
30,Non-binary,PhD,Single,97271.0,775.0,26555.0,Home,Self-employed,14,Poor,0.2013,290634.0,0.0,Wilcoxstad,NJ,Heard Island and McDonald Islands,2.0,0,High
56,Male,Bachelor's,Divorced,77109.0,695.0,31943.0,Home,Employed,6,Fair,0.2968,71010.0,2.0,East Maria,MS,British Indian Ocean Territory (Chagos Archipelago),2.0,1,Medium
40,Non-binary,High School,Divorced,38669.0,756.0,32531.0,Business,Employed,11,Excellent,0.5789,197669.0,2.0,New Charlesland,HI,Macao,2.0,0,Low
57,Non-binary,Master's,Married,107043.0,713.0,30297.0,Auto,Employed,9,Excellent,0.1453,189804.0,1.0,North Johnton,DE,Liechtenstein,1.0,0,Low
46,Non-binary,PhD,Single,31564.0,615.0,42394.0,Personal,Employed,8,Excellent,0.1327,226957.0,2.0,Port Robertville,GU,Slovakia (Slovak Republic),3.0,1,Low
43,Male,Bachelor's,Married,35457.0,738.0,33504.0,Business,Unemployed,3,Excellent,0.4761,34214.0,2.0,Wilsonstad,NM,Kiribati,3.0,0,Low
68,Female,PhD,Single,85138.0,658.0,20548.0,Personal,Unemployed,1,Excellent,0.1219,177180.0,2.0,New Joyce,MN,Equatorial Guinea,2.0,0,High
32,Non-binary,PhD,Single,112449.0,623.0,11938.0,Business,Self-employed,3,Poor,0.3807,218183.0,2.0,Grayland,OR,Switzerland,2.0,1,Low
40,Female,High School,Married,105140.0,763.0,11073.0,Personal,Unemployed,7,Good,0.1473,182223.0,1.0,Fernandezfort,NC,Egypt,1.0,0,Low
66,Female,High School,Single,89393.0,683.0,42187.0,Home,Employed,9,Excellent,0.3612,207792.0,1.0,Nelsonberg,NV,Svalbard & Jan Mayen Islands,3.0,0,Low
42,Non-binary,High School,Married,39322.0,705.0,39703.0,Auto,Unemployed,5,Poor,0.1282,124060.0,0.0,Jacobbury,NM,Korea,3.0,1,Low
52,Female,High School,Divorced,77290.0,626.0,9266.0,Business,Employed,12,Excellent,0.3354,81229.0,2.0,East Danielle,MS,British Indian Ocean Territory (Chagos Archipelago),3.0,0,Low
36,Female,Master's,Single,86171.0,643.0,43154.0,Auto,Employed,1,Good,0.5694,288905.0,4.0,Johnsonside,AL,Guatemala,2.0,1,Medium
53,Female,Master's,Divorced,35428.0,606.0,47023.0,Auto,Unemployed,0,Good,0.3396,174200.0,4.0,East Shaneberg,MN,India,4.0,2,Medium
45,Female,Master's,Married,68432.0,704.0,49793.0,Auto,Self-employed,9,Good,0.3419,261480.0,0.0,Angelicaborough,WA,Gibraltar,0.0,1,Low
67,Female,Bachelor's,Widowed,37171.0,788.0,24743.0,Auto,Unemployed,14,Fair,0.2637,22005.0,0.0,South Susanberg,NE,Germany,1.0,2,Medium
54,Male,Master's,Widowed,100096.0,729.0,45230.0,Personal,Self-employed,8,Poor,0.2274,62039.0,2.0,Lake Natalie,CT,Tunisia,3.0,0,Medium
42,Female,PhD,Single,39748.0,659.0,16070.0,Business,Employed,0,Excellent,0.4676,181954.0,4.0,Steventown,TX,Canada,0.0,1,Low
40,Female,Bachelor's,Married,43798.0,785.0,11035.0,Business,Employed,9,Excellent,0.2303,176865.0,3.0,North Kristinfurt,WV,Tuvalu,2.0,0,Low
44,Non-binary,High School,Divorced,33760.0,615.0,28070.0,Business,Unemployed,11,Fair,0.1933,203061.0,3.0,New Scottville,ID,Peru,2.0,2,Low
23,Non-binary,High School,Divorced,113238.0,759.0,9592.0,Personal,Unemployed,19,Excellent,0.3578,214659.0,1.0,Coxville,PW,Kyrgyz Republic,0.0,0,Low
53,Female,High School,Married,104564.0,691.0,12155.0,Home,Self-employed,16,Fair,0.2912,291257.0,2.0,Loriport,UT,Mauritania,3.0,0,Medium
18,Female,PhD,Divorced,87657.0,777.0,39198.0,Business,Employed,7,Poor,0.1862,39155.0,1.0,Andreatown,FL,Vietnam,4.0,1,Low
47,Non-binary,Bachelor's,Single,20526.0,603.0,35412.0,Personal,Self-employed,18,Good,0.2246,160994.0,0.0,Wilsonfurt,SC,Bangladesh,1.0,2,Low
44,Male,High School,Divorced,60558.0,760.0,41059.0,Home,Unemployed,7,Excellent,0.5607,115406.0,3.0,West Jackieport,IN,Brazil,0.0,2,High
21,Female,Bachelor's,Single,37443.0,770.0,38792.0,Home,Employed,6,Fair,0.1758,274954.0,4.0,South Whitneybury,MN,Grenada,1.0,0,Low
19,Non-binary,PhD,Married,66623.0,755.0,33963.0,Personal,Unemployed,12,Fair,0.5131,157601.0,2.0,Holderborough,VA,Cocos (Keeling) Islands,1.0,2,Medium
46,Male,PhD,Divorced,71025.0,719.0,41604.0,Personal,Unemployed,8,Fair,0.259,142774.0,4.0,Lake Melissatown,MH,Solomon Islands,3.0,1,High
69,Male,Master's,Divorced,60831.0,618.0,48377.0,Personal,Employed,0,Poor,0.2052,243564.0,4.0,Jonathanhaven,AS,Kazakhstan,4.0,2,High
23,Non-binary,PhD,Single,34378.0,602.0,30010.0,Home,Employed,7,Excellent,0.5137,61593.0,0.0,North Tracy,PR,Spain,4.0,2,Medium
57,Non-binary,High School,Single,116005.0,703.0,45676.0,Business,Self-employed,12,Fair,0.1013,256360.0,1.0,North Diane,KS,Malaysia,3.0,2,Low
40,Female,Master's,Single,33502.0,742.0,49510.0,Auto,Unemployed,2,Excellent,0.577,41574.0,3.0,New Elaine,KS,Austria,0.0,0,Medium
47,Male,Bachelor's,Married,21745.0,651.0,39740.0,Business,Unemployed,3,Poor,0.4235,137875.0,1.0,Ashleyton,ND,Palestinian Territory,0.0,0,Medium
54,Female,High School,Widowed,59566.0,661.0,39528.0,Auto,Employed,17,Fair,0.5171,167607.0,0.0,West Christopher,GA,Kazakhstan,0.0,0,Medium
66,Female,Bachelor's,Divorced,100446.0,625.0,37629.0,Home,Self-employed,1,Fair,0.2685,37300.0,2.0,North Johnfort,IL,Mongolia,1.0,1,Medium
45,Non-binary,High School,Married,65047.0,731.0,45003.0,Personal,Employed,16,Poor,0.2493,148707.0,2.0,New Robinburgh,CO,Seychelles,1.0,2,High
29,Male,Bachelor's,Divorced,107150.0,730.0,6808.0,Auto,Unemployed,11,Fair,0.4086,160496.0,4.0,West Herbertstad,MA,North Macedonia,1.0,0,Low
29,Female,High School,Divorced,65765.0,633.0,31301.0,Personal,Employed,0,Fair,0.56,204827.0,4.0,Gomezhaven,PR,Chad,2.0,0,Medium
33,Male,PhD,Divorced,60800.0,736.0,42754.0,Home,Self-employed,18,Good,0.2472,259714.0,3.0,Woodhaven,NM,Uganda,0.0,2,Low
64,Male,High School,Single,69987.0,669.0,35901.0,Home,Self-employed,5,Excellent,0.3888,160521.0,0.0,Port Andrewchester,AZ,Togo,1.0,2,Medium
45,Non-binary,High School,Widowed,78639.0,637.0,33772.0,Business,Unemployed,18,Fair,0.5852,217712.0,1.0,East Matthew,VI,Sudan,0.0,0,Low
33,Female,Master's,Married,112812.0,693.0,28655.0,Personal,Employed,4,Fair,0.1132,204939.0,2.0,Lake Shawn,ID,Dominican Republic,4.0,1,High
52,Female,Master's,Divorced,48429.0,753.0,16989.0,Home,Self-employed,18,Good,0.5843,288291.0,3.0,South Jamie,IA,North Macedonia,3.0,1,Medium
36,Male,Bachelor's,Divorced,30269.0,687.0,17204.0,Personal,Self-employed,15,Fair,0.2158,112360.0,4.0,New Debbieburgh,WV,Singapore,4.0,0,Medium
35,Male,PhD,Divorced,78602.0,636.0,35467.0,Business,Employed,6,Fair,0.3983,247822.0,0.0,West Ruben,OH,Suriname,0.0,2,High
55,Female,Bachelor's,Widowed,23830.0,727.0,8790.0,Personal,Unemployed,7,Good,0.5139,219328.0,1.0,Carmenberg,RI,Grenada,1.0,2,Low
61,Female,PhD,Married,77752.0,678.0,21228.0,Business,Unemployed,2,Poor,0.3793,53574.0,0.0,North Kyleview,VI,Colombia,0.0,1,Medium
31,Non-binary,Bachelor's,Divorced,80040.0,639.0,12817.0,Home,Unemployed,4,Fair,0.1639,102364.0,2.0,East Andrewtown,PW,Germany,2.0,1,Low
31,Female,Master's,Divorced,42778.0,654.0,36701.0,Personal,Self-employed,15,Good,0.5321,22123.0,4.0,Thomasstad,OH,Lebanon,2.0,1,Low
31,Non-binary,Master's,Divorced,88264.0,677.0,21723.0,Auto,Unemployed,10,Poor,0.5552,214746.0,0.0,North Rebeccaburgh,FL,Anguilla,2.0,2,Low
54,Male,Master's,Widowed,35162.0,686.0,29053.0,Home,Employed,18,Poor,0.4126,68160.0,0.0,Davidburgh,ND,Libyan Arab Jamahiriya,4.0,1,Low
39,Non-binary,Bachelor's,Divorced,115195.0,741.0,19898.0,Personal,Self-employed,17,Good,0.1281,217560.0,2.0,Brandonshire,MP,Russian Federation,3.0,0,Low
60,Female,Master's,Widowed,24870.0,693.0,33899.0,Home,Self-employed,8,Fair,0.1842,235986.0,4.0,Robertville,DE,Burkina Faso,3.0,2,Low
45,Male,Master's,Married,94420.0,635.0,49608.0,Home,Self-employed,14,Excellent,0.2799,257646.0,4.0,Lopezfurt,WY,Lithuania,1.0,2,Low
47,Female,PhD,Single,53580.0,628.0,35978.0,Auto,Self-employed,19,Excellent,0.5994,126190.0,2.0,Reyestown,IA,Heard Island and McDonald Islands,1.0,1,Medium
28,Male,Master's,Divorced,85285.0,689.0,7754.0,Business,Self-employed,5,Poor,0.1364,66021.0,4.0,South Jamesberg,PA,Bahrain,4.0,0,Low
43,Non-binary,Bachelor's,Divorced,97664.0,795.0,8880.0,Business,Employed,18,Poor,0.184,166069.0,4.0,North Josephport,TN,Italy,4.0,1,Medium
37,Male,Bachelor's,Single,27407.0,677.0,5003.0,Business,Unemployed,1,Poor,0.4804,271799.0,1.0,Sarahport,ND,Zimbabwe,0.0,2,Low
23,Male,Bachelor's,Divorced,73046.0,700.0,10224.0,Auto,Unemployed,11,Poor,0.5366,232422.0,4.0,Matthewside,TX,Sao Tome and Principe,3.0,0,Low
40,Non-binary,Master's,Married,27645.0,763.0,13057.0,Home,Unemployed,13,Fair,0.2296,284850.0,0.0,West Christina,AZ,Mayotte,3.0,2,Low
47,Non-binary,High School,Single,66233.0,731.0,24265.0,Auto,Employed,14,Poor,0.1196,139334.0,0.0,Rosalesbury,HI,Saint Kitts and Nevis,3.0,0,Medium
56,Male,PhD,Widowed,84366.0,794.0,14173.0,Personal,Self-employed,13,Poor,0.4058,49517.0,1.0,Griffinberg,WY,Honduras,3.0,2,Low
51,Non-binary,PhD,Divorced,111044.0,644.0,33206.0,Auto,Unemployed,7,Excellent,0.2809,216585.0,2.0,Jonathanshire,MD,Morocco,3.0,2,High
18,Female,PhD,Widowed,109716.0,619.0,20876.0,Auto,Unemployed,1,Poor,0.2847,182852.0,2.0,North Davidchester,OR,Saudi Arabia,4.0,1,Low
39,Non-binary,High School,Single,69948.0,741.0,22921.0,Auto,Employed,7,Poor,0.4768,51007.0,1.0,Hernandezmouth,AS,Egypt,1.0,2,Low
27,Female,High School,Divorced,48478.0,631.0,17059.0,Business,Self-employed,14,Excellent,0.4681,234347.0,0.0,Yolandashire,WI,Martinique,3.0,2,Low
37,Non-binary,High School,Divorced,94570.0,784.0,13149.0,Business,Employed,12,Excellent,0.1622,230295.0,3.0,Travisstad,PR,Guinea-Bissau,3.0,2,Low
63,Female,PhD,Widowed,92968.0,662.0,21102.0,Auto,Employed,11,Good,0.4246,42546.0,2.0,New Monique,VT,Bahrain,0.0,1,Medium
57,Male,PhD,Divorced,35174.0,673.0,22269.0,Auto,Employed,2,Excellent,0.4116,72330.0,3.0,South Becky,UT,Cayman Islands,4.0,0,Low
25,Male,Master's,Divorced,74418.0,776.0,10650.0,Home,Self-employed,0,Good,0.1353,60468.0,3.0,Robertshire,KS,Somalia,4.0,1,Low
48,Male,High School,Divorced,73952.0,676.0,5894.0,Business,Self-employed,6,Poor,0.4811,61329.0,1.0,Port Kaylee,ME,Mayotte,0.0,1,Low
27,Male,PhD,Single,105920.0,650.0,13691.0,Personal,Employed,12,Excellent,0.243,287661.0,0.0,Wrightmouth,KS,Guam,2.0,1,Low
55,Male,Master's,Single,59974.0,654.0,44818.0,Auto,Unemployed,10,Good,0.1251,270782.0,2.0,Lake William,MO,Tajikistan,1.0,2,High
31,Female,PhD,Married,112693.0,711.0,6210.0,Home,Employed,15,Fair,0.5318,223760.0,1.0,Port David,MH,Cambodia,1.0,1,Low
23,Female,Bachelor's,Single,61335.0,695.0,45755.0,Home,Unemployed,16,Poor,0.2627,213164.0,3.0,New Jasonshire,VT,Fiji,1.0,0,Low
68,Male,Bachelor's,Single,109025.0,636.0,38500.0,Auto,Self-employed,12,Fair,0.404,278050.0,1.0,Port Erica,ID,French Guiana,2.0,2,Low
45,Non-binary,Bachelor's,Widowed,70588.0,722.0,45051.0,Business,Employed,0,Poor,0.4628,29070.0,3.0,West Cherylfurt,HI,Tunisia,4.0,1,Low
58,Male,PhD,Married,25973.0,764.0,46107.0,Auto,Unemployed,0,Good,0.5483,272882.0,0.0,Joneston,CO,Andorra,0.0,1,High
23,Female,High School,Widowed,59648.0,768.0,41981.0,Business,Employed,11,Poor,0.1622,65411.0,2.0,West Jesseview,AL,Kenya,3.0,1,High
23,Non-binary,Bachelor's,Widowed,58516.0,608.0,31070.0,Auto,Unemployed,13,Excellent,0.3213,161674.0,3.0,Markmouth,ME,Haiti,3.0,0,Low
50,Non-binary,High School,Widowed,80089.0,604.0,20955.0,Auto,Unemployed,8,Fair,0.4476,69842.0,1.0,Port Maureen,TN,Belize,1.0,2,Medium
33,Male,High School,Single,50364.0,788.0,49237.0,Auto,Self-employed,19,Fair,0.5946,203509.0,3.0,Lake Pamela,AR,United States of America,2.0,2,Medium
48,Male,Master's,Single,54171.0,705.0,43431.0,Home,Employed,16,Poor,0.1727,272142.0,4.0,Clineland,AZ,Colombia,0.0,1,Low
43,Non-binary,High School,Married,116777.0,634.0,13362.0,Home,Unemployed,13,Fair,0.1994,246313.0,4.0,Port Shannontown,NV,Vietnam,2.0,0,Low
28,Female,Master's,Widowed,63832.0,789.0,38679.0,Business,Employed,17,Poor,0.551,283074.0,3.0,Reneemouth,IL,Congo,2.0,2,Low
47,Non-binary,PhD,Divorced,99777.0,660.0,18499.0,Home,Self-employed,18,Fair,0.3459,75346.0,4.0,Reedhaven,ND,French Polynesia,4.0,0,Low
18,Female,Master's,Single,34842.0,767.0,20245.0,Auto,Self-employed,16,Good,0.4002,279541.0,2.0,South Haleyburgh,WY,Tonga,3.0,1,Medium
41,Male,Bachelor's,Widowed,73420.0,662.0,14978.0,Business,Unemployed,1,Poor,0.1988,35923.0,4.0,New Staceyburgh,CT,South Africa,3.0,0,Low
29,Non-binary,High School,Divorced,72798.0,652.0,44107.0,Personal,Employed,10,Poor,0.1604,247440.0,2.0,Freemanfort,MP,Germany,0.0,0,Low
42,Non-binary,Bachelor's,Divorced,93212.0,743.0,37630.0,Personal,Self-employed,13,Fair,0.5438,256104.0,1.0,Heiditown,ME,Greenland,2.0,2,Medium
40,Male,Master's,Divorced,25207.0,673.0,9617.0,Business,Unemployed,8,Good,0.5202,156865.0,0.0,Lake Dorothy,WI,Chile,3.0,0,Low
29,Male,Master's,Divorced,66257.0,619.0,38049.0,Personal,Self-employed,13,Excellent,0.5354,109068.0,3.0,New Lisa,MP,Montenegro,1.0,1,Medium
38,Male,PhD,Widowed,64484.0,714.0,5661.0,Auto,Self-employed,11,Excellent,0.2539,73476.0,2.0,Port Ryantown,HI,Iceland,2.0,2,Medium
57,Male,Bachelor's,Divorced,98437.0,662.0,36450.0,Personal,Self-employed,10,Poor,0.5099,127763.0,4.0,Theresahaven,MS,Poland,4.0,1,Low
48,Female,Bachelor's,Divorced,86786.0,726.0,29126.0,Home,Employed,0,Poor,0.2304,178862.0,0.0,Lake Kaitlynhaven,OR,Aruba,0.0,1,Low
22,Female,Master's,Divorced,42119.0,603.0,49332.0,Business,Self-employed,14,Fair,0.1388,172134.0,0.0,New Kaylabury,GU,Italy,4.0,0,Medium
28,Male,High School,Divorced,66221.0,684.0,32224.0,Business,Unemployed,8,Excellent,0.439,141778.0,3.0,Hillburgh,PW,Jordan,1.0,0,Low
34,Non-binary,High School,Married,51066.0,658.0,45568.0,Business,Employed,14,Good,0.5926,269657.0,2.0,Ericashire,WI,Turkey,1.0,0,Low
23,Female,PhD,Single,60024.0,702.0,49639.0,Home,Unemployed,1,Excellent,0.2318,299908.0,4.0,Lake Jessica,MD,Trinidad and Tobago,4.0,2,Medium
39,Female,Master's,Widowed,109971.0,642.0,11101.0,Auto,Self-employed,2,Good,0.3072,248910.0,3.0,Aaronborough,CA,Anguilla,0.0,2,Medium
59,Male,PhD,Single,61384.0,602.0,8705.0,Personal,Unemployed,11,Fair,0.3764,111061.0,0.0,East Charleneshire,CT,Costa Rica,1.0,2,Medium
38,Female,PhD,Single,50976.0,758.0,30249.0,Personal,Self-employed,15,Fair,0.4721,74247.0,0.0,Carrside,NC,Wallis and Futuna,3.0,0,Medium
54,Female,Bachelor's,Widowed,109856.0,623.0,49010.0,Business,Unemployed,17,Fair,0.1162,89766.0,0.0,New Rebeccachester,WI,Romania,1.0,0,Medium
32,Female,Bachelor's,Single,110287.0,757.0,7706.0,Personal,Self-employed,5,Excellent,0.4172,152010.0,1.0,New Marystad,MI,Palau,0.0,0,High
36,Male,Bachelor's,Married,118698.0,651.0,45407.0,Home,Unemployed,11,Good,0.4869,96744.0,1.0,Alyssaton,IL,Benin,4.0,0,High
39,Male,PhD,Single,79784.0,720.0,40399.0,Personal,Employed,6,Fair,0.1842,177132.0,3.0,Victoriastad,FM,Sierra Leone,2.0,2,Low
33,Non-binary,Bachelor's,Married,68425.0,766.0,6516.0,Business,Self-employed,19,Fair,0.1572,128245.0,3.0,Port Sheila,MN,Ireland,4.0,2,Low
59,Female,High School,Widowed,22928.0,748.0,24367.0,Business,Unemployed,5,Fair,0.1289,287590.0,3.0,South Rickyfurt,FL,Oman,3.0,1,Low
30,Non-binary,High School,Single,71322.0,646.0,8141.0,Business,Self-employed,0,Poor,0.5794,161036.0,3.0,North Melissafort,FM,Afghanistan,1.0,2,Low
35,Non-binary,PhD,Divorced,96068.0,605.0,16223.0,Personal,Self-employed,11,Poor,0.5482,233059.0,2.0,Ryanfurt,MT,Mozambique,0.0,1,Low
18,Non-binary,Bachelor's,Single,69153.0,773.0,12945.0,Personal,Unemployed,8,Good,0.2413,62421.0,2.0,South Colemouth,NY,Ukraine,0.0,1,Low
68,Non-binary,Bachelor's,Divorced,89278.0,737.0,25257.0,Auto,Employed,12,Fair,0.1176,105821.0,2.0,Jonesside,PR,Slovakia (Slovak Republic),2.0,1,Low
54,Female,High School,Single,44887.0,710.0,33750.0,Auto,Unemployed,13,Good,0.1637,103937.0,0.0,Port Timothyburgh,LA,Lithuania,1.0,2,Medium
28,Male,Bachelor's,Married,24112.0,622.0,5916.0,Auto,Self-employed,12,Fair,0.4238,98886.0,4.0,Lake Kathleenville,FM,Sierra Leone,3.0,0,Low
52,Female,Bachelor's,Widowed,47460.0,738.0,36548.0,Personal,Self-employed,11,Fair,0.3331,174784.0,0.0,Stephenberg,HI,Mozambique,1.0,1,Low
24,Female,Bachelor's,Single,35642.0,692.0,46449.0,Personal,Self-employed,13,Good,0.2984,65949.0,2.0,New Peter,ID,Morocco,2.0,0,Medium
35,Female,Bachelor's,Widowed,100589.0,622.0,24970.0,Personal,Self-employed,4,Fair,0.3464,163278.0,1.0,South Dannyhaven,TN,Bosnia and Herzegovina,0.0,0,Low
45,Female,High School,Widowed,110450.0,672.0,37521.0,Business,Self-employed,12,Good,0.3129,291155.0,3.0,Richardborough,NV,Spain,0.0,2,Low
19,Male,High School,Single,21511.0,648.0,34898.0,Home,Unemployed,7,Excellent,0.2217,224034.0,0.0,South Erin,RI,Netherlands Antilles,3.0,2,Low
40,Female,High School,Single,99251.0,782.0,31047.0,Home,Self-employed,10,Excellent,0.3565,129980.0,4.0,Port Jessicafort,HI,Christmas Island,2.0,0,Low
56,Female,PhD,Single,74457.0,716.0,5579.0,Home,Employed,15,Fair,0.2905,151909.0,4.0,Bryceshire,PR,Vietnam,0.0,2,Medium
57,Female,High School,Divorced,47967.0,772.0,27013.0,Business,Self-employed,18,Excellent,0.149,187965.0,4.0,Smithtown,SC,Christmas Island,4.0,1,Low
27,Non-binary,PhD,Single,64830.0,600.0,40569.0,Home,Unemployed,3,Excellent,0.1309,211298.0,2.0,North Jodyshire,MD,Syrian Arab Republic,0.0,1,Low
24,Female,High School,Divorced,90560.0,607.0,20984.0,Business,Unemployed,14,Poor,0.4534,133198.0,0.0,Port Savannahshire,GA,Belgium,0.0,2,Low
53,Non-binary,Bachelor's,Married,32332.0,760.0,36401.0,Home,Employed,10,Poor,0.4053,86883.0,1.0,West Edwinstad,OH,New Zealand,4.0,0,High
51,Female,PhD,Divorced,56679.0,699.0,6912.0,Business,Employed,10,Poor,0.5292,120052.0,1.0,Robinsontown,CO,Norway,4.0,0,Low
33,Non-binary,Master's,Single,102331.0,709.0,45271.0,Home,Self-employed,1,Good,0.4156,214082.0,3.0,Hebertville,IA,Israel,4.0,0,Medium
65,Female,Master's,Single,31423.0,794.0,47376.0,Personal,Self-employed,2,Poor,0.4056,86921.0,4.0,Port Wesley,DE,French Southern Territories,4.0,2,High
60,Non-binary,Master's,Widowed,22925.0,756.0,41123.0,Auto,Unemployed,3,Good,0.4549,61052.0,0.0,Rebeccabury,DE,Togo,3.0,1,Low
37,Non-binary,PhD,Divorced,86403.0,748.0,13172.0,Personal,Employed,18,Poor,0.4161,234607.0,4.0,Lake Elizabeth,MH,Lithuania,1.0,2,High
47,Female,PhD,Married,52632.0,791.0,34011.0,Personal,Self-employed,1,Fair,0.1331,194753.0,0.0,Michaelmouth,DC,Guernsey,2.0,1,Low
40,Non-binary,PhD,Divorced,25164.0,693.0,19410.0,Personal,Unemployed,14,Good,0.3739,183796.0,0.0,Williammouth,FM,Saint Martin,1.0,0,High
29,Female,Bachelor's,Divorced,25004.0,658.0,47315.0,Auto,Employed,13,Excellent,0.5565,172169.0,0.0,South Amandaport,ND,Australia,3.0,1,Low
45,Non-binary,High School,Widowed,41038.0,770.0,9932.0,Personal,Unemployed,15,Poor,0.2061,26127.0,1.0,South Luke,FL,Trinidad and Tobago,0.0,1,Low
51,Female,High School,Divorced,91942.0,613.0,39126.0,Home,Self-employed,10,Fair,0.1219,20640.0,0.0,North Jason,NH,Indonesia,4.0,1,Low
35,Non-binary,Master's,Widowed,119059.0,678.0,35374.0,Personal,Self-employed,6,Fair,0.1215,63041.0,3.0,Brianville,MD,Chad,4.0,2,Low
28,Non-binary,Master's,Married,63098.0,634.0,15964.0,Business,Self-employed,16,Fair,0.2281,57722.0,0.0,New Laura,VI,Ecuador,1.0,2,Low
63,Female,Master's,Married,66517.0,712.0,43728.0,Auto,Employed,13,Poor,0.109,184078.0,2.0,Stevenland,AS,Serbia,0.0,0,High
58,Female,High School,Divorced,40325.0,614.0,43724.0,Business,Unemployed,17,Excellent,0.4594,153507.0,0.0,Jamesborough,WY,Norway,2.0,2,Low
49,Male,Master's,Widowed,55950.0,707.0,26241.0,Home,Unemployed,1,Fair,0.4908,31950.0,0.0,West Laurafurt,MI,Lebanon,4.0,1,Low
38,Male,High School,Married,73595.0,730.0,23565.0,Personal,Unemployed,16,Poor,0.4362,219068.0,2.0,Adamfurt,VA,Spain,2.0,1,Low
54,Female,Bachelor's,Married,97169.0,611.0,48803.0,Business,Self-employed,9,Fair,0.5628,185319.0,0.0,South Alexandraton,MH,Hungary,0.0,0,Low
59,Male,High School,Divorced,75262.0,623.0,29532.0,Auto,Employed,5,Fair,0.573,25643.0,2.0,West Nathan,VI,Cote d'Ivoire,3.0,2,Low
34,Non-binary,PhD,Married,33806.0,675.0,38472.0,Personal,Unemployed,16,Good,0.5961,28587.0,3.0,North Sandra,UT,Monaco,3.0,0,High
29,Non-binary,Master's,Widowed,118330.0,724.0,32865.0,Business,Unemployed,3,Fair,0.1814,282738.0,4.0,South Thomasburgh,LA,Madagascar,3.0,0,High
55,Male,High School,Married,119805.0,756.0,48899.0,Auto,Unemployed,9,Fair,0.1572,28285.0,3.0,Martinezfort,IL,Botswana,4.0,2,Low
59,Male,Bachelor's,Divorced,102036.0,759.0,45662.0,Home,Unemployed,0,Poor,0.3376,84736.0,4.0,Lake Jose,CA,Kazakhstan,4.0,1,Low
48,Male,Bachelor's,Divorced,48205.0,672.0,5837.0,Home,Self-employed,5,Excellent,0.5835,119229.0,3.0,Michealville,NY,United States Virgin Islands,0.0,1,Low
69,Male,Bachelor's,Single,38982.0,768.0,45039.0,Home,Employed,3,Good,0.1946,279361.0,2.0,Robinsonmouth,MA,Malaysia,1.0,2,High
23,Female,Master's,Single,107073.0,643.0,36793.0,Business,Unemployed,19,Excellent,0.3758,114280.0,1.0,New Josephport,MO,Puerto Rico,0.0,1,Low
61,Male,Bachelor's,Widowed,34306.0,616.0,24453.0,Business,Employed,14,Poor,0.1826,60378.0,1.0,Petersonton,FL,Isle of Man,3.0,2,Low
47,Female,High School,Widowed,51368.0,729.0,5082.0,Personal,Unemployed,0,Fair,0.3287,151402.0,1.0,Lawrencemouth,IN,Romania,1.0,2,Low
33,Male,Bachelor's,Divorced,31817.0,670.0,27424.0,Personal,Unemployed,6,Good,0.5125,280081.0,2.0,South Laurenburgh,NC,Philippines,1.0,0,Medium
52,Female,PhD,Divorced,25000.0,759.0,5464.0,Business,Unemployed,17,Excellent,0.4956,188604.0,2.0,Guerrastad,PW,Madagascar,4.0,2,Low
34,Non-binary,High School,Widowed,49974.0,646.0,41387.0,Home,Employed,18,Fair,0.4881,31660.0,1.0,New Christopherstad,NC,Philippines,1.0,0,Low
63,Female,Master's,Divorced,81852.0,635.0,32276.0,Home,Employed,14,Poor,0.1214,127449.0,1.0,Colemouth,MI,Ethiopia,0.0,0,Low
42,Female,Bachelor's,Divorced,95911.0,734.0,34277.0,Personal,Self-employed,3,Fair,0.3787,218950.0,4.0,Greenport,ID,Faroe Islands,2.0,1,Low
62,Female,Master's,Single,33117.0,632.0,35472.0,Auto,Unemployed,12,Poor,0.3866,282356.0,1.0,Jonesburgh,MP,Germany,4.0,2,Low
21,Male,Bachelor's,Widowed,107858.0,681.0,43593.0,Auto,Unemployed,10,Excellent,0.2011,281101.0,0.0,North Cathy,AS,Wallis and Futuna,4.0,1,Low
40,Female,Bachelor's,Divorced,59857.0,788.0,35966.0,Business,Unemployed,15,Excellent,0.1014,36907.0,1.0,Ashleymouth,WI,Marshall Islands,4.0,2,Low
36,Non-binary,Master's,Divorced,116912.0,736.0,27341.0,Business,Self-employed,4,Poor,0.4849,182256.0,0.0,New Kathleen,GA,Bahamas,0.0,1,Low
29,Non-binary,Master's,Widowed,28050.0,691.0,8774.0,Auto,Unemployed,15,Poor,0.4011,151017.0,2.0,Lake Amber,LA,Niue,1.0,0,Low
34,Male,Bachelor's,Married,75034.0,723.0,36856.0,Home,Self-employed,3,Excellent,0.174,96591.0,0.0,East Sarah,CO,Kuwait,0.0,1,Low
23,Female,High School,Single,20599.0,700.0,6307.0,Personal,Unemployed,8,Fair,0.222,67085.0,3.0,Lake Sandra,MH,Libyan Arab Jamahiriya,0.0,1,High
53,Female,PhD,Married,60693.0,746.0,47733.0,Auto,Employed,2,Good,0.4358,131495.0,3.0,Sheltonland,MO,Colombia,3.0,2,Low
43,Male,High School,Divorced,72022.0,769.0,41441.0,Auto,Self-employed,1,Poor,0.4354,199104.0,1.0,South Darlene,MD,Congo,3.0,0,Medium
46,Non-binary,PhD,Widowed,93285.0,661.0,13948.0,Personal,Self-employed,6,Fair,0.4097,157344.0,4.0,Port Matthew,NJ,Bahamas,0.0,0,Low
65,Female,High School,Single,21772.0,658.0,14270.0,Business,Self-employed,4,Poor,0.2745,152895.0,2.0,Stevenstad,MS,Burundi,1.0,2,Medium
18,Female,Bachelor's,Divorced,39513.0,649.0,32814.0,Business,Self-employed,13,Fair,0.1574,42090.0,0.0,Johnland,WV,Croatia,4.0,2,Medium
45,Female,High School,Divorced,93352.0,608.0,39006.0,Business,Self-employed,19,Fair,0.5574,298297.0,0.0,North Brandon,AS,Dominica,3.0,0,Low
30,Female,High School,Single,32850.0,606.0,36421.0,Home,Unemployed,5,Good,0.186,75563.0,3.0,Hawkinston,GA,Nauru,3.0,2,High
63,Non-binary,High School,Single,92708.0,726.0,47747.0,Auto,Unemployed,14,Excellent,0.304,50215.0,1.0,Bowmanstad,CT,South Georgia and the South Sandwich Islands,2.0,2,Medium
48,Male,High School,Married,48677.0,666.0,14437.0,Business,Unemployed,4,Poor,0.4517,54528.0,2.0,Campbellborough,OH,Kuwait,1.0,0,Medium
53,Female,Bachelor's,Widowed,75214.0,604.0,7143.0,Home,Employed,11,Excellent,0.5833,251735.0,0.0,South Andrewmouth,TX,Samoa,3.0,0,Medium
50,Non-binary,Bachelor's,Married,45741.0,704.0,40013.0,Business,Unemployed,16,Fair,0.1153,66229.0,1.0,Lake Gail,RI,Jamaica,0.0,0,Low
31,Male,High School,Single,22599.0,726.0,19482.0,Business,Self-employed,9,Excellent,0.379,278791.0,3.0,Smithberg,OK,Puerto Rico,4.0,1,Low
18,Non-binary,High School,Married,93131.0,623.0,46354.0,Personal,Self-employed,19,Poor,0.1692,256138.0,0.0,Davisberg,TN,Senegal,0.0,2,High
57,Male,Bachelor's,Married,110063.0,777.0,20657.0,Business,Self-employed,16,Good,0.161,34508.0,3.0,North Danielhaven,CA,Palau,3.0,0,Medium
43,Female,Master's,Divorced,24033.0,712.0,30337.0,Business,Self-employed,10,Excellent,0.4615,27885.0,3.0,Thomaschester,MO,Lithuania,0.0,1,Medium
45,Male,High School,Widowed,108589.0,752.0,15134.0,Business,Unemployed,17,Excellent,0.438,127119.0,3.0,West Juanfort,MP,Trinidad and Tobago,4.0,1,Medium
27,Female,Bachelor's,Widowed,40337.0,798.0,38482.0,Business,Unemployed,13,Good,0.3387,175221.0,3.0,Nelsonstad,DC,Algeria,4.0,1,Medium
65,Male,Master's,Widowed,39514.0,724.0,41539.0,Business,Employed,9,Poor,0.3411,250680.0,0.0,Lake George,WI,Nepal,0.0,0,Low
31,Female,Master's,Single,49350.0,781.0,40340.0,Auto,Unemployed,14,Poor,0.2159,63303.0,0.0,East Rebeccaberg,PR,Korea,4.0,2,Medium
20,Female,Bachelor's,Widowed,97093.0,788.0,44518.0,Auto,Employed,4,Fair,0.2372,270355.0,2.0,North Steven,GU,Bahrain,4.0,0,High
54,Male,PhD,Divorced,86833.0,674.0,19395.0,Home,Employed,8,Excellent,0.437,105210.0,2.0,Sharihaven,GU,Cameroon,3.0,2,Medium
57,Female,High School,Widowed,119846.0,787.0,40069.0,Auto,Unemployed,3,Poor,0.4787,50122.0,1.0,New Chadborough,MH,Greece,1.0,1,Low
60,Male,PhD,Widowed,63086.0,747.0,15542.0,Personal,Employed,15,Excellent,0.3782,173880.0,0.0,South Chad,NV,Antarctica (the territory South of 60 deg S),4.0,2,Medium
56,Non-binary,High School,Single,109142.0,765.0,39026.0,Personal,Self-employed,6,Poor,0.5056,90502.0,2.0,East Laura,MI,Jersey,4.0,1,Low
49,Non-binary,Master's,Divorced,77228.0,778.0,32132.0,Business,Employed,18,Fair,0.3445,260604.0,3.0,Lawsonland,WI,Mayotte,0.0,0,Low
60,Female,Bachelor's,Single,36318.0,681.0,7666.0,Auto,Unemployed,3,Fair,0.3977,20310.0,0.0,Maryshire,AL,Somalia,4.0,1,High
29,Male,Bachelor's,Married,95842.0,728.0,38093.0,Auto,Unemployed,1,Excellent,0.3605,117786.0,4.0,Lake Kara,OK,Mongolia,3.0,0,Low
34,Male,Master's,Single,36937.0,745.0,49357.0,Personal,Self-employed,1,Poor,0.3766,52729.0,4.0,New Blakeland,GA,Belarus,1.0,0,Low
36,Non-binary,Master's,Single,27398.0,778.0,25498.0,Personal,Employed,3,Good,0.333,44940.0,4.0,Munozburgh,MN,Chile,4.0,1,Low
22,Female,Master's,Single,48390.0,648.0,17647.0,Business,Unemployed,16,Poor,0.1489,22644.0,1.0,Fisherborough,MT,Sao Tome and Principe,3.0,2,Low
46,Non-binary,Bachelor's,Married,45968.0,645.0,44058.0,Auto,Unemployed,3,Fair,0.3367,90327.0,3.0,Thomasstad,MN,Svalbard & Jan Mayen Islands,2.0,1,Low
37,Non-binary,PhD,Single,116190.0,743.0,48017.0,Home,Unemployed,16,Poor,0.4513,86844.0,2.0,West Michael,AK,Libyan Arab Jamahiriya,1.0,1,Low
32,Male,Master's,Married,102049.0,684.0,27081.0,Personal,Unemployed,15,Good,0.5981,199353.0,4.0,West Stephen,CO,Tuvalu,0.0,1,Medium
64,Female,Master's,Divorced,114461.0,627.0,14253.0,Auto,Unemployed,12,Excellent,0.3516,50367.0,2.0,Port Taraburgh,CA,Tajikistan,2.0,0,Low
61,Male,High School,Divorced,72233.0,701.0,31814.0,Auto,Self-employed,4,Poor,0.4846,168903.0,3.0,South Beth,DC,Fiji,3.0,2,High
39,Female,Bachelor's,Divorced,85795.0,712.0,43108.0,Personal,Self-employed,14,Good,0.1553,47551.0,1.0,South Adrianland,IN,Italy,4.0,1,Medium
19,Non-binary,Bachelor's,Single,84749.0,768.0,44771.0,Personal,Self-employed,15,Good,0.582,237997.0,0.0,Jonathanside,NE,Mexico,2.0,0,Low
22,Female,Master's,Widowed,29615.0,766.0,47379.0,Business,Self-employed,19,Fair,0.1474,258973.0,0.0,South Nathanburgh,AS,Honduras,3.0,0,Medium
54,Male,Master's,Married,33111.0,613.0,11951.0,Home,Self-employed,4,Good,0.3547,285182.0,1.0,Howardfort,MS,Suriname,2.0,2,Low
36,Female,High School,Widowed,25635.0,724.0,28437.0,Personal,Employed,11,Excellent,0.3793,102818.0,1.0,Theresashire,WY,Poland,2.0,2,Medium
45,Non-binary,Master's,Single,85035.0,627.0,17208.0,Home,Unemployed,13,Excellent,0.1991,221950.0,1.0,East Manuelside,AS,United Kingdom,2.0,1,Medium
61,Male,Master's,Divorced,37401.0,681.0,18295.0,Personal,Unemployed,9,Fair,0.5661,193586.0,3.0,Robertchester,MN,Serbia,3.0,2,Medium
21,Female,PhD,Married,115909.0,621.0,47290.0,Personal,Unemployed,2,Good,0.4987,165016.0,0.0,Debrafort,MO,Sri Lanka,0.0,2,Low
67,Male,Master's,Married,41500.0,658.0,31153.0,Business,Employed,16,Poor,0.5018,25026.0,0.0,Kristinashire,WV,Guyana,1.0,2,Medium
26,Male,Master's,Divorced,103325.0,771.0,47353.0,Home,Unemployed,6,Excellent,0.1685,231464.0,4.0,Bowenhaven,WY,Lithuania,2.0,1,Medium
34,Male,Bachelor's,Widowed,108876.0,623.0,38764.0,Business,Self-employed,9,Good,0.4087,41013.0,0.0,Christopherborough,AS,Singapore,1.0,2,Low
22,Male,Master's,Divorced,22389.0,793.0,48212.0,Personal,Unemployed,16,Good,0.2966,237416.0,4.0,North Richard,SC,Tokelau,0.0,1,Low
43,Female,Bachelor's,Married,69849.0,607.0,38984.0,Business,Unemployed,2,Excellent,0.451,159020.0,1.0,New Lindsayberg,TX,Somalia,0.0,1,Low
44,Non-binary,PhD,Divorced,113966.0,651.0,48779.0,Auto,Self-employed,18,Excellent,0.5388,150971.0,1.0,Port Joseview,RI,Oman,0.0,1,Medium
65,Female,PhD,Widowed,41021.0,732.0,30811.0,Personal,Unemployed,1,Fair,0.5378,81056.0,4.0,Hallstad,NH,Ireland,0.0,2,Low
24,Male,PhD,Married,46141.0,718.0,48208.0,Personal,Unemployed,14,Good,0.1845,76776.0,4.0,Hortonview,RI,Cyprus,0.0,1,Low
38,Female,Bachelor's,Single,83654.0,701.0,20381.0,Auto,Self-employed,8,Poor,0.3077,157278.0,3.0,Morenofort,AK,Lao People's Democratic Republic,1.0,0,High
63,Female,High School,Divorced,117599.0,702.0,13267.0,Business,Employed,11,Fair,0.2311,182711.0,4.0,North Mark,NE,Malawi,4.0,0,Low
37,Female,PhD,Widowed,84771.0,610.0,47108.0,Personal,Self-employed,3,Excellent,0.3388,92782.0,4.0,East Jeanettemouth,WY,United States of America,3.0,2,Low
63,Male,Master's,Divorced,106540.0,682.0,37699.0,Home,Self-employed,2,Excellent,0.4515,149665.0,4.0,Kristinamouth,SC,Monaco,1.0,2,Low
54,Male,PhD,Single,66404.0,639.0,44701.0,Business,Unemployed,11,Fair,0.3931,187960.0,0.0,Garciaview,MO,Montserrat,2.0,1,Medium
37,Female,PhD,Single,103488.0,740.0,33369.0,Personal,Employed,2,Poor,0.3422,64214.0,4.0,Monroeville,NM,Aruba,0.0,2,Low
43,Male,High School,Widowed,75942.0,646.0,10446.0,Home,Employed,1,Good,0.1806,155843.0,0.0,South Dustinton,FM,Georgia,0.0,1,Low
64,Non-binary,High School,Married,34026.0,701.0,31133.0,Business,Unemployed,5,Excellent,0.3616,111569.0,2.0,Gonzalezland,ME,Togo,4.0,1,Low
31,Male,PhD,Single,91366.0,642.0,19427.0,Business,Self-employed,3,Fair,0.366,263474.0,4.0,Jamesfurt,NH,Korea,4.0,1,Medium
43,Female,Master's,Married,107350.0,756.0,7366.0,Home,Unemployed,10,Excellent,0.444,126464.0,3.0,Florestown,VA,Norfolk Island,3.0,2,Medium
33,Male,High School,Single,42036.0,706.0,24983.0,Personal,Self-employed,12,Excellent,0.3248,37052.0,2.0,North Sarahborough,MA,Uruguay,4.0,2,Low
40,Male,PhD,Divorced,85167.0,745.0,32360.0,Auto,Self-employed,2,Excellent,0.1999,60000.0,0.0,North Shane,WI,Sri Lanka,2.0,0,Medium
56,Non-binary,PhD,Widowed,45720.0,698.0,21652.0,Personal,Employed,7,Good,0.2667,145609.0,0.0,Johnsonton,CO,Denmark,1.0,0,Medium
36,Male,Master's,Married,82323.0,615.0,29659.0,Personal,Unemployed,1,Good,0.1612,156352.0,0.0,Chanshire,FM,Montenegro,1.0,1,High
36,Female,PhD,Widowed,32054.0,730.0,30308.0,Auto,Unemployed,7,Good,0.3743,177862.0,0.0,North Joshuamouth,CO,Nicaragua,3.0,2,Medium
52,Female,PhD,Divorced,21753.0,748.0,25744.0,Personal,Employed,16,Good,0.1408,54677.0,1.0,Collinsfort,UT,Kiribati,4.0,1,Low
48,Female,Bachelor's,Divorced,96992.0,756.0,39362.0,Auto,Unemployed,18,Poor,0.1528,249314.0,1.0,Reginashire,MO,Mauritius,3.0,2,Medium
24,Female,Master's,Divorced,25702.0,727.0,21109.0,Home,Self-employed,2,Poor,0.396,282425.0,3.0,South Sharonberg,ID,Liechtenstein,4.0,1,Medium
25,Male,High School,Widowed,38951.0,681.0,5220.0,Business,Employed,6,Poor,0.14,262329.0,2.0,Christopherberg,VA,United States Virgin Islands,0.0,2,Low
44,Male,Bachelor's,Widowed,100754.0,767.0,24177.0,Personal,Self-employed,16,Excellent,0.517,158836.0,0.0,Deleonfurt,NM,Mongolia,4.0,0,Low
18,Female,PhD,Divorced,59258.0,667.0,12792.0,Business,Employed,18,Excellent,0.4751,262686.0,1.0,New Toddstad,NC,Cocos (Keeling) Islands,0.0,1,High
47,Non-binary,Master's,Widowed,56126.0,670.0,23955.0,Auto,Unemployed,0,Excellent,0.241,89374.0,4.0,South Curtis,AS,Norway,1.0,2,Low
18,Non-binary,PhD,Divorced,72442.0,600.0,39356.0,Business,Self-employed,9,Good,0.1319,266096.0,4.0,South Kevin,NM,Japan,1.0,0,Low
52,Male,Bachelor's,Divorced,87894.0,662.0,26352.0,Business,Employed,8,Good,0.5902,87016.0,2.0,Port Cynthiatown,KY,Slovakia (Slovak Republic),4.0,1,Low
42,Female,High School,Widowed,63473.0,644.0,21282.0,Business,Employed,0,Good,0.422,112690.0,3.0,New Markbury,WI,Belize,3.0,0,Low
23,Female,Master's,Divorced,36375.0,672.0,15745.0,Auto,Employed,18,Good,0.2872,67479.0,2.0,Dianehaven,NE,Haiti,4.0,2,Low
54,Female,PhD,Single,79570.0,753.0,11993.0,Home,Employed,9,Fair,0.2402,75237.0,0.0,Matthewport,OH,Vanuatu,0.0,1,Medium
30,Female,Bachelor's,Married,52314.0,677.0,41477.0,Auto,Self-employed,3,Good,0.4842,139461.0,2.0,Brittanyburgh,AZ,Aruba,1.0,2,Medium
69,Non-binary,High School,Widowed,114165.0,710.0,19190.0,Home,Employed,15,Poor,0.3753,238709.0,0.0,West Kristenborough,ID,Luxembourg,2.0,0,Medium
68,Male,PhD,Single,63239.0,603.0,9638.0,Business,Employed,18,Excellent,0.2046,103872.0,4.0,New Judyside,AL,Ethiopia,3.0,1,Medium
60,Non-binary,PhD,Divorced,44160.0,718.0,25954.0,Auto,Employed,16,Poor,0.1718,252098.0,0.0,Heatherhaven,AR,Palau,3.0,0,Low
24,Male,PhD,Divorced,30796.0,666.0,9947.0,Home,Unemployed,5,Excellent,0.3649,26549.0,1.0,Port Jenniferbury,KY,Denmark,0.0,0,Low
39,Non-binary,Master's,Widowed,101984.0,642.0,32287.0,Home,Employed,15,Good,0.2251,24552.0,1.0,Hollyton,IA,Georgia,3.0,1,Low
56,Non-binary,Bachelor's,Widowed,59865.0,755.0,21544.0,Personal,Unemployed,8,Poor,0.1461,100993.0,3.0,Lake Tracy,AL,Liechtenstein,3.0,2,Low
41,Non-binary,PhD,Single,103265.0,726.0,5001.0,Business,Employed,18,Poor,0.1199,230036.0,1.0,Erikaborough,LA,Bahrain,0.0,0,Low
34,Female,High School,Widowed,109825.0,664.0,24478.0,Personal,Employed,16,Good,0.1851,208519.0,4.0,Jamesshire,AK,Slovakia (Slovak Republic),4.0,1,Medium
67,Non-binary,Master's,Widowed,116256.0,657.0,41160.0,Business,Employed,0,Excellent,0.5981,294025.0,4.0,East Edward,KY,Reunion,0.0,0,Low
45,Female,Master's,Divorced,43102.0,769.0,30069.0,Personal,Self-employed,2,Poor,0.1134,218444.0,4.0,North Cathy,PW,Saint Pierre and Miquelon,0.0,1,Low
44,Non-binary,Bachelor's,Widowed,98711.0,640.0,6502.0,Auto,Self-employed,4,Excellent,0.4748,46536.0,4.0,Jenniferborough,WA,Niue,1.0,2,Low
54,Female,Master's,Married,52326.0,656.0,40864.0,Business,Employed,13,Fair,0.2792,105941.0,1.0,Michelleshire,AR,Bosnia and Herzegovina,4.0,0,Low
57,Male,High School,Married,101289.0,663.0,10509.0,Auto,Unemployed,2,Fair,0.2987,189867.0,1.0,West Shawnland,ND,Ukraine,3.0,0,Medium
22,Non-binary,PhD,Single,98647.0,774.0,31623.0,Home,Self-employed,3,Poor,0.4585,40704.0,2.0,Abigailtown,VT,Georgia,4.0,2,Medium
65,Female,Master's,Married,73205.0,647.0,6398.0,Personal,Unemployed,1,Good,0.2091,143538.0,0.0,West Jeremy,ID,Holy See (Vatican City State),2.0,2,Low
31,Non-binary,PhD,Divorced,56516.0,688.0,39626.0,Home,Self-employed,0,Good,0.4247,66521.0,4.0,Adrianport,AS,Palestinian Territory,0.0,2,High
67,Male,Master's,Widowed,118752.0,646.0,12832.0,Business,Unemployed,11,Poor,0.2743,110625.0,4.0,Samuelfurt,SC,Estonia,4.0,2,Low
22,Female,Bachelor's,Widowed,74641.0,686.0,21811.0,Business,Self-employed,6,Good,0.4708,182286.0,0.0,Shawnmouth,WA,Gambia,4.0,0,Low
52,Non-binary,Bachelor's,Widowed,35860.0,754.0,44695.0,Personal,Unemployed,16,Excellent,0.2193,151909.0,2.0,Kellyside,PA,Romania,0.0,0,Medium
58,Non-binary,Bachelor's,Married,89890.0,613.0,32726.0,Auto,Employed,13,Good,0.186,217144.0,4.0,North Loganberg,GU,Tokelau,0.0,1,Medium
43,Non-binary,Bachelor's,Widowed,55194.0,703.0,31457.0,Business,Unemployed,5,Excellent,0.1524,106173.0,0.0,West Jason,ND,Uruguay,2.0,0,Low
52,Non-binary,PhD,Divorced,118560.0,753.0,5621.0,Business,Employed,5,Good,0.385,197480.0,0.0,Port Angela,AK,Swaziland,4.0,0,Low
69,Non-binary,PhD,Divorced,83815.0,615.0,35766.0,Personal,Unemployed,1,Fair,0.1499,127832.0,0.0,Cranetown,PW,Fiji,1.0,0,Low
36,Non-binary,High School,Single,64845.0,770.0,14610.0,Auto,Unemployed,7,Good,0.1364,105568.0,3.0,Brooksmouth,NM,Mongolia,4.0,0,Low
67,Male,PhD,Single,27882.0,710.0,41693.0,Personal,Employed,3,Fair,0.4238,94820.0,1.0,Dunnhaven,WA,Senegal,2.0,1,Medium
69,Male,Master's,Single,81713.0,798.0,5678.0,Business,Employed,4,Fair,0.5794,159511.0,4.0,North Michelle,LA,Gibraltar,1.0,1,Medium
54,Non-binary,High School,Married,36767.0,643.0,41497.0,Business,Unemployed,3,Poor,0.1524,210435.0,3.0,Matthewfurt,SD,Solomon Islands,4.0,1,Medium
64,Male,PhD,Single,106796.0,700.0,17706.0,Business,Unemployed,14,Excellent,0.2374,148888.0,4.0,West Donnafurt,AK,Mexico,3.0,1,Low
37,Male,Master's,Widowed,54129.0,689.0,15270.0,Personal,Self-employed,6,Excellent,0.5147,119061.0,1.0,Lake Christinastad,RI,Turkey,3.0,1,Low
48,Female,Bachelor's,Widowed,33392.0,665.0,25709.0,Business,Employed,6,Excellent,0.1174,38093.0,0.0,Richardborough,OK,Mayotte,4.0,2,Low
50,Male,Bachelor's,Divorced,24429.0,661.0,27567.0,Auto,Self-employed,4,Excellent,0.4156,30602.0,4.0,East Daniel,FL,Jordan,3.0,1,Low
69,Female,Bachelor's,Single,21249.0,790.0,15626.0,Auto,Employed,14,Good,0.2781,185056.0,2.0,West Annport,WY,Mexico,4.0,2,Medium
57,Female,PhD,Single,26732.0,663.0,36073.0,Business,Self-employed,14,Poor,0.5091,41440.0,2.0,Port Teresaview,TN,Syrian Arab Republic,2.0,2,Low
29,Non-binary,PhD,Married,114633.0,728.0,44229.0,Home,Self-employed,1,Poor,0.2301,67034.0,0.0,Davischester,MI,Mexico,2.0,0,Low
54,Non-binary,Master's,Single,97754.0,778.0,9038.0,Personal,Unemployed,18,Poor,0.1166,39206.0,1.0,Herreramouth,TX,Bouvet Island (Bouvetoya),2.0,0,Low
21,Female,Bachelor's,Married,49236.0,714.0,40263.0,Auto,Employed,7,Fair,0.4997,248210.0,2.0,East Karen,CO,Bosnia and Herzegovina,0.0,2,Low
69,Female,High School,Married,47299.0,622.0,16603.0,Business,Unemployed,17,Fair,0.1565,77011.0,4.0,North Sarahmouth,MA,Slovenia,0.0,1,Low
36,Male,High School,Single,76808.0,605.0,29121.0,Business,Self-employed,8,Poor,0.5686,287270.0,0.0,Isabelchester,PR,French Polynesia,4.0,2,Medium
67,Male,Master's,Married,52250.0,722.0,47442.0,Home,Employed,18,Excellent,0.1212,202835.0,4.0,New Derrick,VI,Saint Barthelemy,3.0,0,Low
56,Male,High School,Single,38866.0,796.0,26164.0,Personal,Unemployed,9,Fair,0.1418,99298.0,4.0,Stephaniestad,WI,Myanmar,1.0,0,Low
37,Male,PhD,Widowed,114520.0,696.0,12721.0,Auto,Employed,12,Fair,0.2606,277038.0,4.0,Walkerberg,OK,Fiji,2.0,1,Low
65,Non-binary,High School,Single,50932.0,748.0,6737.0,Personal,Employed,6,Fair,0.1624,134321.0,3.0,East Joannahaven,TX,Israel,0.0,2,Low
66,Male,Master's,Widowed,24698.0,657.0,43708.0,Auto,Self-employed,0,Good,0.5598,277293.0,1.0,Jessicaborough,ME,Saint Vincent and the Grenadines,1.0,2,Medium
38,Non-binary,PhD,Divorced,45156.0,765.0,15263.0,Business,Employed,0,Excellent,0.4149,132753.0,0.0,South Emily,MS,Mexico,3.0,2,Low
43,Female,Master's,Married,69047.0,650.0,36509.0,Home,Employed,12,Fair,0.3154,246386.0,1.0,Rachelburgh,MD,Jersey,2.0,1,Low
22,Female,High School,Single,43580.0,670.0,33468.0,Auto,Employed,2,Fair,0.2687,277238.0,0.0,North Francisco,CT,Christmas Island,2.0,0,Low
39,Non-binary,Bachelor's,Single,37903.0,662.0,8566.0,Personal,Unemployed,18,Fair,0.283,56377.0,3.0,Dorisborough,MP,Greece,3.0,0,Low
56,Male,PhD,Single,55481.0,715.0,34897.0,Home,Unemployed,6,Excellent,0.3653,280318.0,0.0,North Deborah,UT,Burkina Faso,2.0,0,Low
64,Non-binary,Bachelor's,Married,24369.0,644.0,27955.0,Auto,Self-employed,9,Excellent,0.2419,163331.0,0.0,Jasonfurt,SD,Guatemala,4.0,1,Low
30,Female,Master's,Divorced,25830.0,616.0,19332.0,Personal,Unemployed,7,Excellent,0.3961,206961.0,2.0,Haileymouth,IN,Italy,0.0,0,Low
68,Male,PhD,Widowed,71940.0,785.0,45596.0,Personal,Self-employed,0,Good,0.352,189090.0,0.0,North Marctown,ND,Gambia,2.0,1,Low
29,Male,Master's,Married,21403.0,614.0,36626.0,Personal,Self-employed,14,Excellent,0.3883,92086.0,3.0,New Marieburgh,VT,Congo,3.0,0,Low
45,Non-binary,Master's,Single,86013.0,622.0,30719.0,Personal,Self-employed,9,Fair,0.5924,84822.0,0.0,Deleonview,AL,Christmas Island,1.0,2,Low
53,Non-binary,Bachelor's,Married,115956.0,701.0,13184.0,Home,Unemployed,18,Poor,0.1939,153347.0,0.0,Webbfurt,AK,Samoa,4.0,0,High
66,Non-binary,Bachelor's,Married,95236.0,641.0,35846.0,Personal,Employed,6,Poor,0.1494,78638.0,2.0,Sarahfurt,NJ,Sao Tome and Principe,1.0,1,Medium
21,Non-binary,High School,Divorced,48964.0,736.0,8938.0,Personal,Employed,5,Excellent,0.3675,250593.0,0.0,Hollandton,CO,Puerto Rico,1.0,0,Medium
18,Non-binary,High School,Widowed,61232.0,767.0,12731.0,Auto,Self-employed,0,Poor,0.4101,222378.0,2.0,Gravesburgh,NC,Paraguay,4.0,1,Low
32,Male,High School,Married,71408.0,755.0,48350.0,Home,Unemployed,10,Good,0.1934,222033.0,4.0,Port Laura,MO,Sweden,4.0,1,Medium
43,Male,Master's,Married,61912.0,786.0,29725.0,Business,Employed,12,Fair,0.1777,79120.0,1.0,South Brianview,PR,Italy,3.0,0,Medium
35,Non-binary,Bachelor's,Single,106951.0,713.0,39741.0,Home,Self-employed,4,Poor,0.4418,164223.0,0.0,North Regina,MN,Cook Islands,3.0,1,Low
62,Female,PhD,Divorced,63290.0,768.0,27676.0,Personal,Employed,13,Excellent,0.4086,285195.0,0.0,West Stephanie,KY,Guinea,1.0,0,Low
63,Female,PhD,Divorced,103319.0,656.0,44668.0,Personal,Unemployed,7,Good,0.1276,91757.0,3.0,Tammyshire,GA,Austria,3.0,0,Medium
58,Female,Bachelor's,Single,59491.0,620.0,11605.0,Personal,Employed,1,Fair,0.3887,130866.0,1.0,Johnsonland,AR,Gibraltar,1.0,0,Low
32,Female,Bachelor's,Single,89253.0,793.0,9126.0,Home,Unemployed,4,Excellent,0.3503,241504.0,3.0,Thomasmouth,FL,Rwanda,2.0,0,Low
51,Female,PhD,Widowed,50889.0,625.0,13759.0,Auto,Self-employed,4,Excellent,0.2709,214861.0,3.0,South Kellychester,MI,Equatorial Guinea,0.0,1,Low
34,Female,Bachelor's,Married,112721.0,605.0,23991.0,Home,Employed,3,Excellent,0.1357,245068.0,1.0,New Matthewmouth,KY,Papua New Guinea,2.0,2,Low
25,Female,Master's,Married,113878.0,612.0,15069.0,Home,Employed,15,Good,0.2446,250887.0,1.0,Martinfurt,AL,Equatorial Guinea,1.0,0,Low
62,Non-binary,High School,Single,47632.0,607.0,45284.0,Home,Unemployed,10,Good,0.1531,167917.0,1.0,West Jeffreyview,IL,Saint Barthelemy,4.0,1,Low
40,Male,PhD,Divorced,98748.0,658.0,28130.0,Business,Employed,1,Excellent,0.4056,77041.0,2.0,Lewishaven,PA,Bahamas,0.0,0,Low
30,Non-binary,High School,Widowed,64739.0,676.0,36928.0,Auto,Self-employed,0,Excellent,0.5221,230600.0,1.0,Melodyshire,CT,Maldives,1.0,0,High
41,Female,Master's,Widowed,66573.0,619.0,34675.0,Auto,Unemployed,9,Good,0.1379,23978.0,2.0,Lake Katherine,NV,Guatemala,4.0,0,Medium
44,Male,High School,Divorced,65111.0,794.0,24012.0,Home,Unemployed,10,Poor,0.1595,100976.0,0.0,Fowlerhaven,VA,Luxembourg,4.0,1,Low
38,Non-binary,Bachelor's,Widowed,54519.0,714.0,27662.0,Business,Employed,11,Excellent,0.1824,48902.0,4.0,Haaston,KY,Sierra Leone,4.0,2,Medium
36,Non-binary,PhD,Divorced,59191.0,704.0,22650.0,Personal,Employed,13,Poor,0.1455,294648.0,4.0,Port Brenda,NE,Korea,3.0,2,Low
67,Male,Master's,Divorced,64588.0,770.0,24546.0,Personal,Self-employed,3,Poor,0.4509,30087.0,3.0,Desireetown,VI,Indonesia,2.0,0,Low
39,Male,Master's,Single,93509.0,692.0,35136.0,Business,Employed,0,Poor,0.443,199829.0,2.0,Jeffland,MI,Finland,2.0,0,Low
61,Male,Master's,Divorced,113926.0,634.0,26216.0,Business,Unemployed,6,Poor,0.4673,207159.0,4.0,Crawfordview,SC,El Salvador,0.0,2,Low
48,Male,High School,Widowed,54647.0,704.0,36843.0,Personal,Employed,2,Fair,0.1731,53244.0,2.0,Smithport,AK,Cape Verde,1.0,0,Medium
31,Female,Bachelor's,Widowed,21915.0,782.0,5381.0,Personal,Employed,1,Good,0.5235,264709.0,4.0,South Daniel,MH,Philippines,4.0,2,High
54,Male,PhD,Married,98919.0,700.0,39017.0,Auto,Employed,13,Good,0.4491,31570.0,3.0,Davidchester,AR,Iceland,0.0,0,Low
33,Female,High School,Divorced,25580.0,779.0,29797.0,Home,Unemployed,0,Good,0.1459,172203.0,1.0,Madisonmouth,PW,San Marino,4.0,2,Low
34,Male,PhD,Widowed,68285.0,613.0,23587.0,Personal,Employed,11,Excellent,0.517,181114.0,1.0,Stuartmouth,GU,United States Virgin Islands,0.0,1,Low
36,Female,High School,Single,104728.0,626.0,18473.0,Home,Self-employed,0,Good,0.1146,22516.0,1.0,Stricklandbury,MS,Madagascar,4.0,0,High
53,Male,Master's,Single,22794.0,669.0,34621.0,Business,Unemployed,3,Fair,0.5228,218897.0,1.0,Lisaland,MA,Tonga,2.0,0,Low
54,Female,PhD,Widowed,76306.0,680.0,13462.0,Home,Self-employed,7,Excellent,0.4875,232605.0,1.0,Sandraport,VI,Iceland,4.0,2,Low
62,Non-binary,PhD,Married,48368.0,770.0,35805.0,Home,Employed,7,Fair,0.3869,269633.0,1.0,Robleshaven,CT,Falkland Islands (Malvinas),4.0,0,Low
62,Non-binary,Bachelor's,Single,112008.0,731.0,41680.0,Personal,Self-employed,5,Fair,0.5796,227183.0,0.0,West Alejandroview,MO,Cameroon,1.0,0,Low
34,Male,High School,Single,90478.0,719.0,26836.0,Home,Employed,15,Fair,0.2375,165745.0,1.0,West Wesleyview,MI,Jersey,0.0,1,Low
43,Male,Bachelor's,Widowed,57479.0,630.0,25769.0,Personal,Unemployed,10,Good,0.1891,291599.0,1.0,Leslieshire,CO,Jersey,2.0,0,Low
46,Male,High School,Single,72167.0,721.0,17756.0,Auto,Employed,11,Poor,0.2546,205746.0,4.0,Elliottport,PW,Angola,3.0,2,Low
45,Female,High School,Divorced,107359.0,680.0,44811.0,Auto,Unemployed,2,Poor,0.5154,158652.0,4.0,Jacobsfurt,NH,Puerto Rico,4.0,1,High
62,Male,Bachelor's,Single,76843.0,713.0,43923.0,Personal,Unemployed,10,Poor,0.5862,221169.0,1.0,Younghaven,KY,Yemen,4.0,0,Medium
34,Male,Bachelor's,Married,65939.0,768.0,28847.0,Home,Unemployed,6,Excellent,0.1393,42149.0,1.0,Jacksontown,IN,Suriname,3.0,2,High
24,Non-binary,Bachelor's,Divorced,44737.0,694.0,46699.0,Auto,Employed,14,Good,0.3763,193548.0,1.0,Montesburgh,IN,Dominican Republic,4.0,0,Medium
64,Non-binary,High School,Single,107204.0,755.0,47096.0,Home,Unemployed,7,Fair,0.4823,88201.0,2.0,Port Matthew,RI,Slovakia (Slovak Republic),4.0,1,High
27,Male,PhD,Single,54229.0,709.0,18715.0,Auto,Employed,16,Good,0.2239,51750.0,1.0,Lucasborough,MH,Turkmenistan,4.0,2,Medium
19,Non-binary,High School,Widowed,81009.0,641.0,20060.0,Personal,Unemployed,5,Excellent,0.4205,162438.0,1.0,Smithton,GU,Albania,0.0,0,Low
39,Male,High School,Single,101032.0,742.0,21720.0,Home,Unemployed,7,Poor,0.435,205278.0,3.0,Madelineland,UT,Gabon,4.0,1,Low
36,Non-binary,High School,Widowed,34418.0,660.0,31794.0,Personal,Unemployed,2,Good,0.2863,195164.0,0.0,Brianmouth,RI,Saint Pierre and Miquelon,0.0,2,Low
23,Male,Master's,Divorced,24758.0,637.0,16368.0,Home,Employed,1,Poor,0.489,153692.0,4.0,Port Jenniferburgh,KS,Uganda,1.0,2,High
54,Male,Bachelor's,Married,22202.0,718.0,16148.0,Auto,Unemployed,13,Excellent,0.3782,117680.0,1.0,Johnsonfort,VI,Honduras,3.0,0,Medium
22,Non-binary,Bachelor's,Divorced,36265.0,611.0,10794.0,Home,Unemployed,3,Fair,0.5561,246255.0,1.0,Wrightmouth,MO,Saint Vincent and the Grenadines,3.0,2,Medium
20,Non-binary,Master's,Divorced,76503.0,685.0,26946.0,Business,Self-employed,15,Fair,0.2418,156692.0,0.0,North Janice,VT,Slovenia,1.0,2,Low
32,Male,High School,Single,26820.0,686.0,49281.0,Auto,Self-employed,19,Good,0.4026,137413.0,1.0,Connerstad,ID,New Caledonia,3.0,1,Low
66,Male,PhD,Single,96982.0,693.0,45599.0,Personal,Self-employed,13,Poor,0.5656,178458.0,1.0,Kathrynview,PR,Puerto Rico,4.0,0,Medium
54,Non-binary,High School,Widowed,116951.0,639.0,25442.0,Personal,Employed,1,Excellent,0.598,258582.0,3.0,Lake Kyle,MH,Bulgaria,3.0,1,Low
26,Non-binary,High School,Single,71986.0,662.0,42312.0,Personal,Self-employed,19,Fair,0.3441,150192.0,3.0,Chandlertown,WI,Oman,2.0,0,Low
60,Male,PhD,Widowed,71857.0,767.0,12868.0,Business,Employed,6,Poor,0.3062,211825.0,1.0,New Amy,MP,Andorra,4.0,1,Low
19,Male,High School,Married,81344.0,795.0,13559.0,Auto,Self-employed,11,Good,0.3478,71995.0,0.0,Lake Adrianfort,MH,Mongolia,3.0,0,Low
68,Male,PhD,Single,101288.0,740.0,29701.0,Home,Employed,9,Fair,0.2337,25495.0,4.0,Darrylfurt,GU,Ecuador,4.0,0,Low
62,Female,PhD,Divorced,23405.0,611.0,12599.0,Business,Self-employed,15,Poor,0.5067,218050.0,1.0,West Ericfort,MH,New Zealand,2.0,2,Low
46,Male,Bachelor's,Single,106298.0,608.0,9876.0,Business,Self-employed,0,Excellent,0.3674,34508.0,1.0,Jacksonview,PW,Sudan,1.0,2,Low
67,Female,High School,Married,57203.0,645.0,21717.0,Business,Employed,10,Fair,0.1504,153491.0,3.0,West Melissa,TX,Ecuador,3.0,1,Medium
51,Male,High School,Divorced,82771.0,741.0,44815.0,Auto,Unemployed,16,Fair,0.5272,266210.0,3.0,Henrychester,SC,Niger,0.0,2,Medium
26,Male,High School,Divorced,51514.0,687.0,26740.0,Home,Employed,10,Excellent,0.303,74028.0,4.0,Michaelmouth,AR,Serbia,4.0,1,Low
36,Male,Bachelor's,Married,45107.0,670.0,45721.0,Home,Unemployed,1,Fair,0.328,64138.0,2.0,North Ryan,NE,Gibraltar,4.0,1,Low
61,Non-binary,PhD,Divorced,63050.0,672.0,20637.0,Business,Unemployed,14,Poor,0.3003,165996.0,1.0,Rubentown,MD,Bulgaria,3.0,2,High
66,Non-binary,PhD,Married,116946.0,788.0,47890.0,Home,Employed,16,Good,0.2526,230246.0,1.0,North Carol,DE,Seychelles,1.0,2,Low
65,Non-binary,Bachelor's,Married,43508.0,691.0,41881.0,Personal,Unemployed,10,Poor,0.3688,257012.0,1.0,New Victoria,IN,Oman,4.0,0,Low
25,Male,Master's,Widowed,80639.0,736.0,36295.0,Personal,Self-employed,15,Poor,0.4888,194008.0,2.0,Port Jennifer,NH,Faroe Islands,1.0,0,Medium
66,Female,PhD,Single,80598.0,688.0,15718.0,Business,Employed,10,Poor,0.5545,291737.0,0.0,New Brittneytown,FM,Azerbaijan,3.0,1,Medium
36,Female,High School,Widowed,72784.0,761.0,28477.0,Personal,Unemployed,5,Poor,0.2339,219759.0,0.0,Jamesberg,CA,Zambia,4.0,1,Medium
40,Male,High School,Widowed,118903.0,670.0,6148.0,Personal,Unemployed,12,Excellent,0.2265,122640.0,4.0,Vanessabury,WV,Tanzania,4.0,0,High
30,Female,PhD,Divorced,76172.0,730.0,17519.0,Business,Unemployed,16,Good,0.3511,297449.0,3.0,New Steven,CA,Venezuela,2.0,0,Low
41,Female,Master's,Divorced,76249.0,683.0,35807.0,Business,Employed,16,Good,0.5175,206269.0,2.0,Josephbury,IL,Portugal,4.0,1,Low
63,Male,High School,Divorced,70000.0,751.0,37723.0,Business,Self-employed,13,Good,0.1216,140789.0,4.0,North Rick,PW,Liechtenstein,2.0,1,Medium
61,Male,Bachelor's,Married,77773.0,656.0,26905.0,Auto,Unemployed,9,Good,0.5658,288851.0,1.0,North Taylor,ND,British Virgin Islands,0.0,1,High
48,Female,High School,Single,91745.0,773.0,42853.0,Home,Unemployed,13,Fair,0.2492,110198.0,3.0,Deannaburgh,PA,Bosnia and Herzegovina,0.0,2,Low
42,Non-binary,High School,Widowed,22696.0,682.0,16183.0,Personal,Unemployed,4,Excellent,0.5814,195318.0,3.0,Williamshaven,TX,Antarctica (the territory South of 60 deg S),2.0,1,Low
39,Female,Bachelor's,Single,48259.0,633.0,22104.0,Home,Unemployed,16,Excellent,0.5771,136545.0,0.0,Jameston,UT,Taiwan,3.0,1,Medium
29,Female,Bachelor's,Widowed,32420.0,764.0,5667.0,Auto,Employed,7,Fair,0.3292,209397.0,1.0,Shaneshire,MT,Bulgaria,1.0,2,Low
39,Non-binary,Master's,Single,58062.0,694.0,40010.0,Auto,Employed,10,Poor,0.3093,110027.0,0.0,Keyport,HI,Sierra Leone,1.0,1,Low
61,Non-binary,Bachelor's,Married,75097.0,781.0,5947.0,Home,Self-employed,8,Excellent,0.3558,174228.0,0.0,New Amy,PW,Cook Islands,2.0,2,Low
54,Female,High School,Married,55547.0,649.0,23407.0,Personal,Unemployed,19,Good,0.5413,228802.0,4.0,Port Keithfort,WY,Wallis and Futuna,2.0,1,Medium
60,Female,High School,Divorced,118694.0,771.0,13924.0,Personal,Self-employed,14,Poor,0.5491,95128.0,3.0,Westberg,PR,Jamaica,4.0,1,Low
63,Non-binary,Bachelor's,Married,45992.0,619.0,28206.0,Home,Self-employed,0,Excellent,0.5552,174995.0,1.0,Port Samantha,OH,Chile,1.0,0,Low
20,Non-binary,Bachelor's,Widowed,105379.0,659.0,42524.0,Personal,Employed,10,Poor,0.5367,297875.0,0.0,New Paulchester,NH,Sudan,4.0,1,Low
20,Non-binary,Bachelor's,Widowed,26486.0,670.0,40685.0,Personal,Self-employed,13,Poor,0.2596,262896.0,2.0,Foxchester,VI,Bosnia and Herzegovina,4.0,0,High
53,Female,Bachelor's,Widowed,80797.0,765.0,49654.0,Home,Unemployed,6,Poor,0.3475,156269.0,2.0,Johnsonberg,MO,Hong Kong,1.0,1,Low
51,Female,PhD,Married,72510.0,645.0,9662.0,Business,Employed,15,Poor,0.3698,115988.0,1.0,Port Kimberly,MD,Israel,0.0,1,Medium
56,Non-binary,High School,Widowed,118622.0,745.0,5847.0,Business,Unemployed,10,Good,0.5858,181634.0,2.0,Port Johntown,SC,Norfolk Island,4.0,1,Low
65,Non-binary,Bachelor's,Widowed,45110.0,746.0,22151.0,Personal,Employed,6,Excellent,0.1516,285373.0,0.0,Kaisertown,MO,North Macedonia,0.0,2,Medium
63,Female,Bachelor's,Married,64608.0,657.0,25089.0,Home,Unemployed,0,Excellent,0.3257,114575.0,2.0,Port Michael,SD,Lesotho,1.0,2,Low
26,Male,High School,Divorced,35688.0,606.0,6468.0,Business,Self-employed,15,Excellent,0.4441,55130.0,3.0,Brianabury,MP,South Georgia and the South Sandwich Islands,2.0,2,Medium
23,Non-binary,Bachelor's,Divorced,96023.0,739.0,47666.0,Personal,Unemployed,1,Poor,0.2149,47326.0,3.0,North Brookeshire,TN,Mayotte,0.0,2,Low
53,Non-binary,Master's,Single,40249.0,777.0,30061.0,Business,Self-employed,11,Fair,0.2173,189550.0,1.0,Port Tonimouth,LA,Andorra,1.0,0,Medium
44,Non-binary,High School,Divorced,68648.0,659.0,44927.0,Business,Employed,1,Good,0.3739,84864.0,0.0,Jayland,ND,Pakistan,4.0,1,Low
33,Male,Bachelor's,Married,119490.0,638.0,7702.0,Business,Self-employed,4,Excellent,0.1465,128562.0,1.0,Paulfort,MO,Austria,3.0,1,Medium
30,Female,Master's,Widowed,45476.0,766.0,8442.0,Home,Employed,19,Good,0.1476,192314.0,4.0,Lake Edwin,TX,Reunion,2.0,1,Low
45,Male,PhD,Married,91791.0,648.0,16476.0,Home,Employed,19,Excellent,0.2308,142379.0,3.0,Adrienneland,WV,United Kingdom,2.0,0,Low
43,Non-binary,High School,Divorced,90917.0,611.0,20890.0,Personal,Self-employed,6,Fair,0.4483,158410.0,0.0,Port Christine,AL,Togo,2.0,1,Low
52,Non-binary,Bachelor's,Widowed,52956.0,792.0,10113.0,Personal,Employed,6,Fair,0.3097,108527.0,4.0,Priceville,NY,Oman,2.0,2,High
51,Female,High School,Divorced,36802.0,649.0,27546.0,Personal,Unemployed,18,Good,0.5381,127908.0,2.0,East Michael,NC,United States of America,2.0,0,Medium
29,Non-binary,Master's,Widowed,30051.0,740.0,43075.0,Business,Employed,6,Good,0.4599,113572.0,0.0,Davidchester,FL,Saudi Arabia,4.0,0,Low
24,Female,High School,Divorced,79630.0,611.0,22802.0,Business,Self-employed,0,Good,0.5402,268822.0,3.0,Ashleymouth,ME,Antarctica (the territory South of 60 deg S),4.0,2,Low
55,Non-binary,PhD,Widowed,21436.0,645.0,39449.0,Auto,Employed,1,Good,0.3435,242472.0,1.0,Mitchellfort,PR,Tokelau,0.0,0,Low
48,Female,Master's,Married,47032.0,607.0,7472.0,Auto,Self-employed,15,Good,0.1466,92708.0,1.0,Lake Donald,AS,Morocco,4.0,2,Low
53,Non-binary,Master's,Widowed,104715.0,713.0,23421.0,Personal,Employed,19,Poor,0.1843,121402.0,3.0,Johnsonview,IN,Sri Lanka,1.0,1,Low
59,Non-binary,Bachelor's,Single,22422.0,772.0,23057.0,Auto,Employed,17,Excellent,0.1552,265869.0,4.0,Millerborough,UT,Swaziland,2.0,1,High
28,Male,Bachelor's,Divorced,55085.0,658.0,39649.0,Personal,Self-employed,1,Fair,0.4977,124625.0,3.0,Port Amanda,AK,United Kingdom,0.0,2,Low
56,Non-binary,Master's,Single,64706.0,709.0,5009.0,Auto,Unemployed,1,Fair,0.5746,105387.0,0.0,Millerport,MI,Sudan,4.0,0,Low
64,Female,High School,Divorced,108301.0,673.0,15557.0,Business,Unemployed,9,Good,0.2244,94255.0,3.0,Ashleyview,KY,Syrian Arab Republic,4.0,2,Low
41,Non-binary,PhD,Divorced,65099.0,723.0,11428.0,Home,Unemployed,7,Fair,0.5056,162721.0,1.0,South Troyport,KS,Antigua and Barbuda,3.0,0,Medium
57,Female,Bachelor's,Divorced,94642.0,682.0,30047.0,Personal,Self-employed,19,Excellent,0.2195,136804.0,3.0,Port Sherriburgh,MT,Egypt,4.0,2,Low
46,Female,High School,Single,43636.0,761.0,13061.0,Auto,Self-employed,18,Fair,0.1393,254658.0,1.0,Lopezfort,AZ,Libyan Arab Jamahiriya,2.0,1,Low
22,Male,Master's,Widowed,60131.0,726.0,21296.0,Home,Employed,6,Poor,0.4772,168264.0,1.0,North Philipburgh,MD,Kuwait,0.0,0,Medium
33,Male,Master's,Widowed,37383.0,680.0,29107.0,Home,Employed,14,Fair,0.1078,136749.0,0.0,Cathyport,DE,Benin,1.0,1,Medium
24,Non-binary,High School,Married,67820.0,760.0,31507.0,Home,Unemployed,12,Poor,0.2176,45143.0,2.0,Carrollhaven,CT,Palestinian Territory,4.0,1,Medium
65,Non-binary,Master's,Widowed,35050.0,689.0,5879.0,Business,Unemployed,11,Fair,0.3777,114449.0,1.0,East Douglastown,IL,Pakistan,0.0,0,Medium
41,Non-binary,Master's,Divorced,25171.0,675.0,23626.0,Home,Employed,10,Poor,0.3859,29740.0,2.0,Blakeside,FL,Iran,3.0,1,Low
44,Female,Master's,Widowed,66129.0,734.0,27871.0,Home,Employed,7,Fair,0.3286,101314.0,4.0,Port David,PA,Cameroon,2.0,0,High
19,Female,Master's,Widowed,95829.0,672.0,8034.0,Business,Employed,10,Excellent,0.3126,76987.0,1.0,Robertstown,MS,Iraq,0.0,0,Low
46,Male,Master's,Divorced,112081.0,672.0,23984.0,Home,Unemployed,12,Poor,0.216,160739.0,2.0,Brooksfurt,NC,Serbia,0.0,2,High
56,Female,Master's,Married,26092.0,789.0,13678.0,Personal,Self-employed,0,Fair,0.1988,157039.0,0.0,Jonesside,AZ,Trinidad and Tobago,4.0,0,Low
18,Non-binary,High School,Married,72184.0,714.0,17742.0,Home,Self-employed,7,Poor,0.4213,231955.0,2.0,South Cassandra,GU,Mauritania,3.0,0,Low
23,Male,High School,Divorced,29524.0,660.0,13509.0,Auto,Self-employed,18,Good,0.1751,183340.0,3.0,West Codyfort,ID,Guam,3.0,2,Low
42,Female,Bachelor's,Divorced,49992.0,774.0,13371.0,Auto,Employed,0,Good,0.3693,199454.0,4.0,East Shannonmouth,MN,Romania,0.0,0,Low
21,Male,High School,Married,71224.0,664.0,39193.0,Business,Employed,19,Good,0.4292,165480.0,2.0,East Shawna,MT,Bouvet Island (Bouvetoya),2.0,1,Medium
38,Female,Master's,Single,38101.0,777.0,8494.0,Business,Unemployed,5,Good,0.3664,222515.0,1.0,West Martinchester,VI,Israel,1.0,0,Low
45,Male,Master's,Widowed,69527.0,689.0,20098.0,Home,Unemployed,0,Poor,0.177,69761.0,4.0,West Jeffreyville,MP,Sudan,1.0,1,Low
56,Female,Master's,Divorced,112635.0,622.0,41968.0,Business,Unemployed,14,Good,0.305,107657.0,1.0,Manuelchester,AR,Montenegro,0.0,1,Medium
66,Non-binary,Bachelor's,Divorced,20016.0,799.0,37035.0,Auto,Unemployed,10,Good,0.135,197567.0,2.0,Lake Bryanland,RI,Croatia,0.0,2,High
32,Non-binary,PhD,Divorced,94081.0,614.0,25999.0,Business,Unemployed,14,Poor,0.2807,150543.0,3.0,Shepherdville,OH,Malawi,4.0,1,Low
63,Male,Master's,Single,99118.0,615.0,41989.0,Home,Self-employed,4,Fair,0.2382,100488.0,0.0,Codyton,SC,Malawi,4.0,1,Low
67,Male,Master's,Widowed,23996.0,604.0,15341.0,Auto,Employed,18,Excellent,0.4574,69607.0,1.0,Hintonfurt,IL,Jamaica,0.0,2,Medium
57,Male,Bachelor's,Married,29182.0,648.0,36298.0,Auto,Self-employed,10,Fair,0.3257,57129.0,0.0,South Paul,RI,Germany,2.0,2,Low
65,Male,High School,Married,90035.0,690.0,15938.0,Personal,Self-employed,3,Fair,0.4805,232371.0,1.0,Port Carrie,CO,Papua New Guinea,2.0,1,Low
53,Male,Master's,Widowed,29305.0,698.0,38611.0,Auto,Unemployed,15,Poor,0.5803,47877.0,0.0,Stantonside,ID,Myanmar,1.0,1,Low
48,Non-binary,Master's,Divorced,70808.0,644.0,40010.0,Home,Self-employed,13,Good,0.2285,240970.0,1.0,South Rickychester,IN,Brazil,2.0,1,Medium
28,Male,Master's,Single,109023.0,722.0,32588.0,Personal,Self-employed,13,Good,0.1853,240843.0,0.0,Bensonfurt,CT,Cook Islands,1.0,1,Low
64,Female,Bachelor's,Married,52643.0,786.0,32573.0,Personal,Employed,12,Good,0.5348,35676.0,3.0,Lake James,MI,Canada,4.0,0,Medium
59,Female,Master's,Married,88382.0,662.0,45870.0,Personal,Unemployed,19,Excellent,0.2298,125622.0,3.0,Bethhaven,KY,Japan,2.0,2,Low
20,Female,Master's,Married,77937.0,659.0,35466.0,Auto,Employed,11,Excellent,0.1364,174289.0,1.0,New Robert,VA,Christmas Island,2.0,0,Medium
42,Male,Bachelor's,Widowed,104590.0,682.0,44674.0,Business,Employed,4,Fair,0.4546,50368.0,4.0,Robertsonfort,DC,Saint Pierre and Miquelon,4.0,0,Low
68,Non-binary,High School,Widowed,94300.0,698.0,25360.0,Auto,Unemployed,16,Poor,0.207,155973.0,0.0,Geraldhaven,SC,Costa Rica,3.0,0,Low
42,Female,Bachelor's,Married,36860.0,700.0,35870.0,Personal,Employed,8,Fair,0.156,200700.0,3.0,Foxton,FL,Bolivia,0.0,0,Medium
24,Male,Master's,Widowed,66229.0,734.0,8630.0,Auto,Employed,19,Fair,0.5457,125960.0,4.0,Gomezchester,ME,French Guiana,4.0,2,Low
42,Male,Master's,Divorced,119317.0,662.0,33217.0,Business,Employed,8,Good,0.5748,293739.0,4.0,New Ashleyborough,NE,Cuba,3.0,0,Low
50,Female,PhD,Married,113938.0,714.0,27179.0,Auto,Self-employed,18,Good,0.2544,240597.0,1.0,Lake Lindsey,MP,Botswana,0.0,1,Low
27,Non-binary,Master's,Widowed,95324.0,620.0,48235.0,Personal,Self-employed,6,Poor,0.1303,45742.0,2.0,West Timothyberg,VT,Namibia,2.0,2,Low
21,Non-binary,Bachelor's,Widowed,21071.0,674.0,19789.0,Business,Unemployed,14,Poor,0.4982,56410.0,4.0,East Randyshire,OK,Sierra Leone,2.0,1,Low
43,Male,Bachelor's,Married,42580.0,614.0,33843.0,Personal,Employed,14,Poor,0.5706,294914.0,2.0,East Natasha,SD,United States Virgin Islands,2.0,2,Low
31,Non-binary,High School,Widowed,27087.0,756.0,7214.0,Auto,Employed,19,Poor,0.4391,147820.0,3.0,Sarahborough,UT,Kuwait,2.0,2,Low
59,Female,Master's,Single,103973.0,683.0,49414.0,Personal,Self-employed,18,Poor,0.4466,122236.0,1.0,East Ronnie,NJ,Northern Mariana Islands,0.0,0,Medium
68,Male,Master's,Widowed,74681.0,773.0,28480.0,Home,Unemployed,0,Excellent,0.5105,261312.0,2.0,New Petermouth,NE,Korea,4.0,2,Low
30,Non-binary,High School,Single,106544.0,769.0,44185.0,Business,Unemployed,18,Good,0.5522,83460.0,4.0,Melvinchester,MT,Monaco,3.0,0,Low
18,Non-binary,PhD,Divorced,35591.0,701.0,29270.0,Auto,Employed,10,Fair,0.5916,146097.0,2.0,Lake Steve,MS,Colombia,0.0,1,Low
56,Male,Bachelor's,Single,84067.0,778.0,39308.0,Home,Self-employed,13,Fair,0.2607,53125.0,1.0,Amychester,TX,Poland,0.0,1,Low
26,Non-binary,Master's,Widowed,42463.0,616.0,47130.0,Home,Unemployed,1,Good,0.1845,268675.0,4.0,Erinberg,DE,Bulgaria,0.0,1,Low
50,Male,High School,Divorced,52171.0,745.0,34384.0,Personal,Employed,7,Fair,0.1476,299247.0,3.0,Lake Jessica,WI,Niger,3.0,2,Medium
44,Non-binary,Bachelor's,Single,60728.0,673.0,22668.0,Business,Self-employed,5,Good,0.3089,267464.0,1.0,West Virginia,AS,Angola,1.0,1,Low
35,Female,High School,Single,58839.0,721.0,18758.0,Business,Employed,4,Excellent,0.2845,160540.0,3.0,North Jennaburgh,KS,Lao People's Democratic Republic,1.0,2,Low
27,Male,High School,Divorced,31603.0,684.0,24256.0,Personal,Unemployed,11,Fair,0.2485,68371.0,3.0,Angelhaven,AS,Greenland,4.0,0,Medium
63,Female,High School,Widowed,118505.0,644.0,23561.0,Home,Unemployed,2,Poor,0.1305,60875.0,2.0,Hicksstad,MD,Mauritania,3.0,2,Medium
35,Male,Bachelor's,Divorced,97838.0,796.0,7347.0,Auto,Self-employed,17,Excellent,0.2851,26421.0,4.0,East Jamesmouth,CO,Iceland,3.0,2,Medium
20,Female,Bachelor's,Single,25361.0,626.0,15383.0,Auto,Unemployed,5,Fair,0.5072,166453.0,0.0,Lake Oliviashire,IN,Oman,4.0,1,High
18,Female,High School,Widowed,78451.0,754.0,17952.0,Personal,Unemployed,1,Fair,0.1377,101021.0,2.0,Parkborough,NC,Afghanistan,1.0,2,Medium
50,Female,Bachelor's,Divorced,84105.0,733.0,12593.0,Business,Unemployed,18,Excellent,0.5619,94079.0,0.0,North Jacqueline,SD,Palestinian Territory,4.0,2,High
69,Female,Master's,Widowed,78786.0,664.0,48547.0,Auto,Self-employed,11,Good,0.2909,290173.0,0.0,Butlerfort,ID,Andorra,4.0,0,Low
36,Non-binary,Bachelor's,Widowed,61095.0,761.0,40568.0,Home,Employed,17,Fair,0.2604,58038.0,2.0,West Paul,VI,Falkland Islands (Malvinas),1.0,0,Low
39,Female,High School,Widowed,29605.0,703.0,49781.0,Auto,Employed,19,Excellent,0.2356,74073.0,0.0,Vincentshire,SD,Chad,1.0,1,Medium
31,Non-binary,High School,Married,79261.0,737.0,49531.0,Business,Unemployed,6,Excellent,0.2257,122714.0,0.0,West Raventon,LA,Russian Federation,1.0,1,Medium
20,Male,High School,Single,89177.0,782.0,46465.0,Auto,Employed,3,Excellent,0.4351,171773.0,2.0,West Zachary,AZ,Niue,4.0,2,Medium
41,Male,Master's,Single,28945.0,657.0,31571.0,Home,Self-employed,13,Fair,0.1273,189100.0,1.0,South Kendra,AZ,Madagascar,1.0,0,Low
26,Non-binary,Master's,Married,42658.0,649.0,22921.0,Personal,Self-employed,7,Good,0.4047,276296.0,2.0,East Frankchester,DE,Paraguay,0.0,0,Low
33,Female,High School,Divorced,67941.0,650.0,41623.0,Business,Unemployed,13,Poor,0.2073,32512.0,4.0,Jonathanburgh,VI,Syrian Arab Republic,2.0,1,Low
42,Female,Master's,Divorced,49179.0,713.0,24715.0,Business,Employed,18,Good,0.22,278316.0,4.0,Simmonsbury,NJ,Saudi Arabia,4.0,1,Medium
69,Male,High School,Widowed,75076.0,785.0,16243.0,Home,Self-employed,17,Good,0.2037,249472.0,4.0,North Duane,NH,Jamaica,3.0,2,Low
60,Non-binary,Master's,Widowed,44260.0,705.0,44338.0,Auto,Self-employed,2,Poor,0.3789,218279.0,2.0,West David,ME,Georgia,0.0,2,Low
35,Female,PhD,Divorced,56181.0,705.0,43419.0,Home,Unemployed,8,Good,0.4229,38663.0,3.0,New Sara,OH,Lesotho,4.0,0,Low
40,Non-binary,High School,Divorced,119958.0,755.0,10119.0,Personal,Employed,6,Good,0.4106,209161.0,2.0,New Tim,PW,Pakistan,2.0,1,High
58,Male,PhD,Single,37748.0,686.0,30497.0,Auto,Unemployed,0,Excellent,0.2409,289343.0,4.0,Davisburgh,ME,Burundi,0.0,1,Low
41,Non-binary,Bachelor's,Single,22407.0,749.0,17509.0,Business,Self-employed,4,Excellent,0.1792,99902.0,4.0,Traciberg,MH,Bouvet Island (Bouvetoya),3.0,2,Low
35,Male,Bachelor's,Married,61205.0,704.0,25841.0,Personal,Employed,10,Poor,0.4873,187916.0,4.0,Knightport,PW,Rwanda,2.0,2,Low
36,Female,High School,Married,78798.0,722.0,39885.0,Auto,Self-employed,15,Excellent,0.3681,269389.0,4.0,Franciscoberg,ID,American Samoa,4.0,0,Low
43,Non-binary,Bachelor's,Divorced,114679.0,777.0,38470.0,Auto,Employed,5,Good,0.1298,274485.0,3.0,Osbornbury,VI,Costa Rica,3.0,1,Medium
42,Non-binary,Master's,Widowed,81561.0,666.0,32258.0,Business,Employed,17,Fair,0.3882,153847.0,2.0,Brianashire,VT,Peru,4.0,1,Low
20,Female,Master's,Single,88850.0,672.0,8366.0,Home,Unemployed,0,Good,0.5291,58550.0,2.0,Kellerbury,KY,United Kingdom,0.0,0,Medium
18,Female,PhD,Divorced,93746.0,684.0,14545.0,Business,Employed,17,Good,0.4473,180565.0,0.0,Jonesside,OR,Mozambique,2.0,0,Medium
59,Male,PhD,Widowed,102424.0,630.0,48530.0,Business,Self-employed,16,Fair,0.5099,182475.0,2.0,South Natashaton,AS,Panama,3.0,1,High
35,Female,High School,Married,109627.0,755.0,6719.0,Personal,Unemployed,18,Excellent,0.1215,234497.0,2.0,Kathyshire,NY,Cayman Islands,3.0,0,Low
63,Non-binary,Bachelor's,Single,26647.0,790.0,10033.0,Auto,Unemployed,12,Good,0.5402,137014.0,1.0,West Jessicashire,WA,Antarctica (the territory South of 60 deg S),0.0,2,Low
28,Non-binary,High School,Married,55242.0,709.0,21179.0,Business,Employed,7,Poor,0.445,225899.0,1.0,Meltonborough,MD,Brazil,3.0,1,Low
38,Non-binary,PhD,Single,99941.0,751.0,30532.0,Home,Unemployed,15,Good,0.545,70397.0,1.0,Michaelland,AK,Sweden,4.0,0,Medium
67,Female,PhD,Married,32987.0,664.0,30150.0,Home,Unemployed,6,Fair,0.4704,267560.0,0.0,Kellyshire,AS,Seychelles,4.0,2,Medium
63,Male,PhD,Married,62311.0,604.0,19760.0,Auto,Employed,5,Excellent,0.5773,195388.0,2.0,North Kimberlystad,MA,Saint Pierre and Miquelon,3.0,1,Low
32,Female,High School,Single,79303.0,726.0,5645.0,Auto,Unemployed,5,Good,0.3669,235813.0,4.0,Brittanyshire,WI,India,1.0,1,Low
46,Non-binary,Bachelor's,Widowed,119020.0,724.0,9806.0,Business,Self-employed,11,Poor,0.1129,54801.0,2.0,Stevenland,AZ,South Africa,0.0,1,Low
24,Non-binary,High School,Divorced,85729.0,744.0,14764.0,Auto,Employed,18,Fair,0.483,126985.0,0.0,Arthurhaven,PW,Northern Mariana Islands,3.0,0,Medium
52,Male,PhD,Married,99453.0,774.0,27510.0,Home,Employed,10,Excellent,0.2182,262530.0,0.0,New Megan,DC,Somalia,1.0,1,Low
22,Non-binary,PhD,Single,38642.0,727.0,7966.0,Personal,Unemployed,17,Excellent,0.1947,152675.0,3.0,New Renee,MH,Dominica,4.0,1,High
69,Male,High School,Divorced,88458.0,778.0,10611.0,Home,Employed,1,Poor,0.3637,185665.0,0.0,Kellyfort,NM,Germany,4.0,1,Low
45,Male,Master's,Widowed,56069.0,741.0,41421.0,Home,Unemployed,8,Poor,0.3762,51691.0,1.0,Johnton,TX,Papua New Guinea,0.0,0,High
20,Female,Master's,Divorced,98948.0,723.0,19598.0,Business,Unemployed,16,Good,0.1783,264143.0,2.0,New Marvin,NH,Angola,3.0,1,Low
21,Non-binary,PhD,Single,109949.0,626.0,30906.0,Business,Unemployed,10,Fair,0.3252,101362.0,1.0,Port Josebury,RI,Bhutan,1.0,0,Medium
22,Male,PhD,Married,33091.0,695.0,39544.0,Home,Employed,3,Good,0.3964,64346.0,1.0,West Catherine,IA,Afghanistan,1.0,2,Medium
24,Non-binary,Bachelor's,Widowed,66032.0,703.0,31880.0,Business,Unemployed,19,Poor,0.2683,162299.0,2.0,Matthewbury,VI,Venezuela,2.0,2,Low
33,Female,PhD,Married,104042.0,696.0,16682.0,Personal,Unemployed,5,Good,0.1874,34979.0,4.0,Aprilberg,NJ,Eritrea,0.0,1,Low
45,Non-binary,Master's,Widowed,117328.0,778.0,8409.0,Business,Employed,6,Excellent,0.3584,156533.0,3.0,Shannonburgh,NH,Lao People's Democratic Republic,2.0,1,Low
66,Non-binary,Bachelor's,Single,105537.0,682.0,18155.0,Auto,Self-employed,12,Good,0.1684,51446.0,4.0,Grossstad,GA,Papua New Guinea,2.0,1,Medium
41,Female,Bachelor's,Married,73076.0,744.0,49677.0,Personal,Self-employed,10,Excellent,0.2917,135340.0,1.0,Townsendport,FM,United Kingdom,1.0,0,Low
26,Female,Bachelor's,Divorced,45365.0,760.0,12350.0,Business,Employed,17,Poor,0.4099,37798.0,3.0,North Elizabeth,PR,Sweden,1.0,0,Medium
63,Non-binary,PhD,Divorced,85264.0,741.0,34481.0,Auto,Self-employed,7,Fair,0.5122,149913.0,2.0,Jacksonland,CT,Gambia,0.0,0,Medium
36,Non-binary,PhD,Single,105870.0,667.0,7413.0,Home,Unemployed,18,Good,0.3351,70401.0,4.0,New Seanview,MT,Palau,0.0,0,Low
66,Non-binary,PhD,Divorced,90949.0,656.0,13004.0,Home,Unemployed,14,Poor,0.2502,93828.0,2.0,Josephborough,MP,Aruba,2.0,1,Low
34,Male,High School,Widowed,107090.0,640.0,24494.0,Auto,Self-employed,8,Excellent,0.5779,176733.0,2.0,Michaelborough,TX,Argentina,1.0,2,Low
31,Female,Master's,Married,36453.0,631.0,43117.0,Auto,Unemployed,9,Excellent,0.4711,150597.0,3.0,North Davidville,PR,Equatorial Guinea,2.0,1,Medium
45,Female,PhD,Widowed,102946.0,731.0,37461.0,Personal,Unemployed,6,Excellent,0.5913,218790.0,4.0,Burnsborough,GU,Liberia,2.0,1,High
52,Female,Master's,Married,96910.0,715.0,31326.0,Home,Self-employed,12,Fair,0.1488,257889.0,4.0,Edwardsburgh,LA,Singapore,0.0,2,Medium
56,Non-binary,High School,Divorced,116531.0,640.0,13122.0,Business,Unemployed,1,Excellent,0.1049,41770.0,2.0,Loristad,VT,Andorra,1.0,0,Low
60,Male,High School,Married,40501.0,658.0,21511.0,Personal,Employed,2,Poor,0.3497,158379.0,4.0,Port Frederick,HI,Timor-Leste,2.0,0,Low
51,Female,Master's,Divorced,77719.0,769.0,23645.0,Auto,Self-employed,14,Fair,0.1307,100136.0,0.0,New Williamside,UT,Tajikistan,4.0,2,Medium
44,Female,PhD,Married,23796.0,785.0,15251.0,Home,Self-employed,17,Poor,0.269,208696.0,4.0,Lowemouth,NE,Marshall Islands,4.0,0,Medium
32,Non-binary,Master's,Widowed,109595.0,679.0,34280.0,Business,Self-employed,9,Good,0.2831,20914.0,2.0,Johnsonmouth,WV,Mozambique,2.0,2,Medium
65,Non-binary,Bachelor's,Widowed,105062.0,653.0,5503.0,Personal,Unemployed,10,Poor,0.1022,263215.0,1.0,West Amber,TN,United Arab Emirates,3.0,2,Medium
65,Male,Bachelor's,Widowed,97795.0,769.0,48159.0,Home,Self-employed,4,Fair,0.5477,199702.0,0.0,Nelsonport,NM,Argentina,1.0,0,Medium
47,Female,PhD,Single,82054.0,704.0,21964.0,Auto,Unemployed,1,Good,0.305,69693.0,3.0,New Tinastad,AK,Saint Helena,1.0,0,Medium
33,Male,Master's,Single,47424.0,761.0,26308.0,Business,Employed,19,Good,0.3744,26309.0,2.0,South Cathy,RI,Pakistan,2.0,0,Low
44,Male,Master's,Divorced,96475.0,616.0,17025.0,Auto,Employed,5,Fair,0.3829,253228.0,2.0,Katherinemouth,ID,China,1.0,1,Low
41,Male,High School,Divorced,118233.0,630.0,5816.0,Home,Self-employed,0,Excellent,0.3133,63815.0,2.0,New Jessicaport,TN,Lebanon,2.0,2,Medium
35,Female,High School,Widowed,84385.0,610.0,40500.0,Home,Unemployed,7,Excellent,0.4687,168064.0,3.0,Port Michellebury,WV,Gabon,1.0,0,Low
22,Male,Bachelor's,Married,100974.0,604.0,15637.0,Home,Employed,18,Poor,0.4945,284219.0,3.0,Calvinside,CT,Azerbaijan,1.0,0,Low
48,Female,PhD,Widowed,88078.0,739.0,10032.0,Auto,Self-employed,6,Fair,0.1578,179745.0,1.0,Martinezchester,MA,Cocos (Keeling) Islands,2.0,0,Low
42,Female,Bachelor's,Single,118510.0,729.0,22503.0,Auto,Self-employed,7,Good,0.1792,81552.0,3.0,Port Eric,MT,Chad,4.0,0,Low
35,Female,High School,Married,29963.0,793.0,33412.0,Business,Unemployed,4,Fair,0.2147,223756.0,0.0,Adamsfurt,MD,Australia,0.0,2,Low
32,Male,Master's,Married,59879.0,624.0,33432.0,Business,Employed,18,Excellent,0.3727,39695.0,3.0,Lake Michaelview,MT,Turks and Caicos Islands,2.0,2,Low
41,Non-binary,PhD,Married,99098.0,684.0,25650.0,Home,Employed,15,Fair,0.1744,269948.0,2.0,East Matthewton,NC,Sri Lanka,1.0,1,Low
22,Non-binary,PhD,Single,32210.0,606.0,26221.0,Personal,Self-employed,12,Poor,0.2624,158127.0,2.0,Port Edwin,CA,Central African Republic,1.0,1,Low
41,Non-binary,High School,Divorced,24746.0,677.0,34722.0,Business,Unemployed,6,Fair,0.2438,33809.0,0.0,Port Lisa,MS,Nicaragua,0.0,2,Low
44,Female,Bachelor's,Widowed,30022.0,662.0,31218.0,Business,Self-employed,6,Fair,0.1906,48885.0,2.0,New Jason,TN,Barbados,4.0,1,Medium
55,Non-binary,Master's,Married,88895.0,694.0,20829.0,Personal,Employed,13,Poor,0.3351,244522.0,4.0,Saratown,MN,Andorra,0.0,1,Low
43,Male,PhD,Divorced,67387.0,621.0,18236.0,Personal,Unemployed,6,Fair,0.1072,141677.0,1.0,Port Shawnberg,FL,Nicaragua,0.0,2,Low
56,Non-binary,High School,Widowed,71284.0,791.0,31293.0,Personal,Unemployed,1,Poor,0.3389,126908.0,3.0,North Rhondahaven,AS,Turkmenistan,4.0,1,Low
45,Non-binary,PhD,Married,58652.0,663.0,25712.0,Personal,Unemployed,17,Fair,0.3263,205608.0,2.0,Lake Benjamin,MI,Macao,1.0,1,Medium
22,Female,High School,Single,35376.0,749.0,36995.0,Home,Unemployed,16,Poor,0.3452,72234.0,4.0,East Kristina,NC,Central African Republic,2.0,1,Low
57,Non-binary,Master's,Widowed,89859.0,601.0,15353.0,Personal,Employed,13,Excellent,0.4793,233283.0,4.0,New John,NC,American Samoa,4.0,2,High
54,Non-binary,Bachelor's,Divorced,40388.0,705.0,34839.0,Auto,Unemployed,10,Fair,0.354,191190.0,2.0,Port Sandrabury,MS,Mexico,3.0,1,Low
30,Female,High School,Married,74818.0,649.0,21999.0,Business,Self-employed,3,Fair,0.1059,178980.0,3.0,New Dana,SD,British Indian Ocean Territory (Chagos Archipelago),0.0,1,Low
41,Male,PhD,Single,60428.0,719.0,9720.0,Auto,Self-employed,15,Fair,0.1866,296482.0,2.0,North Dominiquehaven,DE,Gambia,0.0,0,Medium
47,Non-binary,Bachelor's,Single,101352.0,767.0,9156.0,Auto,Employed,1,Fair,0.5641,64253.0,1.0,North Meghan,UT,Guinea,3.0,2,Low
47,Non-binary,High School,Divorced,85267.0,686.0,34134.0,Business,Self-employed,9,Fair,0.2838,171850.0,1.0,West Lisaland,MD,Jamaica,2.0,1,Low
19,Non-binary,Master's,Widowed,114760.0,699.0,11747.0,Personal,Employed,13,Poor,0.3242,240614.0,0.0,South Richard,IL,Congo,1.0,1,Low
31,Female,PhD,Widowed,47394.0,639.0,30590.0,Home,Unemployed,6,Good,0.1307,100429.0,1.0,Kristentown,GA,Tuvalu,1.0,0,High
21,Male,High School,Single,63715.0,686.0,27814.0,Personal,Self-employed,2,Fair,0.2908,155117.0,4.0,Lisahaven,AZ,Cameroon,3.0,2,Low
35,Female,High School,Widowed,38204.0,611.0,47824.0,Business,Employed,7,Fair,0.4835,109249.0,4.0,South Michael,NH,Swaziland,1.0,0,High
46,Male,Bachelor's,Divorced,79478.0,648.0,18280.0,Personal,Self-employed,0,Good,0.5297,290276.0,3.0,Richardsonhaven,CT,Gibraltar,3.0,0,Low
37,Female,Bachelor's,Widowed,74281.0,758.0,25122.0,Business,Employed,17,Fair,0.4296,221857.0,3.0,North Kristi,UT,Equatorial Guinea,3.0,1,Low
29,Non-binary,Bachelor's,Divorced,42695.0,789.0,37241.0,Business,Self-employed,11,Poor,0.1707,221061.0,4.0,Geoffreyburgh,UT,Swaziland,0.0,2,Low
55,Male,High School,Divorced,65370.0,659.0,26309.0,Auto,Employed,2,Poor,0.15,294481.0,1.0,Obrienfurt,PA,Antarctica (the territory South of 60 deg S),4.0,0,Medium
27,Non-binary,Bachelor's,Widowed,47299.0,721.0,48218.0,Home,Unemployed,14,Fair,0.1338,89057.0,0.0,South Barry,SC,Tanzania,0.0,2,Low
57,Female,High School,Widowed,108660.0,623.0,33632.0,Personal,Employed,12,Good,0.1473,113997.0,3.0,New Matthew,OK,Chile,2.0,0,High
63,Non-binary,PhD,Divorced,97331.0,775.0,37831.0,Auto,Unemployed,19,Fair,0.2109,63902.0,4.0,Millerbury,RI,Iceland,4.0,1,Low
35,Male,PhD,Married,66515.0,786.0,33821.0,Auto,Unemployed,15,Poor,0.4125,134023.0,3.0,West Gregorytown,MN,Denmark,0.0,2,Low
50,Non-binary,Bachelor's,Married,27894.0,634.0,43839.0,Personal,Self-employed,3,Fair,0.3466,299439.0,1.0,Huangside,MH,Jordan,3.0,2,Low
37,Male,Bachelor's,Single,81404.0,754.0,41446.0,Home,Unemployed,7,Excellent,0.5614,151844.0,0.0,Josephborough,NC,Singapore,2.0,2,Low
26,Non-binary,High School,Single,60327.0,721.0,5173.0,Home,Employed,3,Poor,0.1962,131651.0,2.0,West Jennifer,MO,Brunei Darussalam,2.0,0,High
41,Female,PhD,Married,61435.0,764.0,47365.0,Personal,Unemployed,4,Good,0.2624,262395.0,4.0,Katelynchester,NM,British Indian Ocean Territory (Chagos Archipelago),1.0,2,Low
55,Female,High School,Married,29765.0,688.0,7821.0,Personal,Employed,19,Good,0.5572,160205.0,3.0,West James,PR,Bolivia,1.0,2,Low
35,Female,Master's,Married,48340.0,757.0,13858.0,Auto,Unemployed,14,Excellent,0.1889,280441.0,3.0,East Christina,SD,Mauritania,0.0,1,Medium
54,Non-binary,Bachelor's,Single,102910.0,678.0,23398.0,Personal,Self-employed,10,Excellent,0.5208,211305.0,3.0,North Katherinetown,HI,Saint Vincent and the Grenadines,0.0,0,Medium
21,Non-binary,High School,Married,36192.0,791.0,30547.0,Auto,Unemployed,4,Excellent,0.4403,175263.0,1.0,Ashleyfurt,MT,Guyana,0.0,1,Low
43,Non-binary,Bachelor's,Divorced,99030.0,712.0,42136.0,Home,Self-employed,4,Excellent,0.2936,61686.0,2.0,East Jennifer,RI,Saint Lucia,0.0,2,Low
29,Non-binary,Bachelor's,Single,44408.0,795.0,39392.0,Home,Self-employed,7,Poor,0.4107,274191.0,3.0,West Chrisburgh,NE,Benin,2.0,2,Low
43,Male,High School,Married,69554.0,696.0,12764.0,Auto,Self-employed,3,Fair,0.5718,178245.0,4.0,Washingtonview,PR,Taiwan,2.0,2,Low
42,Male,Bachelor's,Single,48754.0,721.0,21595.0,Auto,Self-employed,7,Fair,0.3056,40481.0,3.0,Tuckertown,IN,Central African Republic,2.0,2,High
23,Female,High School,Widowed,20638.0,679.0,39219.0,Auto,Self-employed,3,Fair,0.3083,220463.0,1.0,West Randallview,MS,Swaziland,4.0,0,Medium
61,Non-binary,Master's,Married,32204.0,628.0,12398.0,Home,Employed,6,Excellent,0.5212,22382.0,0.0,Wisemouth,VT,Cote d'Ivoire,1.0,0,Low
61,Male,High School,Married,35330.0,610.0,49123.0,Personal,Self-employed,15,Fair,0.1778,88237.0,1.0,Rebeccaland,AR,Antigua and Barbuda,2.0,2,Medium
24,Female,High School,Married,73780.0,649.0,46951.0,Personal,Self-employed,19,Fair,0.2533,35314.0,2.0,West Nicolemouth,SC,Guinea,2.0,0,High
21,Non-binary,High School,Single,91310.0,726.0,16682.0,Auto,Self-employed,6,Poor,0.1706,292912.0,3.0,Lake Tammy,FL,Isle of Man,2.0,0,Low
42,Male,Bachelor's,Married,101748.0,671.0,16575.0,Personal,Self-employed,14,Poor,0.2437,184613.0,1.0,Loweville,PA,Myanmar,2.0,1,Low
24,Non-binary,Master's,Divorced,119567.0,798.0,9616.0,Auto,Unemployed,11,Poor,0.4448,88485.0,4.0,Stephaniemouth,WI,South Africa,4.0,0,Medium
52,Male,High School,Married,24782.0,654.0,46997.0,Auto,Employed,12,Good,0.5575,137888.0,2.0,Port Elizabethfurt,AR,Ghana,3.0,1,Low
54,Non-binary,Bachelor's,Divorced,62816.0,747.0,34653.0,Personal,Employed,14,Poor,0.402,217877.0,1.0,New Conniestad,VA,Switzerland,3.0,2,Low
64,Female,PhD,Widowed,44599.0,714.0,29569.0,Personal,Self-employed,19,Poor,0.3626,76086.0,0.0,Cooleyfort,LA,Morocco,3.0,2,Medium
66,Female,High School,Single,69383.0,755.0,6977.0,Business,Self-employed,10,Excellent,0.3227,103451.0,1.0,Smithland,NJ,Tunisia,0.0,1,Medium
18,Male,PhD,Divorced,108424.0,627.0,28083.0,Business,Self-employed,9,Fair,0.4543,267933.0,1.0,West Courtney,OK,Armenia,4.0,2,Medium
35,Non-binary,High School,Divorced,38991.0,669.0,47865.0,Business,Self-employed,1,Fair,0.2527,69703.0,1.0,Johnsonbury,OH,Oman,1.0,2,Low
26,Male,High School,Divorced,80530.0,717.0,12658.0,Personal,Unemployed,2,Good,0.118,218176.0,0.0,East Coryberg,VA,Niger,3.0,1,Low
67,Non-binary,High School,Single,54111.0,632.0,26602.0,Auto,Self-employed,11,Poor,0.5051,103202.0,1.0,North Shaun,KY,Latvia,4.0,1,Low
52,Male,Master's,Married,27274.0,763.0,47908.0,Personal,Unemployed,18,Good,0.4418,159150.0,4.0,West Samanthaton,WA,Saint Barthelemy,2.0,2,Low
34,Female,Master's,Married,92964.0,631.0,12375.0,Auto,Self-employed,17,Poor,0.3981,171865.0,0.0,Popemouth,PA,Brunei Darussalam,4.0,0,Medium
65,Male,PhD,Divorced,105909.0,727.0,26200.0,Auto,Employed,19,Fair,0.3636,253514.0,3.0,New Johnfort,IN,Kenya,2.0,0,Low
34,Male,Bachelor's,Widowed,52309.0,796.0,18056.0,Business,Self-employed,5,Excellent,0.4024,256395.0,3.0,Williamsside,NJ,Bhutan,4.0,1,Low
52,Male,PhD,Single,35058.0,678.0,18720.0,Personal,Self-employed,8,Fair,0.4363,215127.0,0.0,Arnoldton,MS,Thailand,1.0,1,Low
52,Male,Bachelor's,Widowed,109694.0,680.0,17327.0,Home,Self-employed,14,Poor,0.3034,215627.0,1.0,East Ashley,AR,Tuvalu,3.0,1,High
60,Non-binary,High School,Divorced,100731.0,686.0,39999.0,Personal,Employed,7,Excellent,0.2329,157042.0,0.0,North Michaelstad,NC,Tunisia,3.0,0,Low
50,Non-binary,High School,Widowed,99923.0,759.0,38575.0,Business,Employed,8,Good,0.2313,255936.0,4.0,Justinville,MS,Malta,0.0,0,High
38,Non-binary,Bachelor's,Single,26320.0,716.0,22680.0,Home,Employed,9,Excellent,0.1057,206459.0,0.0,East Jennifer,OR,Afghanistan,0.0,2,Low
22,Non-binary,PhD,Single,107592.0,790.0,19761.0,Business,Employed,18,Good,0.2143,218907.0,2.0,Lake Robert,SD,Norway,0.0,2,Low
44,Female,Bachelor's,Widowed,39943.0,604.0,12150.0,Home,Self-employed,5,Poor,0.1255,173099.0,3.0,Mcmahonmouth,NJ,Guatemala,3.0,0,Medium
51,Male,Bachelor's,Divorced,30872.0,672.0,39313.0,Auto,Unemployed,4,Poor,0.2154,264431.0,1.0,Knightberg,WA,Cook Islands,1.0,0,Low
57,Female,Bachelor's,Married,37178.0,745.0,49549.0,Business,Self-employed,11,Good,0.5431,60786.0,4.0,East Charles,IN,Bangladesh,4.0,1,Medium
30,Female,Master's,Widowed,79612.0,758.0,43313.0,Auto,Self-employed,0,Poor,0.29,265772.0,1.0,Duncanland,ID,Mauritius,2.0,0,Low
59,Female,Master's,Single,39749.0,749.0,14782.0,Personal,Employed,3,Good,0.1196,52576.0,1.0,Samanthashire,DC,Nicaragua,1.0,2,High
55,Non-binary,Bachelor's,Widowed,43902.0,734.0,11777.0,Home,Self-employed,11,Excellent,0.437,99923.0,2.0,West Heidi,AR,Ecuador,0.0,1,Medium
18,Female,PhD,Divorced,68865.0,795.0,28183.0,Auto,Employed,3,Excellent,0.3872,53377.0,0.0,Brownchester,AR,Saint Pierre and Miquelon,0.0,1,Low
58,Non-binary,High School,Single,53630.0,752.0,17050.0,Auto,Self-employed,13,Fair,0.3353,153646.0,1.0,South Hollyberg,MI,Sudan,3.0,1,Low
34,Male,PhD,Married,33200.0,725.0,17292.0,Home,Employed,10,Poor,0.4427,130942.0,0.0,North Heidichester,PW,Comoros,3.0,1,Low
66,Female,Bachelor's,Widowed,107755.0,616.0,36767.0,Business,Employed,5,Good,0.5573,50089.0,3.0,New Victoriatown,MS,Cocos (Keeling) Islands,0.0,0,Medium
66,Male,Master's,Married,82873.0,724.0,35509.0,Personal,Self-employed,0,Poor,0.3952,152201.0,1.0,Port Lauren,CO,Italy,0.0,2,Low
41,Female,PhD,Widowed,99544.0,658.0,5785.0,Home,Self-employed,9,Good,0.5329,32849.0,4.0,Weissbury,OR,Sri Lanka,1.0,1,Low
33,Male,PhD,Married,68106.0,637.0,23809.0,Home,Unemployed,12,Fair,0.1655,55548.0,3.0,Mendozastad,AS,Isle of Man,4.0,0,Medium
50,Non-binary,Master's,Divorced,116944.0,693.0,24782.0,Business,Employed,5,Good,0.2907,216952.0,0.0,Port Kevinmouth,DC,Burundi,3.0,1,Medium
64,Male,Master's,Widowed,105177.0,624.0,25244.0,Auto,Self-employed,10,Excellent,0.2404,243093.0,0.0,West Elizabethhaven,MH,Finland,3.0,2,Low
20,Female,Master's,Widowed,85197.0,782.0,11263.0,Auto,Employed,10,Poor,0.375,177288.0,2.0,Amandashire,WV,Ghana,3.0,1,Low
26,Non-binary,Master's,Widowed,62719.0,796.0,41540.0,Business,Self-employed,4,Excellent,0.5395,96897.0,3.0,Leslieland,SD,Bangladesh,3.0,0,Low
54,Female,PhD,Widowed,97988.0,787.0,48244.0,Auto,Unemployed,8,Fair,0.3664,145193.0,2.0,New Wandahaven,WV,United Arab Emirates,0.0,2,Medium
68,Female,High School,Divorced,87282.0,719.0,13476.0,Personal,Employed,10,Poor,0.3098,144498.0,0.0,New Katelynton,RI,Central African Republic,0.0,2,Medium
35,Non-binary,PhD,Married,49024.0,622.0,32875.0,Auto,Employed,13,Excellent,0.4834,147017.0,3.0,Salazarchester,VT,American Samoa,0.0,0,Low
39,Non-binary,High School,Widowed,53632.0,649.0,28738.0,Business,Self-employed,15,Good,0.3814,293757.0,3.0,Joshuafurt,VT,Rwanda,4.0,2,Medium
40,Female,Master's,Widowed,103442.0,625.0,5609.0,Home,Unemployed,14,Excellent,0.1667,183184.0,1.0,West Aaronland,NH,Ecuador,2.0,2,Low
50,Male,Master's,Single,84388.0,681.0,19265.0,Business,Self-employed,1,Good,0.4518,180776.0,0.0,Flynnfurt,NE,Kenya,0.0,2,Medium
65,Male,Bachelor's,Widowed,69240.0,787.0,39221.0,Business,Self-employed,12,Fair,0.1525,129291.0,2.0,Lake Johnton,AR,Vietnam,0.0,0,Medium
33,Male,High School,Widowed,39144.0,710.0,47625.0,Home,Employed,0,Poor,0.1481,281881.0,1.0,Hillland,OK,Belgium,2.0,0,High
31,Male,Master's,Divorced,32937.0,623.0,32483.0,Business,Employed,4,Excellent,0.1775,184979.0,0.0,Johnsonfort,KS,Mauritania,2.0,0,Low
22,Male,PhD,Widowed,114593.0,650.0,47880.0,Business,Employed,4,Excellent,0.2782,157496.0,3.0,Lake Jeffreyfort,PA,Belarus,3.0,1,Low
27,Female,Master's,Single,103845.0,769.0,39812.0,Auto,Self-employed,12,Poor,0.4479,261570.0,4.0,Walkerbury,WI,Jersey,1.0,0,Low
43,Female,PhD,Divorced,84874.0,665.0,38325.0,Personal,Self-employed,7,Excellent,0.4284,152701.0,1.0,Dominiquemouth,AL,Congo,0.0,2,Low
49,Non-binary,PhD,Widowed,65499.0,760.0,18766.0,Auto,Employed,19,Poor,0.3476,150372.0,3.0,Lake Kevin,CO,Myanmar,0.0,2,Low
19,Non-binary,Master's,Single,94884.0,796.0,15487.0,Home,Employed,5,Excellent,0.4466,231357.0,1.0,East Brenda,GA,Wallis and Futuna,1.0,1,Medium
33,Non-binary,High School,Divorced,31826.0,680.0,15285.0,Business,Unemployed,10,Good,0.2974,95802.0,3.0,Port Nancymouth,SC,Lebanon,4.0,1,Low
62,Female,Bachelor's,Single,43664.0,712.0,30753.0,Auto,Employed,18,Excellent,0.5529,26961.0,1.0,North Carlosburgh,ME,Spain,0.0,1,Low
54,Male,High School,Single,37333.0,776.0,46452.0,Business,Unemployed,16,Excellent,0.5608,270766.0,4.0,Port Brian,MD,Belarus,3.0,1,Low
67,Male,High School,Widowed,70728.0,664.0,36769.0,Personal,Self-employed,16,Good,0.4731,42177.0,4.0,West Jodiland,AS,Christmas Island,2.0,2,Low
25,Male,Bachelor's,Married,55751.0,706.0,34208.0,Personal,Self-employed,0,Fair,0.1078,209702.0,1.0,Veronicahaven,WV,Panama,1.0,0,High
55,Female,Master's,Widowed,23399.0,652.0,17973.0,Business,Employed,10,Poor,0.1949,79012.0,1.0,North Bryanstad,DC,New Zealand,3.0,1,Medium
63,Female,PhD,Married,64469.0,664.0,32530.0,Auto,Self-employed,17,Fair,0.2981,24233.0,1.0,South Michelleland,OK,Trinidad and Tobago,4.0,0,Medium
29,Female,PhD,Single,83281.0,660.0,35505.0,Personal,Employed,7,Fair,0.3201,122735.0,4.0,West Dominiqueland,WY,United States Minor Outlying Islands,0.0,2,Low
39,Female,High School,Single,52600.0,631.0,5169.0,Auto,Employed,3,Good,0.3028,83138.0,4.0,Bakerbury,AS,Chad,0.0,0,Low
27,Non-binary,Master's,Widowed,20434.0,788.0,21610.0,Auto,Unemployed,8,Fair,0.4044,217573.0,3.0,Lewisville,PA,Jordan,2.0,0,Low
58,Male,Bachelor's,Divorced,80436.0,723.0,34289.0,Home,Employed,8,Poor,0.4361,233958.0,1.0,Charlesside,CT,Switzerland,0.0,2,Low
45,Male,PhD,Single,75038.0,655.0,45574.0,Home,Unemployed,12,Excellent,0.3472,281578.0,0.0,East Austinton,FM,Denmark,0.0,2,Low
22,Male,Master's,Widowed,70710.0,656.0,15167.0,Personal,Employed,8,Poor,0.1303,201612.0,1.0,Lindseyfurt,MD,Tajikistan,1.0,0,Low
51,Male,Bachelor's,Divorced,35303.0,625.0,29845.0,Business,Unemployed,12,Good,0.4265,151335.0,0.0,Adamsberg,OK,Belgium,1.0,0,Low
66,Non-binary,Bachelor's,Divorced,38366.0,644.0,44747.0,Home,Employed,12,Excellent,0.5,284421.0,4.0,Davilaside,NE,Western Sahara,4.0,1,Low
67,Non-binary,Master's,Divorced,64885.0,750.0,23309.0,Personal,Employed,11,Excellent,0.306,250134.0,0.0,Tammyland,GU,Finland,1.0,0,Low
59,Male,High School,Divorced,105907.0,791.0,5414.0,Home,Self-employed,14,Fair,0.1722,23587.0,1.0,Brownton,NJ,Malawi,4.0,2,High
42,Female,Master's,Married,20014.0,675.0,28613.0,Auto,Employed,8,Poor,0.1023,226362.0,2.0,Lake Ashley,CT,Martinique,4.0,2,Medium
23,Non-binary,Bachelor's,Married,112326.0,684.0,28594.0,Business,Self-employed,13,Excellent,0.5886,248557.0,4.0,West Jenniferhaven,NJ,Bulgaria,0.0,1,High
64,Male,PhD,Widowed,87576.0,705.0,39111.0,Business,Employed,1,Excellent,0.3572,225156.0,2.0,Traceyshire,WI,Benin,3.0,1,Low
63,Female,PhD,Widowed,64899.0,742.0,33107.0,Auto,Self-employed,8,Good,0.5367,31192.0,2.0,Nicholsfurt,AK,Congo,3.0,0,High
47,Male,Bachelor's,Married,48602.0,662.0,11634.0,Auto,Unemployed,12,Fair,0.4421,198616.0,2.0,Pattersonfurt,OK,Ethiopia,0.0,2,Low
40,Non-binary,PhD,Widowed,36406.0,680.0,20536.0,Business,Employed,6,Excellent,0.544,178910.0,3.0,East Dylan,AZ,Seychelles,1.0,2,Medium
41,Non-binary,Master's,Widowed,101118.0,759.0,23957.0,Personal,Self-employed,7,Excellent,0.3976,233839.0,0.0,North Kathleen,UT,Ghana,2.0,0,Medium
49,Non-binary,Bachelor's,Married,32874.0,684.0,20964.0,Business,Employed,7,Excellent,0.3468,62159.0,2.0,Port Courtney,KY,Togo,2.0,0,Medium
59,Male,High School,Single,40115.0,659.0,35091.0,Business,Unemployed,17,Fair,0.3061,245165.0,4.0,Port Erinville,KY,Venezuela,1.0,1,Low
53,Female,Master's,Married,23312.0,627.0,41057.0,Business,Employed,7,Fair,0.2969,297059.0,4.0,Kendramouth,KS,Honduras,4.0,1,Low
32,Male,Master's,Single,102051.0,672.0,46069.0,Business,Unemployed,2,Poor,0.3535,162486.0,3.0,Port Michael,MI,Antigua and Barbuda,4.0,1,Low
23,Male,Master's,Single,75043.0,720.0,28990.0,Business,Self-employed,17,Good,0.3486,206659.0,4.0,Gabrielleville,DC,Eritrea,4.0,2,Low
32,Non-binary,Bachelor's,Widowed,24909.0,624.0,9350.0,Auto,Self-employed,13,Fair,0.5763,125150.0,4.0,Barreraburgh,VT,Switzerland,0.0,0,Medium
45,Female,Master's,Married,34735.0,718.0,40625.0,Business,Employed,6,Poor,0.4522,124950.0,2.0,Port Anthonyberg,MH,United States of America,3.0,0,Low
21,Female,Master's,Married,79673.0,740.0,45456.0,Home,Self-employed,8,Fair,0.3007,164276.0,3.0,East Patricia,AL,Peru,2.0,0,Low
58,Non-binary,Bachelor's,Divorced,51408.0,709.0,44727.0,Auto,Unemployed,6,Good,0.3094,85638.0,1.0,Goodmanstad,GA,Cayman Islands,4.0,1,Medium
19,Non-binary,Bachelor's,Single,47470.0,603.0,31877.0,Business,Self-employed,16,Excellent,0.3369,28478.0,0.0,West Daniellechester,KS,Niger,2.0,2,Low
36,Male,High School,Single,70094.0,792.0,14333.0,Personal,Self-employed,16,Poor,0.1703,151296.0,3.0,Michaelport,WY,Tuvalu,3.0,2,Low
30,Male,Bachelor's,Married,39352.0,778.0,49273.0,Home,Self-employed,8,Poor,0.5323,246875.0,2.0,New Kimberlytown,DE,Heard Island and McDonald Islands,1.0,2,Low
54,Non-binary,High School,Single,37338.0,678.0,12155.0,Home,Self-employed,17,Good,0.2402,183963.0,3.0,Jennaburgh,PA,Ukraine,2.0,2,Low
42,Non-binary,High School,Married,110721.0,743.0,30526.0,Home,Employed,3,Good,0.4767,131324.0,0.0,Mcintoshview,RI,Saint Martin,4.0,2,Medium
42,Non-binary,High School,Married,58596.0,623.0,13570.0,Personal,Self-employed,19,Good,0.4123,173114.0,1.0,Brandonfort,GU,Syrian Arab Republic,4.0,0,Low
31,Male,Bachelor's,Divorced,36490.0,615.0,13642.0,Auto,Unemployed,12,Excellent,0.1307,175375.0,2.0,Port Michael,HI,Liechtenstein,0.0,2,Low
43,Female,Bachelor's,Married,83805.0,656.0,17591.0,Business,Self-employed,14,Excellent,0.3127,23607.0,2.0,Lake John,PW,Malaysia,1.0,0,Low
36,Male,Bachelor's,Widowed,38632.0,730.0,47251.0,Home,Self-employed,0,Excellent,0.3574,93310.0,1.0,Smithfurt,FM,Zimbabwe,4.0,0,Low
24,Male,PhD,Divorced,66211.0,657.0,29925.0,Home,Self-employed,5,Good,0.4582,255127.0,3.0,Campbellfurt,AR,Iran,0.0,1,Low
69,Non-binary,Bachelor's,Widowed,47312.0,728.0,15339.0,Home,Self-employed,19,Fair,0.5252,156919.0,4.0,Rosebury,GU,Morocco,1.0,1,Low
64,Male,High School,Divorced,96868.0,614.0,24678.0,Personal,Unemployed,12,Good,0.2291,277128.0,1.0,West Michael,OH,Central African Republic,2.0,1,Low
30,Non-binary,PhD,Single,47770.0,667.0,5018.0,Home,Employed,19,Good,0.5273,149091.0,1.0,New Madison,DC,Reunion,0.0,0,High
60,Male,High School,Single,26659.0,766.0,17719.0,Personal,Employed,18,Fair,0.1951,144619.0,2.0,Port Evelynburgh,GA,Namibia,1.0,2,Low
37,Female,Master's,Widowed,108216.0,754.0,26274.0,Home,Unemployed,7,Fair,0.3069,85326.0,2.0,West Alanview,MO,North Macedonia,4.0,1,Medium
40,Female,Bachelor's,Divorced,44514.0,606.0,38849.0,Business,Unemployed,1,Good,0.5132,169647.0,3.0,Joanport,ME,Bermuda,4.0,1,Low
22,Female,Master's,Single,92031.0,731.0,15941.0,Personal,Self-employed,2,Poor,0.501,182953.0,3.0,Cameronstad,AL,Korea,4.0,1,Medium
42,Male,High School,Divorced,89222.0,760.0,25764.0,Business,Self-employed,19,Fair,0.4265,263612.0,1.0,Burketown,SC,Panama,4.0,1,High
32,Female,High School,Widowed,65299.0,763.0,43066.0,Auto,Employed,1,Excellent,0.4587,191153.0,2.0,Goodland,CT,United States of America,4.0,1,Low
40,Non-binary,Master's,Divorced,58176.0,663.0,30519.0,Business,Employed,12,Good,0.2069,40717.0,2.0,New Joshua,DC,Tuvalu,3.0,0,Medium
42,Non-binary,Master's,Married,31240.0,686.0,19947.0,Business,Self-employed,18,Good,0.1247,115293.0,1.0,South Brandon,NV,Liberia,4.0,1,Low
22,Male,PhD,Married,70272.0,708.0,27985.0,Personal,Unemployed,15,Excellent,0.4344,155208.0,0.0,New David,AZ,French Polynesia,2.0,0,Low
66,Non-binary,Master's,Married,34817.0,711.0,48173.0,Business,Self-employed,17,Excellent,0.3183,38647.0,4.0,Garzaberg,CT,Canada,1.0,2,Low
26,Non-binary,PhD,Divorced,36219.0,760.0,17565.0,Auto,Unemployed,13,Fair,0.3478,127723.0,4.0,Mitchellfort,PW,Niue,1.0,2,Medium
56,Male,Master's,Widowed,93844.0,799.0,17356.0,Personal,Unemployed,4,Poor,0.2176,27063.0,0.0,Port Kimberlyton,WA,Barbados,4.0,1,Low
68,Non-binary,High School,Widowed,59103.0,711.0,20037.0,Personal,Employed,3,Good,0.2795,192312.0,3.0,South Karen,MT,Latvia,1.0,0,Medium
64,Female,High School,Divorced,69915.0,778.0,38239.0,Personal,Employed,1,Fair,0.5284,214552.0,4.0,Woodfort,ID,Mexico,3.0,2,Medium
42,Non-binary,Bachelor's,Widowed,21130.0,778.0,30489.0,Personal,Employed,3,Poor,0.2198,108077.0,4.0,East John,MI,Pitcairn Islands,4.0,0,Low
28,Non-binary,Master's,Single,103969.0,694.0,25936.0,Personal,Self-employed,15,Excellent,0.3662,179692.0,2.0,Longville,AS,Philippines,4.0,2,Low
25,Male,Bachelor's,Divorced,117845.0,739.0,34541.0,Home,Employed,18,Good,0.419,31752.0,1.0,Andersontown,ME,Montserrat,0.0,0,High
54,Non-binary,PhD,Single,68192.0,745.0,24466.0,Personal,Employed,13,Good,0.5719,20395.0,3.0,North Paul,MA,Costa Rica,4.0,1,Low
27,Male,High School,Married,23936.0,635.0,34500.0,Home,Self-employed,1,Poor,0.2518,154470.0,2.0,New Tarafort,MP,Greenland,4.0,2,Low
28,Male,Bachelor's,Widowed,52499.0,691.0,47468.0,Business,Self-employed,15,Fair,0.2038,72346.0,2.0,Brooksview,PA,Pakistan,1.0,0,Low
30,Male,Master's,Married,91854.0,727.0,23674.0,Personal,Self-employed,4,Poor,0.3343,187333.0,4.0,Port Kathleen,KS,Ukraine,2.0,2,Low
21,Non-binary,High School,Single,99864.0,719.0,47882.0,Auto,Self-employed,1,Good,0.2966,266205.0,3.0,North Jessica,WY,Madagascar,4.0,1,Medium
22,Non-binary,Bachelor's,Widowed,44363.0,706.0,37864.0,Home,Employed,0,Fair,0.2396,289832.0,0.0,Meaganfort,MT,Kyrgyz Republic,1.0,1,Low
60,Female,Master's,Married,39920.0,732.0,33080.0,Home,Employed,6,Good,0.106,53547.0,0.0,Port Connor,UT,Ecuador,1.0,1,Low
40,Non-binary,Master's,Married,64846.0,767.0,37195.0,Business,Employed,1,Excellent,0.1295,260377.0,2.0,New Spencer,DC,New Zealand,4.0,1,Low
24,Male,PhD,Married,39491.0,686.0,44157.0,Auto,Employed,1,Fair,0.1187,123355.0,1.0,Jamesland,PA,Venezuela,4.0,1,Low
26,Male,High School,Single,43031.0,754.0,25669.0,Personal,Self-employed,17,Excellent,0.3833,224045.0,1.0,West Carolberg,MP,Palau,3.0,1,High
43,Male,High School,Widowed,47350.0,795.0,45645.0,Auto,Self-employed,0,Fair,0.106,156448.0,3.0,Harrisberg,PR,Bouvet Island (Bouvetoya),4.0,1,Low
46,Non-binary,Bachelor's,Married,104597.0,625.0,11420.0,Business,Unemployed,14,Fair,0.2813,267611.0,0.0,Lake Arthur,PA,Guyana,3.0,1,Medium
45,Male,Master's,Widowed,84482.0,726.0,12691.0,Personal,Unemployed,6,Poor,0.1797,207984.0,2.0,Edwardside,CT,Vanuatu,4.0,0,Low
57,Female,PhD,Married,104054.0,790.0,29548.0,Home,Self-employed,16,Poor,0.1971,77738.0,4.0,Williamsmouth,RI,Australia,1.0,0,Low
53,Male,High School,Widowed,87603.0,676.0,29971.0,Business,Employed,9,Poor,0.402,107239.0,1.0,Sheltonfort,AK,South Georgia and the South Sandwich Islands,0.0,1,Low
57,Female,High School,Single,103805.0,682.0,48740.0,Business,Self-employed,1,Poor,0.5915,206039.0,4.0,Stephenstad,MP,Tonga,3.0,0,Low
40,Female,PhD,Married,47387.0,749.0,48304.0,Personal,Employed,3,Excellent,0.2356,209118.0,4.0,West Eric,ME,Sweden,3.0,0,Low
37,Male,PhD,Widowed,34263.0,677.0,42280.0,Business,Self-employed,15,Fair,0.4025,69318.0,4.0,Port Laurenfurt,PW,Bolivia,3.0,1,Low
30,Male,High School,Divorced,64785.0,604.0,27298.0,Auto,Self-employed,17,Poor,0.1487,185023.0,0.0,South Joseph,TN,Russian Federation,0.0,0,Medium
44,Female,PhD,Single,38639.0,613.0,14371.0,Auto,Unemployed,5,Good,0.4778,119335.0,0.0,New Michaelburgh,MD,Svalbard & Jan Mayen Islands,3.0,0,Medium
65,Non-binary,Bachelor's,Widowed,84583.0,630.0,18592.0,Personal,Unemployed,14,Good,0.1348,264573.0,2.0,North Jessica,HI,Bermuda,1.0,1,Medium
66,Male,PhD,Divorced,24111.0,768.0,12155.0,Auto,Unemployed,17,Poor,0.2834,146497.0,3.0,South Anthony,MS,Somalia,4.0,2,Low
66,Non-binary,Bachelor's,Single,105275.0,715.0,21663.0,Home,Unemployed,11,Fair,0.2053,237084.0,0.0,Joshuamouth,TN,Guinea-Bissau,0.0,0,Medium
37,Male,PhD,Widowed,100084.0,743.0,45790.0,Home,Unemployed,16,Good,0.5265,36346.0,0.0,Saratown,AZ,Jordan,1.0,0,Low
36,Non-binary,Master's,Single,92144.0,640.0,30929.0,Home,Employed,14,Excellent,0.526,193918.0,2.0,Port Mirandachester,FL,Korea,3.0,1,Low
57,Male,Bachelor's,Married,88071.0,728.0,45311.0,Home,Unemployed,0,Poor,0.4804,120373.0,1.0,Port Karaborough,CT,Bangladesh,2.0,2,High
65,Female,PhD,Divorced,35213.0,694.0,28999.0,Business,Employed,17,Fair,0.1595,275792.0,2.0,Williamsbury,NV,Nepal,0.0,1,Medium
46,Female,Bachelor's,Divorced,25084.0,619.0,18118.0,Business,Employed,13,Fair,0.1993,280476.0,3.0,North Maria,FL,Tajikistan,4.0,1,Low
60,Non-binary,Bachelor's,Married,66627.0,676.0,31727.0,Auto,Unemployed,13,Good,0.5908,48987.0,0.0,Port Louis,UT,Belize,3.0,1,Low
24,Female,Master's,Widowed,90366.0,774.0,28978.0,Home,Unemployed,11,Fair,0.4249,291672.0,4.0,Jacksonfort,SC,Aruba,4.0,1,Low
36,Female,Bachelor's,Single,111987.0,648.0,28013.0,Personal,Unemployed,1,Excellent,0.2415,293530.0,2.0,South Kevin,FL,Equatorial Guinea,4.0,2,Low
51,Non-binary,Master's,Single,43088.0,772.0,29696.0,Auto,Unemployed,13,Fair,0.3107,166836.0,3.0,Thomashaven,WA,Saint Barthelemy,3.0,0,Low
45,Non-binary,High School,Single,31569.0,631.0,31140.0,Personal,Employed,2,Poor,0.5372,153615.0,4.0,Lake Maryberg,GA,Northern Mariana Islands,1.0,2,High
49,Male,PhD,Single,76586.0,717.0,5746.0,Business,Self-employed,7,Poor,0.1865,21152.0,3.0,Wellsland,OR,Spain,1.0,0,Low
47,Male,PhD,Single,72034.0,792.0,18229.0,Business,Employed,4,Fair,0.2264,59854.0,2.0,Cordovaberg,NV,Hong Kong,0.0,2,High
31,Male,Bachelor's,Married,87519.0,629.0,31273.0,Auto,Self-employed,19,Good,0.5342,275100.0,4.0,Lake Robert,HI,Tokelau,3.0,0,Low
60,Non-binary,PhD,Single,102979.0,731.0,12074.0,Business,Self-employed,18,Fair,0.1096,101701.0,1.0,Freyville,MD,Romania,0.0,1,Low
51,Non-binary,PhD,Divorced,118511.0,658.0,43620.0,Personal,Unemployed,8,Fair,0.4296,276777.0,3.0,Port Amanda,MT,Saint Helena,3.0,2,High
41,Female,Bachelor's,Widowed,105835.0,794.0,39763.0,Personal,Unemployed,1,Fair,0.2564,106859.0,1.0,West Barbara,TX,Japan,1.0,2,Low
22,Female,Bachelor's,Widowed,101165.0,652.0,41174.0,Home,Self-employed,19,Excellent,0.4113,219713.0,3.0,Port Heatherton,WI,Bahamas,0.0,0,Medium
34,Non-binary,Bachelor's,Married,100659.0,788.0,15715.0,Business,Employed,12,Good,0.3432,207650.0,1.0,East Joelmouth,MH,Mexico,1.0,0,Low
33,Female,Master's,Divorced,52437.0,629.0,35104.0,Personal,Unemployed,1,Fair,0.4052,219778.0,4.0,South Bobby,WI,Angola,4.0,0,Low
42,Female,Bachelor's,Single,32460.0,660.0,11646.0,Home,Employed,16,Poor,0.1417,263468.0,4.0,Jonesshire,NE,Cocos (Keeling) Islands,3.0,0,Medium
19,Female,Bachelor's,Single,87035.0,631.0,19096.0,Home,Self-employed,16,Good,0.1925,111728.0,4.0,Gouldview,GU,Greece,3.0,0,Medium
45,Male,Master's,Divorced,107851.0,729.0,36834.0,Personal,Employed,3,Poor,0.5129,182720.0,1.0,North Michaelberg,FL,Serbia,2.0,2,Low
30,Female,Bachelor's,Widowed,81608.0,765.0,14491.0,Auto,Employed,16,Poor,0.3188,56432.0,0.0,Port Kenneth,OK,Central African Republic,0.0,2,Low
18,Non-binary,PhD,Divorced,103890.0,673.0,35437.0,Personal,Employed,4,Good,0.3484,236387.0,4.0,Connieton,MT,United States Virgin Islands,2.0,1,Medium
47,Non-binary,Bachelor's,Single,115253.0,789.0,23164.0,Home,Unemployed,0,Poor,0.285,142937.0,3.0,Dannyfort,CT,Andorra,1.0,2,Low
63,Female,Master's,Widowed,65038.0,683.0,13204.0,Business,Employed,5,Good,0.2352,59622.0,1.0,Lucasfort,AL,Wallis and Futuna,3.0,1,Low
38,Non-binary,Master's,Divorced,77748.0,646.0,26050.0,Home,Self-employed,0,Poor,0.5699,280349.0,2.0,Hollyfort,IA,Suriname,1.0,0,Low
27,Male,PhD,Married,46878.0,744.0,22396.0,Personal,Unemployed,13,Poor,0.3039,217719.0,2.0,Lake Isabellamouth,MN,Christmas Island,2.0,2,Medium
32,Non-binary,PhD,Single,65588.0,783.0,47640.0,Business,Unemployed,17,Excellent,0.1223,202288.0,1.0,New Sylvia,CT,Azerbaijan,4.0,1,Low
58,Female,High School,Single,79538.0,670.0,11206.0,Home,Unemployed,8,Fair,0.4747,42624.0,0.0,Danielborough,MD,Afghanistan,2.0,0,Low
40,Non-binary,PhD,Widowed,21987.0,754.0,7488.0,Home,Unemployed,18,Fair,0.1548,220854.0,0.0,New Nicholasberg,TX,Saint Pierre and Miquelon,3.0,1,Low
22,Non-binary,PhD,Single,91303.0,729.0,27070.0,Auto,Self-employed,12,Excellent,0.3467,254091.0,2.0,Sharonport,CA,Greenland,0.0,1,Low
69,Male,Bachelor's,Married,94451.0,620.0,15861.0,Personal,Unemployed,11,Poor,0.5364,244730.0,3.0,Port Rachelview,MN,Georgia,0.0,1,Low
20,Non-binary,Bachelor's,Widowed,88745.0,643.0,18472.0,Personal,Employed,5,Fair,0.264,165910.0,1.0,Port Randy,TN,Antarctica (the territory South of 60 deg S),0.0,0,Low
27,Female,Master's,Divorced,109838.0,604.0,36013.0,Business,Self-employed,16,Poor,0.3895,30490.0,2.0,South Ashley,IL,Chile,3.0,1,High
29,Female,High School,Divorced,45972.0,709.0,18381.0,Business,Employed,18,Good,0.3128,167866.0,3.0,East Tabithaville,MI,French Polynesia,4.0,0,Low
31,Non-binary,High School,Widowed,102339.0,706.0,12221.0,Personal,Employed,14,Fair,0.4677,285698.0,1.0,South Alexaton,OH,Indonesia,2.0,0,Medium
50,Female,Bachelor's,Divorced,71397.0,664.0,27305.0,Personal,Self-employed,15,Good,0.1415,112828.0,0.0,New Jenniferbury,NJ,Palestinian Territory,0.0,0,Medium
31,Male,PhD,Divorced,114410.0,651.0,28833.0,Home,Employed,12,Fair,0.1038,260766.0,3.0,Whitneyhaven,VT,United States of America,3.0,2,Low
44,Non-binary,Master's,Widowed,43940.0,676.0,20870.0,Auto,Self-employed,17,Poor,0.3171,280222.0,4.0,Elliottside,GA,Saint Martin,3.0,2,Low
44,Male,High School,Widowed,26338.0,721.0,5558.0,Business,Employed,15,Poor,0.1561,276725.0,1.0,Booneberg,OH,Belize,4.0,1,Low
67,Male,PhD,Married,71318.0,701.0,35980.0,Business,Self-employed,12,Excellent,0.1439,237006.0,2.0,Booneborough,FL,French Guiana,1.0,1,High
35,Female,PhD,Married,102632.0,778.0,41684.0,Business,Employed,16,Excellent,0.4136,90362.0,3.0,East Lauraview,OR,Argentina,1.0,1,Low
41,Female,Master's,Single,82985.0,707.0,36389.0,Personal,Self-employed,8,Poor,0.4913,76555.0,2.0,Jennifermouth,AR,Cameroon,4.0,2,Low
43,Female,Master's,Married,41330.0,686.0,41396.0,Business,Self-employed,18,Excellent,0.4296,141097.0,2.0,South Sarahchester,OR,Cyprus,4.0,2,Low
28,Female,Bachelor's,Married,35589.0,666.0,36558.0,Business,Employed,16,Fair,0.5233,104030.0,0.0,Linstad,RI,Korea,3.0,1,Low
64,Female,Master's,Widowed,111735.0,778.0,10364.0,Personal,Unemployed,18,Poor,0.1589,170204.0,4.0,Christophermouth,NC,Belarus,0.0,1,Low
25,Female,Bachelor's,Married,110627.0,605.0,31256.0,Home,Employed,13,Poor,0.4835,56221.0,4.0,East Erica,MH,Hungary,4.0,2,Low
53,Male,PhD,Widowed,59427.0,738.0,18789.0,Personal,Unemployed,9,Poor,0.5404,206884.0,0.0,Tiffanyport,MA,Chile,2.0,2,Low
57,Non-binary,Master's,Widowed,117427.0,769.0,37430.0,Personal,Self-employed,5,Excellent,0.3065,226323.0,0.0,Port Cynthiaton,NV,Holy See (Vatican City State),3.0,1,Low
39,Female,Bachelor's,Married,36350.0,761.0,46368.0,Auto,Unemployed,11,Excellent,0.1204,51912.0,0.0,Stevenland,AK,Burkina Faso,1.0,0,Low
49,Female,High School,Single,83295.0,647.0,39239.0,Personal,Unemployed,18,Poor,0.5495,288077.0,4.0,Port Jamesville,IL,Norway,2.0,1,Medium
64,Non-binary,PhD,Divorced,76063.0,668.0,33240.0,Personal,Unemployed,13,Poor,0.3477,87842.0,3.0,Bellview,AZ,Bosnia and Herzegovina,0.0,0,Medium
30,Female,High School,Single,26393.0,604.0,39422.0,Auto,Unemployed,15,Good,0.2754,254470.0,0.0,Chavezstad,MP,Myanmar,0.0,1,Medium
57,Non-binary,PhD,Divorced,76977.0,729.0,27418.0,Personal,Self-employed,11,Excellent,0.3254,204235.0,1.0,West Kellymouth,AK,Bangladesh,0.0,1,Low
41,Non-binary,Bachelor's,Divorced,52882.0,692.0,32450.0,Business,Employed,17,Excellent,0.4255,62113.0,3.0,Port Andrew,IL,Belize,1.0,1,Low
56,Male,Bachelor's,Married,53043.0,788.0,47581.0,Business,Unemployed,0,Poor,0.4031,132653.0,4.0,South Charles,MP,Zambia,4.0,2,High
63,Non-binary,Bachelor's,Widowed,80878.0,762.0,10993.0,Home,Employed,2,Good,0.5086,73857.0,3.0,Karenfurt,MN,Mexico,4.0,0,Medium
25,Non-binary,High School,Single,60626.0,761.0,36330.0,Home,Employed,4,Poor,0.4806,242293.0,1.0,Powellview,ID,Heard Island and McDonald Islands,4.0,2,Low
22,Non-binary,Master's,Widowed,63724.0,751.0,19163.0,Business,Self-employed,13,Excellent,0.5731,204609.0,2.0,Port Randy,MO,Burkina Faso,3.0,0,Low
29,Non-binary,High School,Married,28373.0,618.0,44474.0,Auto,Employed,6,Good,0.4757,147803.0,3.0,Annabury,VI,Belgium,4.0,0,Medium
46,Male,PhD,Married,57586.0,636.0,11922.0,Personal,Unemployed,4,Good,0.337,164235.0,3.0,Karifort,NE,Lebanon,1.0,2,Low
42,Female,PhD,Divorced,48610.0,698.0,43186.0,Business,Unemployed,4,Good,0.2843,292685.0,1.0,South Michael,AL,Bahrain,1.0,0,Low
38,Male,Bachelor's,Divorced,62124.0,635.0,33250.0,Auto,Employed,12,Good,0.4944,90208.0,4.0,Deborahchester,MS,Netherlands,1.0,2,Low
37,Female,Bachelor's,Widowed,33936.0,759.0,9979.0,Home,Unemployed,3,Fair,0.2939,134653.0,2.0,New Michaelton,MN,Dominica,2.0,1,Medium
27,Female,Bachelor's,Married,105674.0,771.0,36803.0,Home,Self-employed,6,Excellent,0.1903,22531.0,0.0,North Courtney,DC,North Macedonia,1.0,0,Low
42,Non-binary,Bachelor's,Married,71548.0,743.0,7000.0,Business,Self-employed,0,Poor,0.3759,172333.0,0.0,Lindseyside,ID,Bosnia and Herzegovina,3.0,0,Medium
44,Female,High School,Divorced,61534.0,685.0,37591.0,Auto,Unemployed,16,Poor,0.4281,227145.0,3.0,East Kimberlyport,ND,Slovakia (Slovak Republic),0.0,0,Low
29,Male,Bachelor's,Divorced,68431.0,789.0,16117.0,Home,Self-employed,15,Poor,0.2023,116313.0,3.0,West Eric,OR,Vanuatu,4.0,1,Medium
52,Female,Bachelor's,Single,29941.0,774.0,9702.0,Auto,Employed,16,Good,0.5397,179139.0,3.0,East Debbieborough,VT,Egypt,2.0,0,Low
59,Non-binary,Master's,Married,93602.0,724.0,44575.0,Business,Self-employed,2,Excellent,0.157,49090.0,4.0,Whiteland,SC,United States of America,3.0,0,Low
65,Female,PhD,Widowed,102962.0,707.0,14747.0,Business,Self-employed,6,Poor,0.2126,145267.0,0.0,South Ashleyport,OH,Kenya,3.0,2,Medium
54,Male,High School,Single,37153.0,600.0,30295.0,Business,Unemployed,2,Poor,0.338,29513.0,4.0,South Ginamouth,AZ,Madagascar,2.0,0,Low
34,Female,Master's,Married,94215.0,754.0,35955.0,Auto,Employed,1,Good,0.5441,103084.0,4.0,South Kathy,VI,Barbados,0.0,1,Medium
40,Male,Bachelor's,Married,23515.0,696.0,9201.0,Business,Unemployed,13,Poor,0.4083,44586.0,1.0,New Denise,AL,Montenegro,0.0,2,Low
36,Male,High School,Married,100989.0,679.0,21549.0,Business,Employed,9,Fair,0.2816,45484.0,3.0,East Scottfort,MS,Korea,1.0,1,Low
64,Male,Bachelor's,Divorced,23970.0,733.0,47882.0,Auto,Employed,19,Fair,0.4159,133227.0,3.0,North Caitlin,AR,Sao Tome and Principe,4.0,1,Low
34,Non-binary,High School,Married,85470.0,723.0,23521.0,Business,Self-employed,1,Fair,0.4152,296896.0,3.0,Roachmouth,WY,Cuba,4.0,2,Low
57,Male,Bachelor's,Divorced,99798.0,617.0,35715.0,Home,Employed,15,Fair,0.5945,278987.0,4.0,Thompsonburgh,AK,Bouvet Island (Bouvetoya),3.0,0,High
26,Female,Bachelor's,Widowed,73025.0,776.0,43841.0,Auto,Self-employed,5,Poor,0.2799,124584.0,0.0,Thomasview,AS,United Arab Emirates,1.0,2,Low
38,Non-binary,PhD,Married,61514.0,673.0,40580.0,Auto,Self-employed,8,Fair,0.2379,102656.0,0.0,South Amber,PR,Iceland,2.0,2,Medium
23,Female,Bachelor's,Divorced,56343.0,739.0,32405.0,Personal,Employed,1,Good,0.1483,74611.0,1.0,New Sarafort,FM,Mauritius,4.0,1,Low
19,Female,Master's,Widowed,72838.0,709.0,11306.0,Auto,Unemployed,1,Fair,0.1131,96073.0,0.0,Osbornestad,MD,Djibouti,0.0,1,Medium
43,Female,PhD,Married,42940.0,611.0,6471.0,Business,Employed,12,Poor,0.3135,57924.0,1.0,North Peter,MN,Belize,0.0,1,Low
54,Male,High School,Married,112045.0,603.0,5480.0,Personal,Self-employed,12,Good,0.3744,175901.0,1.0,Daybury,MN,Myanmar,2.0,2,Medium
35,Female,Master's,Divorced,64788.0,706.0,5468.0,Auto,Unemployed,14,Poor,0.4179,161011.0,1.0,West Michael,TN,Qatar,2.0,0,Low
65,Male,PhD,Divorced,20154.0,609.0,19450.0,Auto,Self-employed,2,Poor,0.1255,184379.0,0.0,Brandonbury,GA,Egypt,4.0,1,Medium
68,Non-binary,PhD,Single,76539.0,792.0,33838.0,Business,Self-employed,13,Poor,0.3793,108973.0,3.0,Ashleyhaven,PR,Antigua and Barbuda,3.0,2,Low
32,Female,PhD,Widowed,31156.0,773.0,23298.0,Home,Unemployed,8,Excellent,0.5615,271587.0,2.0,East Lee,AR,Holy See (Vatican City State),1.0,1,Low
39,Male,High School,Single,49404.0,607.0,39450.0,Personal,Employed,0,Good,0.5518,100576.0,1.0,Garciaview,VI,Congo,2.0,1,Low
23,Female,High School,Single,98488.0,700.0,10126.0,Home,Unemployed,1,Excellent,0.5629,175611.0,2.0,Dicksonport,WA,United States Minor Outlying Islands,0.0,0,Medium
53,Non-binary,Bachelor's,Divorced,34024.0,745.0,27954.0,Home,Employed,0,Excellent,0.2556,69704.0,1.0,Kruegerbury,MI,Anguilla,3.0,0,Low
34,Female,High School,Widowed,56079.0,723.0,45989.0,Business,Unemployed,0,Poor,0.164,25005.0,1.0,Lake Cynthiatown,NH,Austria,2.0,1,Low
36,Male,PhD,Widowed,36151.0,693.0,24780.0,Auto,Self-employed,7,Excellent,0.1365,285110.0,4.0,Aguilarbury,NJ,Bulgaria,0.0,0,Low
25,Female,High School,Divorced,64383.0,787.0,5797.0,Personal,Unemployed,2,Fair,0.2615,42421.0,2.0,East Jonathanton,PR,Singapore,4.0,1,Medium
66,Female,Master's,Married,44507.0,696.0,42151.0,Auto,Employed,9,Excellent,0.1268,179473.0,0.0,Reynoldsside,TX,Nauru,3.0,2,Medium
52,Male,Master's,Married,114852.0,743.0,38305.0,Business,Employed,3,Good,0.5012,210321.0,0.0,Moralesfurt,NY,North Macedonia,1.0,0,Medium
21,Non-binary,Master's,Divorced,45654.0,645.0,32258.0,Personal,Employed,9,Excellent,0.2174,127085.0,4.0,South Jacquelinemouth,NJ,Turkey,3.0,1,Low
47,Female,Bachelor's,Divorced,101271.0,730.0,22135.0,Personal,Unemployed,10,Excellent,0.1302,120218.0,4.0,Lake Jane,UT,Liberia,2.0,2,Low
69,Male,Bachelor's,Married,116085.0,636.0,41331.0,Business,Unemployed,17,Poor,0.2795,93556.0,2.0,Lake Jennifer,MD,Yemen,1.0,1,Low
51,Non-binary,Bachelor's,Divorced,49157.0,732.0,47692.0,Home,Unemployed,10,Good,0.2769,96375.0,4.0,Lake Amystad,NJ,Heard Island and McDonald Islands,1.0,2,High
37,Male,PhD,Married,75704.0,626.0,22779.0,Personal,Employed,17,Good,0.1345,198108.0,1.0,Alexanderhaven,KY,Vanuatu,4.0,2,High
57,Non-binary,PhD,Single,95341.0,742.0,47855.0,Home,Employed,0,Poor,0.4791,169587.0,4.0,Jeffreyhaven,MD,Sweden,3.0,2,High
54,Male,Bachelor's,Single,82497.0,659.0,31420.0,Home,Employed,10,Good,0.4185,298013.0,3.0,Salinashaven,VI,Seychelles,0.0,2,Low
19,Female,Master's,Married,75120.0,604.0,38673.0,Home,Unemployed,7,Excellent,0.1071,210598.0,0.0,South Henryland,MI,Gibraltar,2.0,2,Medium
44,Female,Master's,Married,51560.0,697.0,46707.0,Auto,Employed,2,Fair,0.527,179870.0,4.0,East Bryanport,PW,South Africa,4.0,2,Medium
29,Female,Master's,Divorced,51195.0,757.0,33860.0,Personal,Unemployed,12,Fair,0.339,95003.0,4.0,Changport,UT,Holy See (Vatican City State),2.0,2,Medium
22,Male,High School,Widowed,93071.0,729.0,6979.0,Business,Employed,15,Poor,0.2664,210060.0,1.0,Davismouth,DC,South Georgia and the South Sandwich Islands,3.0,1,Low
20,Male,Bachelor's,Married,32626.0,698.0,23523.0,Auto,Self-employed,15,Good,0.4627,132653.0,2.0,Smithport,MT,Trinidad and Tobago,0.0,1,Medium
50,Non-binary,PhD,Married,32470.0,751.0,7653.0,Auto,Self-employed,15,Poor,0.3342,67346.0,3.0,Osbornemouth,KY,Monaco,1.0,2,Medium
52,Female,High School,Single,35105.0,655.0,16300.0,Home,Self-employed,18,Fair,0.5967,126280.0,0.0,Matthewmouth,NV,Maldives,4.0,1,Low
26,Female,PhD,Single,63746.0,614.0,13052.0,Business,Self-employed,0,Good,0.2403,127453.0,4.0,New Jessicaport,AL,Italy,3.0,2,Medium
18,Male,Master's,Single,22196.0,624.0,18893.0,Home,Unemployed,9,Fair,0.5306,57479.0,2.0,West Larryshire,AK,Mauritius,4.0,0,Low
30,Non-binary,Bachelor's,Divorced,85958.0,619.0,23377.0,Auto,Employed,0,Poor,0.3374,213468.0,3.0,Port Alexander,ME,Gibraltar,3.0,1,Low
30,Male,High School,Single,30256.0,624.0,25836.0,Home,Unemployed,0,Fair,0.1043,209105.0,1.0,Henrychester,WV,Iceland,2.0,1,Medium
44,Male,High School,Married,115680.0,701.0,17666.0,Auto,Unemployed,6,Fair,0.1616,36648.0,2.0,Mccoybury,CO,Trinidad and Tobago,3.0,1,High
52,Male,Master's,Widowed,22631.0,758.0,28013.0,Auto,Self-employed,12,Excellent,0.3017,271868.0,2.0,North Edward,MD,Vietnam,1.0,1,Low
41,Male,High School,Married,118417.0,678.0,48691.0,Home,Employed,7,Excellent,0.5465,25634.0,2.0,Lake Edward,PW,Saudi Arabia,4.0,0,Low
22,Female,Bachelor's,Widowed,112525.0,652.0,14673.0,Business,Employed,9,Poor,0.3169,238610.0,4.0,West Christina,LA,Belize,2.0,0,Medium
66,Female,High School,Single,91455.0,651.0,12092.0,Home,Self-employed,7,Poor,0.2481,42101.0,2.0,Aprilburgh,NJ,Luxembourg,1.0,1,Low
46,Non-binary,Master's,Widowed,41471.0,722.0,39631.0,Personal,Unemployed,17,Poor,0.1978,203414.0,3.0,Moyerville,SD,Vanuatu,2.0,2,Medium
55,Male,High School,Married,89428.0,796.0,36898.0,Personal,Employed,12,Poor,0.4013,128964.0,1.0,Andersonview,TN,Niue,1.0,1,Low
29,Female,PhD,Widowed,78390.0,689.0,44303.0,Business,Unemployed,7,Poor,0.3167,81421.0,4.0,Hillstad,NY,Faroe Islands,1.0,1,Low
64,Female,Bachelor's,Widowed,113176.0,747.0,23376.0,Auto,Employed,17,Poor,0.1975,208314.0,1.0,Cunninghamhaven,AL,Canada,3.0,0,Low
37,Non-binary,Bachelor's,Single,31004.0,799.0,27575.0,Personal,Self-employed,9,Good,0.2522,68241.0,0.0,Adamschester,UT,Pakistan,2.0,0,Medium
47,Female,Bachelor's,Divorced,109001.0,616.0,37714.0,Personal,Self-employed,16,Excellent,0.1734,70916.0,3.0,West Kristitown,ME,Cook Islands,0.0,2,Low
52,Female,Master's,Single,88906.0,683.0,48031.0,Home,Self-employed,13,Poor,0.564,173093.0,4.0,Lake Laurafurt,PR,Canada,1.0,0,Low
62,Non-binary,Master's,Divorced,31862.0,675.0,5005.0,Business,Employed,15,Excellent,0.2883,205809.0,1.0,Danielshire,HI,Macao,1.0,1,Medium
47,Non-binary,Bachelor's,Married,28382.0,600.0,47424.0,Home,Employed,16,Poor,0.4761,72031.0,2.0,Chapmanhaven,MH,Libyan Arab Jamahiriya,3.0,1,Low
48,Female,PhD,Single,109973.0,745.0,45791.0,Auto,Unemployed,0,Fair,0.1483,136963.0,2.0,West Tammyview,PA,British Indian Ocean Territory (Chagos Archipelago),1.0,0,Low
37,Non-binary,Master's,Married,46720.0,635.0,5002.0,Business,Employed,2,Good,0.1663,230897.0,4.0,Joshuabury,MN,Moldova,0.0,2,Low
57,Male,Bachelor's,Single,105837.0,736.0,28534.0,Auto,Unemployed,7,Poor,0.3505,194934.0,2.0,Sheilaberg,ND,Bhutan,0.0,2,Low
53,Non-binary,High School,Single,65215.0,706.0,28093.0,Home,Unemployed,0,Excellent,0.5464,108185.0,3.0,Lake Lisa,AR,New Zealand,0.0,2,Low
52,Non-binary,Bachelor's,Single,29522.0,755.0,9698.0,Home,Employed,4,Excellent,0.4884,282531.0,0.0,Mendozafurt,OH,Cuba,4.0,0,Low
34,Female,High School,Divorced,90412.0,683.0,18633.0,Business,Employed,2,Poor,0.3714,46567.0,1.0,Port Paula,WY,Venezuela,0.0,0,Low
33,Male,Bachelor's,Divorced,45594.0,626.0,49291.0,Personal,Self-employed,19,Good,0.2322,111070.0,0.0,Burnschester,PW,Switzerland,0.0,0,Low
69,Male,Master's,Divorced,40077.0,633.0,26798.0,Home,Employed,16,Good,0.4949,227532.0,1.0,West Christopherland,MA,Iceland,1.0,0,Medium
61,Non-binary,High School,Married,22080.0,749.0,21135.0,Auto,Unemployed,8,Good,0.3716,85200.0,3.0,South Davidmouth,NY,Congo,2.0,0,Medium
37,Non-binary,Bachelor's,Widowed,28039.0,783.0,27795.0,Personal,Self-employed,0,Excellent,0.4292,208486.0,4.0,West Sarahstad,FM,Hong Kong,2.0,2,Low
40,Non-binary,PhD,Single,118395.0,793.0,9043.0,Home,Unemployed,11,Good,0.2194,192398.0,2.0,South Joyce,SC,Morocco,1.0,2,Medium
39,Male,Bachelor's,Single,96979.0,645.0,32392.0,Auto,Employed,16,Good,0.4554,42192.0,2.0,North Terri,MO,Djibouti,4.0,2,Low
54,Female,Master's,Widowed,67664.0,625.0,29235.0,Home,Unemployed,0,Good,0.3999,227018.0,2.0,New Jessica,DC,Morocco,2.0,0,Low
27,Male,Master's,Single,81934.0,634.0,49189.0,Personal,Employed,1,Excellent,0.5909,31843.0,1.0,Jamiehaven,AL,Sierra Leone,2.0,1,Low
64,Female,Bachelor's,Widowed,50723.0,725.0,17217.0,Business,Unemployed,3,Fair,0.2443,43840.0,3.0,Hardinchester,WI,Austria,3.0,2,Low
19,Male,High School,Single,54553.0,625.0,45070.0,Home,Employed,4,Good,0.4313,199439.0,1.0,East Sarahport,CT,Saint Pierre and Miquelon,3.0,1,Low
68,Non-binary,PhD,Married,26304.0,747.0,11002.0,Home,Self-employed,2,Fair,0.5876,68038.0,4.0,Lake Kelly,MT,Papua New Guinea,2.0,1,Low
47,Female,Bachelor's,Divorced,41912.0,798.0,20648.0,Business,Self-employed,17,Poor,0.266,83701.0,3.0,Wrightview,NH,Turkmenistan,0.0,1,Medium
56,Female,High School,Single,100118.0,796.0,27016.0,Business,Employed,10,Good,0.5523,49162.0,0.0,Avilatown,AL,Georgia,1.0,0,Medium
32,Female,PhD,Divorced,95726.0,609.0,33802.0,Business,Unemployed,17,Good,0.2436,232969.0,3.0,West Donaldshire,NV,Guadeloupe,2.0,1,Low
32,Male,High School,Married,105642.0,647.0,35408.0,Home,Employed,2,Poor,0.3691,287440.0,1.0,Lake Wayne,IA,Namibia,2.0,0,Low
63,Female,High School,Single,82886.0,633.0,46028.0,Home,Unemployed,2,Poor,0.19,194303.0,3.0,Lake Brandonland,MP,Hungary,4.0,2,Medium
35,Male,PhD,Married,103420.0,740.0,24658.0,Business,Employed,14,Fair,0.466,62608.0,1.0,South Rebeccafurt,MA,Vanuatu,0.0,0,Low
33,Non-binary,Master's,Widowed,40405.0,671.0,41264.0,Auto,Self-employed,3,Excellent,0.364,187408.0,3.0,Craigview,NY,Myanmar,0.0,1,High
39,Male,High School,Divorced,79204.0,618.0,6548.0,Auto,Employed,14,Poor,0.2337,199021.0,3.0,Mcdonaldhaven,DC,Cote d'Ivoire,2.0,1,Low
30,Male,PhD,Single,21825.0,769.0,21452.0,Business,Employed,16,Fair,0.311,127776.0,4.0,Markbury,CA,Mali,4.0,0,Medium
37,Female,High School,Divorced,85961.0,622.0,17317.0,Business,Employed,19,Excellent,0.5003,93283.0,0.0,Smithmouth,ID,Ireland,3.0,2,Low
52,Female,High School,Single,71845.0,678.0,39763.0,Auto,Unemployed,16,Good,0.2486,194399.0,2.0,Lake Margaret,GA,Congo,4.0,0,Medium
32,Male,Master's,Single,50289.0,715.0,42256.0,Business,Employed,3,Poor,0.2205,173203.0,1.0,New Donnaburgh,OK,Saint Kitts and Nevis,3.0,0,Medium
29,Non-binary,High School,Divorced,70344.0,648.0,43604.0,Business,Self-employed,13,Good,0.5263,299042.0,1.0,South Mariaborough,HI,Montenegro,0.0,1,Medium
22,Male,Master's,Single,69460.0,610.0,31738.0,Business,Employed,2,Excellent,0.2897,43785.0,3.0,Port Stephen,WV,Mayotte,0.0,2,Low
46,Male,High School,Married,36506.0,655.0,46464.0,Auto,Employed,11,Good,0.1915,100154.0,0.0,Hickschester,KS,Kiribati,3.0,2,Low
55,Female,PhD,Single,115012.0,679.0,47845.0,Auto,Unemployed,4,Good,0.4695,229354.0,1.0,West Cynthia,GA,Australia,4.0,0,Low
60,Non-binary,High School,Widowed,51230.0,749.0,43960.0,Auto,Self-employed,5,Good,0.1277,30290.0,1.0,Harperton,ND,Korea,1.0,2,Medium
60,Female,Bachelor's,Married,66775.0,753.0,6854.0,Personal,Employed,0,Poor,0.1896,119746.0,1.0,New Miguel,DC,Guinea,2.0,1,Medium
35,Female,High School,Widowed,47446.0,644.0,7874.0,Home,Unemployed,4,Poor,0.3079,108374.0,1.0,Brandonburgh,MP,Kenya,4.0,1,Medium
46,Non-binary,PhD,Widowed,83886.0,766.0,24682.0,Business,Self-employed,8,Poor,0.1441,226387.0,1.0,Mcgeebury,RI,Honduras,2.0,1,Medium
45,Female,Bachelor's,Divorced,103114.0,635.0,37573.0,Auto,Unemployed,13,Poor,0.344,46966.0,0.0,Combsmouth,GU,Anguilla,3.0,1,Medium
60,Female,Master's,Widowed,106067.0,635.0,6636.0,Auto,Employed,9,Fair,0.1015,236187.0,0.0,New Paulstad,CA,United Kingdom,2.0,1,Low
69,Non-binary,Master's,Divorced,56126.0,601.0,32275.0,Auto,Employed,1,Poor,0.148,128454.0,4.0,West Gailburgh,OK,Netherlands,4.0,1,Medium
48,Male,Master's,Divorced,87818.0,694.0,16802.0,Personal,Unemployed,0,Poor,0.3603,92975.0,4.0,Anitahaven,NE,Saint Pierre and Miquelon,0.0,1,Medium
30,Female,PhD,Married,54750.0,672.0,25570.0,Personal,Employed,2,Good,0.2599,22180.0,0.0,Ashleyside,WI,Netherlands,1.0,0,Medium
69,Male,PhD,Widowed,118591.0,609.0,42034.0,Home,Self-employed,18,Fair,0.164,151925.0,2.0,Conleyland,NH,British Indian Ocean Territory (Chagos Archipelago),3.0,1,High
54,Non-binary,Bachelor's,Widowed,118388.0,652.0,40032.0,Personal,Employed,0,Good,0.1789,37681.0,1.0,West Sarah,AR,Poland,0.0,1,Low
47,Non-binary,Bachelor's,Single,70734.0,736.0,7676.0,Auto,Unemployed,9,Good,0.2067,183917.0,1.0,Chenside,MO,Mozambique,3.0,2,Medium
39,Non-binary,Master's,Divorced,92618.0,782.0,35845.0,Business,Self-employed,15,Poor,0.2837,136552.0,0.0,North Williamhaven,NJ,Albania,0.0,2,Low
34,Non-binary,High School,Widowed,75928.0,754.0,31078.0,Business,Unemployed,9,Good,0.4634,260160.0,3.0,Richardland,NM,Central African Republic,2.0,0,Medium
45,Non-binary,PhD,Widowed,31628.0,663.0,15909.0,Business,Employed,4,Good,0.163,268493.0,0.0,Georgetown,AZ,Colombia,3.0,1,Low
55,Female,Master's,Divorced,86909.0,650.0,47217.0,Home,Employed,2,Excellent,0.175,251122.0,4.0,Brianmouth,VT,French Polynesia,4.0,2,Low
68,Non-binary,Master's,Married,52544.0,741.0,21603.0,Personal,Self-employed,10,Excellent,0.267,238003.0,4.0,New Donna,SD,Luxembourg,4.0,0,Medium
43,Male,Bachelor's,Widowed,99434.0,669.0,30705.0,Auto,Employed,11,Poor,0.3014,282491.0,0.0,East Rodneyburgh,TX,Guatemala,3.0,2,Low
45,Non-binary,PhD,Divorced,64776.0,606.0,36741.0,Auto,Employed,10,Excellent,0.2118,90828.0,1.0,South Jaimetown,HI,Taiwan,1.0,0,High
46,Male,PhD,Single,109606.0,633.0,48388.0,Business,Employed,6,Good,0.4346,196920.0,1.0,West Angelashire,HI,Maldives,1.0,0,Low
19,Male,Master's,Divorced,116818.0,707.0,26433.0,Business,Unemployed,13,Good,0.4326,242905.0,0.0,South Linda,CO,Argentina,2.0,2,Low
40,Female,PhD,Divorced,43053.0,752.0,36969.0,Personal,Unemployed,16,Fair,0.4111,63608.0,4.0,Rosalesmouth,PR,Honduras,0.0,0,Low
21,Non-binary,Master's,Widowed,105621.0,767.0,45071.0,Personal,Self-employed,14,Good,0.1956,200792.0,1.0,Hillland,AZ,Benin,3.0,2,Medium
38,Male,High School,Divorced,108151.0,785.0,40483.0,Home,Unemployed,2,Poor,0.5243,233472.0,4.0,Lake Garymouth,AZ,Liberia,1.0,2,Low
40,Male,PhD,Widowed,48436.0,789.0,45557.0,Auto,Self-employed,13,Poor,0.4885,140778.0,0.0,West Louisbury,NM,Saint Pierre and Miquelon,0.0,0,High
23,Male,PhD,Single,74979.0,721.0,6179.0,Business,Unemployed,3,Good,0.1289,119901.0,0.0,Rachelbury,VT,Russian Federation,1.0,2,Medium
54,Male,High School,Married,85262.0,644.0,29879.0,Business,Self-employed,2,Good,0.1942,232963.0,4.0,Janeshire,IA,Uruguay,4.0,2,Low
39,Male,Master's,Divorced,88206.0,698.0,44038.0,Personal,Self-employed,8,Fair,0.3364,147213.0,2.0,South Bradleyfort,KS,Bulgaria,3.0,1,Low
49,Male,Bachelor's,Single,33140.0,779.0,34911.0,Home,Unemployed,6,Excellent,0.5575,78848.0,1.0,Mccluretown,WV,Thailand,1.0,2,Low
29,Male,Bachelor's,Married,47572.0,671.0,44347.0,Personal,Employed,16,Good,0.3336,147975.0,4.0,New Donna,NE,American Samoa,1.0,2,High
46,Male,PhD,Divorced,78204.0,746.0,46458.0,Personal,Unemployed,11,Good,0.1892,147200.0,1.0,Port Melindashire,KY,Uganda,4.0,1,Medium
24,Male,Master's,Divorced,100636.0,725.0,35871.0,Business,Employed,19,Good,0.4333,75465.0,2.0,Abbottmouth,RI,Algeria,2.0,1,Low
41,Male,PhD,Married,96438.0,781.0,10708.0,Home,Self-employed,16,Fair,0.2701,93990.0,4.0,New Matthew,CO,Syrian Arab Republic,2.0,1,Medium
69,Non-binary,Master's,Single,47566.0,711.0,14982.0,Home,Unemployed,19,Poor,0.1921,152039.0,4.0,Lake James,ME,Palau,0.0,2,Low
37,Male,Bachelor's,Married,85308.0,625.0,16694.0,Business,Employed,10,Good,0.5118,56772.0,1.0,South Timothy,AR,Liechtenstein,4.0,1,Low
26,Male,High School,Divorced,57317.0,686.0,48925.0,Personal,Unemployed,17,Good,0.3747,31891.0,4.0,Dawnstad,KY,Algeria,0.0,0,Low
34,Female,PhD,Divorced,70010.0,634.0,18989.0,Home,Employed,15,Good,0.1705,190531.0,0.0,Carrberg,HI,French Guiana,3.0,2,Low
65,Non-binary,Master's,Divorced,104606.0,775.0,15694.0,Home,Unemployed,12,Fair,0.5258,159981.0,1.0,Robertstad,CT,Bangladesh,2.0,2,Medium
50,Non-binary,PhD,Married,67670.0,711.0,40726.0,Personal,Employed,8,Fair,0.4336,133876.0,3.0,Goldentown,MN,Kyrgyz Republic,2.0,0,Medium
69,Non-binary,PhD,Married,40343.0,747.0,30295.0,Home,Unemployed,10,Good,0.3418,177134.0,0.0,Walkerstad,MH,Madagascar,1.0,2,Low
66,Male,Master's,Single,45966.0,774.0,39537.0,Home,Self-employed,13,Fair,0.5256,73922.0,2.0,North Karen,DC,Egypt,2.0,0,Low
56,Male,PhD,Single,28009.0,694.0,9372.0,Business,Self-employed,3,Poor,0.1299,183130.0,2.0,East Steven,CO,Sao Tome and Principe,2.0,1,Low
37,Non-binary,Bachelor's,Widowed,106348.0,688.0,45084.0,Home,Unemployed,9,Fair,0.4228,221567.0,1.0,Port Morgan,FM,Moldova,3.0,1,Medium
33,Female,Master's,Single,50041.0,634.0,43577.0,Auto,Unemployed,19,Poor,0.4359,83464.0,0.0,New Josephville,DC,Turks and Caicos Islands,0.0,1,Low
39,Non-binary,Master's,Divorced,42003.0,769.0,24044.0,Personal,Unemployed,19,Good,0.2294,158827.0,1.0,Williamsonside,TX,Taiwan,3.0,2,Low
39,Female,Bachelor's,Single,54623.0,679.0,37997.0,Business,Employed,14,Poor,0.1219,224805.0,3.0,North Ruben,SD,Guinea-Bissau,4.0,2,Medium
25,Female,Master's,Widowed,31377.0,648.0,47971.0,Personal,Employed,0,Excellent,0.2231,105914.0,1.0,West Rachelstad,AK,Libyan Arab Jamahiriya,4.0,0,Medium
24,Female,Bachelor's,Divorced,27543.0,701.0,18806.0,Auto,Unemployed,1,Excellent,0.2514,57503.0,3.0,Phillipville,NE,Greenland,3.0,1,Low
38,Non-binary,Master's,Single,102172.0,608.0,11026.0,Business,Unemployed,2,Excellent,0.5949,292434.0,4.0,New Nancy,ME,Italy,1.0,2,Low
50,Male,High School,Divorced,92796.0,602.0,26101.0,Business,Self-employed,3,Poor,0.1512,275199.0,1.0,Lake Mistyville,WV,Myanmar,4.0,2,High
29,Female,Bachelor's,Single,32941.0,602.0,39503.0,Auto,Unemployed,10,Fair,0.1973,38837.0,1.0,Shelbyland,NJ,Antigua and Barbuda,3.0,2,Low
60,Male,Master's,Single,28539.0,729.0,29166.0,Auto,Employed,19,Poor,0.5017,255685.0,3.0,Iantown,AL,Kyrgyz Republic,2.0,0,Low
30,Non-binary,High School,Widowed,34999.0,781.0,26627.0,Business,Unemployed,15,Poor,0.1314,70655.0,0.0,Charlesburgh,AK,Tajikistan,4.0,1,Low
42,Male,Master's,Single,89363.0,656.0,34118.0,Home,Self-employed,19,Good,0.4861,283817.0,4.0,Lake Janetville,MD,Costa Rica,2.0,0,Medium
44,Non-binary,Master's,Divorced,89360.0,686.0,32115.0,Business,Self-employed,12,Excellent,0.4096,84985.0,3.0,Lake Jill,WY,Northern Mariana Islands,3.0,2,Medium
30,Female,PhD,Widowed,104475.0,646.0,48518.0,Personal,Unemployed,14,Fair,0.2442,24636.0,2.0,Port Karen,OK,Saint Barthelemy,1.0,0,Low
30,Non-binary,PhD,Divorced,103017.0,616.0,35905.0,Home,Self-employed,8,Fair,0.2442,295016.0,0.0,South Scott,IN,Ethiopia,4.0,2,Low
31,Non-binary,Bachelor's,Widowed,26385.0,718.0,12393.0,Business,Employed,3,Excellent,0.4193,276755.0,0.0,East Allison,MA,Nepal,2.0,2,Low
56,Non-binary,Bachelor's,Divorced,67475.0,699.0,14933.0,Auto,Employed,5,Good,0.2369,284679.0,0.0,Kelleyshire,AK,Serbia,2.0,2,Low
30,Non-binary,High School,Married,47690.0,739.0,48369.0,Business,Employed,19,Good,0.2045,204498.0,3.0,North Nicholashaven,MI,Colombia,1.0,1,Low
49,Male,PhD,Married,53087.0,652.0,34447.0,Personal,Unemployed,6,Fair,0.3281,110696.0,0.0,South Melissaborough,GA,Heard Island and McDonald Islands,2.0,2,Low
58,Male,High School,Married,62850.0,748.0,36084.0,Auto,Employed,0,Poor,0.5461,104837.0,1.0,Rodriguezton,AZ,Antigua and Barbuda,3.0,0,Low
40,Non-binary,Bachelor's,Divorced,53500.0,630.0,14143.0,Home,Employed,9,Excellent,0.4119,103342.0,3.0,Middletonmouth,NH,Western Sahara,4.0,0,Low
68,Male,PhD,Married,38254.0,770.0,11461.0,Personal,Unemployed,1,Good,0.5165,132585.0,3.0,Darrylview,UT,Greenland,2.0,0,Low
29,Non-binary,PhD,Divorced,80684.0,777.0,41499.0,Personal,Self-employed,15,Poor,0.1836,287169.0,4.0,Lake Sean,AK,Kyrgyz Republic,2.0,0,Low
59,Male,PhD,Married,112851.0,770.0,31965.0,Auto,Employed,19,Good,0.5334,248185.0,2.0,South Susan,HI,Slovenia,3.0,0,Medium
37,Non-binary,PhD,Single,100501.0,767.0,8911.0,Personal,Unemployed,14,Good,0.1773,279157.0,3.0,New Davidside,VI,Heard Island and McDonald Islands,0.0,0,Low
64,Non-binary,Master's,Widowed,95475.0,689.0,44284.0,Auto,Self-employed,11,Good,0.4656,223428.0,1.0,Dennisfurt,TX,Myanmar,0.0,0,High
28,Non-binary,Master's,Married,31885.0,735.0,21313.0,Business,Unemployed,0,Excellent,0.4905,138048.0,1.0,North Meagan,AR,Estonia,4.0,2,Low
69,Female,Bachelor's,Widowed,53978.0,637.0,24725.0,Auto,Self-employed,15,Fair,0.1726,65774.0,4.0,North Mikaylamouth,CO,South Georgia and the South Sandwich Islands,1.0,2,Low
29,Female,Bachelor's,Divorced,69289.0,739.0,5583.0,Auto,Self-employed,14,Good,0.2684,253751.0,2.0,Lake Leeville,ID,Latvia,0.0,1,Low
30,Non-binary,Bachelor's,Single,96519.0,740.0,27963.0,Home,Employed,5,Good,0.5832,27615.0,4.0,West Daniel,AS,Andorra,0.0,1,Low
41,Female,PhD,Divorced,54311.0,624.0,40592.0,Personal,Self-employed,9,Excellent,0.1794,234134.0,3.0,New Faith,MD,Hong Kong,1.0,2,Low
67,Female,Bachelor's,Single,23052.0,735.0,48261.0,Home,Self-employed,10,Excellent,0.303,174316.0,2.0,Markborough,MI,Saudi Arabia,2.0,1,Low
28,Male,PhD,Widowed,48625.0,675.0,23721.0,Home,Self-employed,0,Excellent,0.4513,285002.0,0.0,Katherinehaven,TN,Cuba,0.0,0,Medium
49,Female,Bachelor's,Married,71901.0,758.0,23609.0,Auto,Employed,13,Good,0.483,296797.0,4.0,New Deanchester,ND,Greenland,1.0,1,Low
64,Non-binary,Bachelor's,Married,62425.0,633.0,44113.0,Personal,Self-employed,2,Excellent,0.1477,260580.0,4.0,Mackenzieshire,MN,Costa Rica,2.0,1,Medium
49,Non-binary,Bachelor's,Widowed,96687.0,611.0,37908.0,Business,Employed,18,Excellent,0.494,42700.0,2.0,Brownborough,AK,Vanuatu,1.0,2,High
64,Male,PhD,Divorced,64264.0,637.0,41309.0,Business,Employed,11,Poor,0.1794,23141.0,0.0,North Maryhaven,IN,Martinique,1.0,1,Medium
54,Non-binary,PhD,Married,69431.0,768.0,32861.0,Home,Employed,13,Excellent,0.4607,28037.0,2.0,New Christopherstad,VT,Niger,0.0,1,Low
44,Non-binary,PhD,Married,117309.0,780.0,13807.0,Home,Self-employed,1,Good,0.3339,260548.0,3.0,North Tylerbury,DC,Trinidad and Tobago,3.0,1,Medium
61,Non-binary,PhD,Single,112297.0,773.0,41898.0,Business,Unemployed,9,Good,0.4006,231574.0,3.0,Brownton,UT,Syrian Arab Republic,4.0,1,Medium
60,Female,Master's,Single,69349.0,661.0,15245.0,Business,Employed,14,Poor,0.2492,285451.0,1.0,New Cesar,TN,Cote d'Ivoire,2.0,0,Low
34,Male,Master's,Married,46081.0,774.0,33530.0,Auto,Self-employed,18,Fair,0.5161,54515.0,2.0,West Robert,MP,Azerbaijan,2.0,2,Medium
29,Non-binary,Bachelor's,Widowed,71158.0,632.0,42674.0,Home,Self-employed,17,Excellent,0.3852,159995.0,4.0,Lake Johntown,SC,Kiribati,3.0,1,Medium
55,Non-binary,Master's,Single,66308.0,735.0,47395.0,Personal,Employed,17,Excellent,0.3302,263627.0,2.0,New Brendaburgh,ND,Trinidad and Tobago,0.0,2,Low
44,Non-binary,Bachelor's,Widowed,64893.0,726.0,48059.0,Home,Employed,14,Good,0.2064,80913.0,3.0,West Kirsten,DE,Saint Lucia,4.0,2,Medium
29,Male,High School,Single,82278.0,786.0,7749.0,Home,Unemployed,10,Fair,0.4393,182784.0,3.0,Lake Kimshire,AR,Mauritius,4.0,1,Low
32,Non-binary,Bachelor's,Single,44276.0,787.0,6635.0,Personal,Self-employed,16,Fair,0.5231,216475.0,3.0,Isabellastad,SD,Austria,1.0,1,Low
40,Male,PhD,Widowed,98002.0,763.0,36767.0,Home,Self-employed,11,Good,0.4151,128784.0,0.0,Carolynbury,NE,Comoros,2.0,2,Medium
26,Male,Master's,Married,71630.0,613.0,26930.0,Home,Employed,17,Excellent,0.3547,233110.0,2.0,Higginsfurt,NJ,Northern Mariana Islands,3.0,0,Low
52,Female,PhD,Single,29675.0,736.0,31923.0,Auto,Employed,2,Good,0.2541,86181.0,3.0,Marcusshire,AL,American Samoa,2.0,0,Low
68,Male,Master's,Widowed,110886.0,724.0,17782.0,Personal,Unemployed,12,Good,0.4499,198453.0,2.0,South Teresaview,ID,Tanzania,1.0,2,Low
24,Non-binary,PhD,Widowed,50493.0,638.0,40444.0,Auto,Unemployed,6,Fair,0.5015,135528.0,0.0,Kimberlytown,MS,British Virgin Islands,0.0,0,Low
55,Non-binary,PhD,Single,92623.0,603.0,22127.0,Home,Unemployed,8,Poor,0.2887,243105.0,2.0,Cummingsview,ID,Estonia,0.0,2,Medium
28,Male,Bachelor's,Married,59313.0,708.0,11647.0,Home,Self-employed,9,Good,0.5636,231740.0,3.0,Masseyborough,CT,Egypt,1.0,2,Low
40,Non-binary,High School,Divorced,87474.0,783.0,17872.0,Personal,Self-employed,4,Good,0.1806,264709.0,3.0,Danielberg,ID,Svalbard & Jan Mayen Islands,1.0,0,Low
50,Female,Master's,Single,58862.0,664.0,23372.0,Home,Employed,18,Fair,0.5929,65371.0,3.0,Alexismouth,AZ,Iran,0.0,2,Low
35,Female,PhD,Divorced,69635.0,769.0,17425.0,Personal,Self-employed,15,Good,0.1881,62734.0,2.0,Lake Whitney,HI,Bouvet Island (Bouvetoya),3.0,2,Low
49,Female,Master's,Divorced,108896.0,720.0,18832.0,Home,Self-employed,11,Poor,0.3813,47385.0,4.0,Ericmouth,NE,Albania,2.0,1,Low
51,Female,PhD,Single,88079.0,634.0,16641.0,Home,Employed,7,Excellent,0.5593,92151.0,4.0,South Megan,MT,Montserrat,2.0,2,Low
52,Female,High School,Widowed,94826.0,659.0,35897.0,Personal,Employed,3,Good,0.4327,128972.0,1.0,Port Frederickfort,MI,Japan,3.0,1,Medium
49,Female,Bachelor's,Divorced,78714.0,691.0,38897.0,Home,Employed,16,Fair,0.2394,247130.0,4.0,Taylorside,MH,Saint Pierre and Miquelon,1.0,2,Medium
33,Male,PhD,Single,103844.0,795.0,28966.0,Auto,Unemployed,14,Excellent,0.4558,219636.0,3.0,Lake Paulmouth,CT,Jordan,3.0,2,High
50,Male,Bachelor's,Divorced,35987.0,742.0,42694.0,Home,Unemployed,14,Excellent,0.2222,176661.0,0.0,Thompsonmouth,NM,Hong Kong,4.0,0,Medium
69,Female,Bachelor's,Widowed,104079.0,666.0,44260.0,Home,Employed,9,Poor,0.1051,154649.0,0.0,Port Tinaborough,ME,Fiji,2.0,2,Medium
51,Female,Master's,Widowed,87784.0,716.0,16391.0,Business,Unemployed,9,Good,0.5606,263883.0,4.0,North Casey,WA,Chile,2.0,0,Low
45,Female,High School,Married,119329.0,740.0,40890.0,Home,Self-employed,18,Poor,0.4549,224863.0,0.0,South Katelynmouth,AK,Honduras,2.0,2,Low
40,Female,High School,Widowed,33601.0,716.0,46955.0,Auto,Employed,13,Good,0.573,91367.0,4.0,New Jasonmouth,SC,Pitcairn Islands,3.0,2,Low
67,Non-binary,Master's,Widowed,56583.0,671.0,38191.0,Personal,Self-employed,0,Excellent,0.1131,296631.0,0.0,New April,IL,Trinidad and Tobago,2.0,0,Low
51,Female,Bachelor's,Married,26030.0,639.0,38256.0,Auto,Unemployed,18,Good,0.2093,20678.0,3.0,Cruzview,RI,Dominica,4.0,2,Low
52,Non-binary,Bachelor's,Married,74510.0,781.0,21714.0,Personal,Unemployed,19,Poor,0.2131,243657.0,2.0,Christopherhaven,GU,Bermuda,3.0,1,Medium
18,Female,Master's,Widowed,37693.0,620.0,46767.0,Business,Unemployed,10,Poor,0.2401,293639.0,3.0,Frankbury,MI,Tunisia,0.0,1,Low
31,Female,Master's,Married,67252.0,744.0,23013.0,Business,Employed,15,Good,0.3462,30483.0,1.0,Jeffreystad,ME,Lebanon,3.0,0,Low
40,Female,Master's,Widowed,54851.0,704.0,14650.0,Business,Unemployed,13,Good,0.4597,217135.0,3.0,South Derek,DE,Nicaragua,4.0,2,Medium
35,Non-binary,High School,Divorced,44977.0,651.0,26932.0,Business,Employed,0,Fair,0.4619,230043.0,1.0,New Audreyborough,GU,Guatemala,4.0,1,Low
59,Female,High School,Widowed,44641.0,671.0,34523.0,Personal,Unemployed,13,Fair,0.5866,154410.0,4.0,Mcneilbury,WV,Congo,2.0,1,High
62,Male,Bachelor's,Widowed,106718.0,747.0,33301.0,Business,Unemployed,16,Good,0.2282,91564.0,1.0,North Danielleside,AL,Mauritius,2.0,0,Medium
29,Female,Bachelor's,Single,52322.0,676.0,44050.0,Auto,Self-employed,10,Excellent,0.3709,223141.0,1.0,New Jennifer,IA,Tanzania,3.0,1,Low
61,Non-binary,PhD,Divorced,99134.0,661.0,9547.0,Business,Employed,6,Fair,0.1378,32637.0,3.0,Sonyaburgh,NE,Paraguay,2.0,0,Low
31,Male,Bachelor's,Divorced,93563.0,759.0,23277.0,Home,Employed,15,Poor,0.4681,280249.0,4.0,Williamchester,RI,Saint Kitts and Nevis,0.0,0,Medium
57,Male,PhD,Single,27806.0,669.0,45411.0,Home,Unemployed,3,Excellent,0.3951,224578.0,0.0,Sarahtown,TN,Costa Rica,4.0,0,Low
18,Female,Bachelor's,Married,38414.0,759.0,39856.0,Personal,Employed,7,Excellent,0.3333,192119.0,0.0,Lake Megan,KS,Gabon,4.0,2,Low
46,Male,Master's,Widowed,88106.0,697.0,5682.0,Personal,Unemployed,4,Fair,0.1187,71906.0,2.0,Scottshire,MO,Lao People's Democratic Republic,2.0,0,Medium
67,Non-binary,Bachelor's,Married,28463.0,716.0,12210.0,Home,Employed,3,Fair,0.1392,256831.0,1.0,Port Dawn,MN,Albania,2.0,1,Low
66,Female,Master's,Widowed,47584.0,667.0,7343.0,Personal,Self-employed,9,Poor,0.2646,149867.0,3.0,East Curtiston,AL,Kuwait,4.0,1,Low
35,Male,Master's,Single,107793.0,689.0,40239.0,Business,Self-employed,2,Fair,0.1424,68910.0,0.0,Spencermouth,DC,Equatorial Guinea,2.0,1,Low
51,Female,High School,Single,42650.0,680.0,18589.0,Business,Employed,4,Poor,0.2113,61930.0,1.0,New Joel,AL,Armenia,4.0,1,Low
30,Non-binary,High School,Single,72188.0,734.0,28187.0,Personal,Unemployed,15,Excellent,0.2795,235084.0,4.0,Dawnshire,NJ,Netherlands,1.0,1,Low
47,Non-binary,PhD,Single,116565.0,654.0,45396.0,Personal,Self-employed,2,Good,0.5201,139899.0,1.0,Nancyfort,PR,Maldives,0.0,2,Low
61,Female,Bachelor's,Widowed,96762.0,682.0,34116.0,Home,Unemployed,18,Good,0.5181,275383.0,0.0,Kevinmouth,MD,Grenada,0.0,1,Low
28,Male,High School,Divorced,62368.0,664.0,20669.0,Business,Employed,11,Good,0.3891,96683.0,3.0,Nicholasmouth,WV,Saint Pierre and Miquelon,4.0,0,Medium
35,Non-binary,Bachelor's,Widowed,110947.0,782.0,35252.0,Home,Self-employed,8,Excellent,0.5781,120663.0,1.0,North Nicolestad,WI,North Macedonia,0.0,2,Medium
52,Non-binary,PhD,Single,118463.0,722.0,49176.0,Auto,Employed,8,Good,0.5221,151355.0,4.0,South Tonya,GU,Korea,2.0,1,Low
37,Non-binary,Master's,Widowed,92321.0,687.0,48302.0,Home,Unemployed,4,Excellent,0.4007,229309.0,0.0,New Jamesbury,KS,Cape Verde,1.0,0,Medium
35,Female,Master's,Single,76305.0,609.0,46170.0,Business,Self-employed,15,Poor,0.2932,84362.0,3.0,North Deannatown,ME,Bulgaria,4.0,2,Low
39,Non-binary,Bachelor's,Divorced,58418.0,646.0,5322.0,Business,Self-employed,15,Excellent,0.4554,72544.0,0.0,Port Brandyton,NH,Iraq,0.0,1,Low
19,Non-binary,Master's,Widowed,89483.0,686.0,28474.0,Home,Unemployed,16,Good,0.2011,111756.0,1.0,West Ronaldstad,CO,Netherlands Antilles,2.0,1,Low
34,Male,High School,Single,52486.0,704.0,22981.0,Business,Unemployed,17,Excellent,0.2857,258168.0,3.0,Mooreburgh,MO,Antigua and Barbuda,4.0,2,Low
29,Female,High School,Single,90097.0,675.0,47314.0,Auto,Self-employed,2,Fair,0.1429,180095.0,1.0,Adambury,SC,Zambia,4.0,1,Low
66,Non-binary,Bachelor's,Divorced,82806.0,736.0,26481.0,Auto,Employed,7,Poor,0.5039,256675.0,4.0,Davisville,FM,Anguilla,1.0,1,Medium
66,Non-binary,Master's,Single,83721.0,670.0,21967.0,Auto,Self-employed,11,Fair,0.1964,115396.0,0.0,New Micheleland,CT,Pitcairn Islands,3.0,0,Low
39,Non-binary,Bachelor's,Married,79232.0,752.0,25819.0,Auto,Self-employed,0,Good,0.288,188354.0,1.0,Joshuatown,SC,Netherlands Antilles,0.0,1,Low
69,Non-binary,Master's,Single,93118.0,613.0,43065.0,Home,Unemployed,8,Fair,0.5367,201855.0,1.0,Marshallport,WA,Egypt,2.0,2,High
50,Non-binary,Master's,Single,75951.0,629.0,41460.0,Business,Self-employed,4,Fair,0.5313,157444.0,4.0,East Markstad,MS,Holy See (Vatican City State),4.0,2,Medium
66,Male,Bachelor's,Widowed,65959.0,641.0,25398.0,Business,Employed,0,Fair,0.2456,264028.0,3.0,South Bradley,GU,Peru,1.0,2,Low
48,Female,High School,Widowed,58493.0,748.0,28674.0,Auto,Employed,19,Excellent,0.5464,163816.0,3.0,Ericshire,IA,Singapore,2.0,1,Low
62,Male,PhD,Married,92264.0,702.0,40719.0,Auto,Unemployed,3,Excellent,0.3526,77101.0,3.0,East Timothystad,DE,Switzerland,0.0,1,Low
28,Male,High School,Widowed,81826.0,659.0,37126.0,Personal,Unemployed,13,Fair,0.4372,247885.0,1.0,West Brucemouth,CA,Ecuador,3.0,1,Medium
27,Female,PhD,Married,71524.0,799.0,26422.0,Business,Self-employed,8,Good,0.2882,110193.0,3.0,Brandyfurt,DC,Chile,4.0,2,Low
66,Non-binary,Master's,Divorced,75535.0,687.0,28095.0,Home,Employed,17,Good,0.2095,118334.0,1.0,Morristown,AZ,Marshall Islands,0.0,2,Low
40,Female,Bachelor's,Divorced,56182.0,683.0,14923.0,Business,Self-employed,17,Good,0.1711,63300.0,0.0,Johnstonborough,AS,Switzerland,1.0,1,Low
25,Female,Master's,Widowed,38953.0,729.0,21238.0,Home,Employed,15,Good,0.3556,30249.0,0.0,Alfredbury,AL,French Polynesia,0.0,2,Low
30,Non-binary,Bachelor's,Widowed,30176.0,696.0,28922.0,Home,Employed,8,Excellent,0.4233,108125.0,3.0,Jonesfort,FL,South Africa,4.0,0,Low
62,Female,Master's,Married,84334.0,666.0,29516.0,Home,Self-employed,0,Fair,0.1171,261538.0,2.0,Meganmouth,DC,Tunisia,1.0,2,Low
60,Non-binary,High School,Divorced,85180.0,671.0,12482.0,Personal,Unemployed,1,Good,0.5776,284265.0,1.0,New Kimberlyberg,GU,Malta,1.0,1,Low
36,Non-binary,High School,Single,107533.0,684.0,11954.0,Business,Employed,19,Excellent,0.228,190451.0,2.0,Woodhaven,NH,Macao,0.0,1,High
64,Non-binary,Master's,Widowed,56775.0,652.0,17458.0,Personal,Self-employed,9,Good,0.3974,128293.0,1.0,Brewerland,HI,Eritrea,0.0,1,Low
67,Female,PhD,Single,52691.0,738.0,47229.0,Home,Self-employed,5,Good,0.1344,20344.0,1.0,North Timothy,VA,Somalia,3.0,1,High
28,Non-binary,High School,Married,23051.0,654.0,7591.0,Personal,Employed,10,Good,0.2173,73937.0,3.0,Hernandezstad,ND,Malawi,3.0,0,Low
38,Female,Bachelor's,Single,97714.0,628.0,26512.0,Business,Unemployed,17,Good,0.3284,284790.0,0.0,North Rebeccamouth,GU,Tuvalu,2.0,2,Low
31,Female,Bachelor's,Divorced,96948.0,752.0,26715.0,Business,Unemployed,15,Fair,0.2358,70372.0,0.0,East Annaland,CT,Monaco,3.0,0,Low
24,Male,PhD,Widowed,80985.0,751.0,15461.0,Business,Self-employed,16,Excellent,0.25,133124.0,3.0,Jonathonchester,GU,Angola,1.0,1,Low
30,Non-binary,PhD,Divorced,102168.0,625.0,9344.0,Home,Employed,9,Fair,0.5318,125632.0,4.0,Frankland,DC,Bolivia,2.0,2,Low
54,Non-binary,PhD,Divorced,119591.0,754.0,8347.0,Home,Unemployed,2,Fair,0.4016,94916.0,0.0,Millerburgh,VI,Jordan,2.0,2,Medium
48,Non-binary,Bachelor's,Married,110060.0,724.0,20641.0,Auto,Employed,17,Good,0.1024,72033.0,1.0,North Gregoryborough,MO,Colombia,1.0,1,Medium
32,Non-binary,High School,Married,45185.0,643.0,14018.0,Business,Unemployed,0,Excellent,0.1065,90166.0,2.0,North Diana,NC,Brunei Darussalam,3.0,1,Low
23,Male,PhD,Widowed,27702.0,695.0,44679.0,Home,Unemployed,19,Good,0.2186,241256.0,1.0,Dillonburgh,HI,Vietnam,1.0,0,Low
21,Non-binary,Bachelor's,Widowed,96681.0,678.0,42338.0,Auto,Self-employed,14,Poor,0.202,92416.0,0.0,West Ashley,NC,Gabon,4.0,2,Low
37,Female,High School,Married,62325.0,612.0,37309.0,Personal,Unemployed,15,Excellent,0.2528,91470.0,0.0,South Patrickborough,IN,Serbia,4.0,2,Low
67,Male,Bachelor's,Widowed,36292.0,718.0,25073.0,Personal,Employed,6,Poor,0.3789,95428.0,4.0,Thomasfurt,FL,Anguilla,2.0,2,Low
43,Male,High School,Divorced,112648.0,617.0,33370.0,Auto,Employed,1,Good,0.3754,91909.0,3.0,New Patricia,PA,Bahamas,0.0,1,Medium
30,Female,Master's,Divorced,77941.0,656.0,27500.0,Personal,Self-employed,3,Excellent,0.4186,252226.0,4.0,Brianview,OR,Cambodia,4.0,1,Low
25,Non-binary,Bachelor's,Widowed,26827.0,653.0,40446.0,Home,Self-employed,7,Fair,0.5841,124927.0,4.0,Vaughnchester,WV,Belgium,2.0,0,Low
36,Male,Master's,Single,21119.0,741.0,10340.0,Business,Self-employed,18,Excellent,0.169,33531.0,4.0,Transtad,GA,Chad,0.0,2,Medium
65,Male,PhD,Widowed,88248.0,657.0,10696.0,Personal,Unemployed,14,Poor,0.4183,53718.0,4.0,North Joseland,FL,Saint Kitts and Nevis,0.0,1,Low
43,Non-binary,Master's,Widowed,25566.0,680.0,42212.0,Business,Unemployed,10,Good,0.5714,139125.0,2.0,Castillostad,TX,Sri Lanka,2.0,2,Medium
23,Female,PhD,Divorced,39874.0,690.0,21011.0,Personal,Unemployed,3,Excellent,0.3417,120161.0,0.0,Andreaburgh,VI,Uzbekistan,4.0,0,Low
36,Non-binary,High School,Divorced,119610.0,657.0,11181.0,Personal,Unemployed,5,Excellent,0.4531,198845.0,4.0,Andrewmouth,MP,Saint Kitts and Nevis,4.0,1,Medium
26,Male,PhD,Married,67498.0,633.0,26742.0,Home,Unemployed,16,Fair,0.1116,197731.0,0.0,Petersonfurt,AZ,Latvia,2.0,1,Low
40,Female,Master's,Widowed,21358.0,630.0,30680.0,Business,Employed,0,Excellent,0.5305,141667.0,1.0,West Bradley,DE,Bahamas,0.0,0,Low
48,Non-binary,Bachelor's,Divorced,71581.0,659.0,28199.0,Home,Unemployed,1,Fair,0.5137,74500.0,0.0,South Catherine,AL,Malaysia,0.0,0,Low
62,Female,High School,Married,93292.0,685.0,33453.0,Home,Employed,9,Poor,0.3856,35990.0,3.0,North Zacharyfurt,NH,American Samoa,3.0,2,Medium
66,Female,Master's,Widowed,69477.0,624.0,28831.0,Business,Unemployed,5,Excellent,0.597,276062.0,2.0,North Cynthiabury,ID,Romania,1.0,2,Low
60,Non-binary,PhD,Widowed,89939.0,667.0,32468.0,Home,Employed,14,Fair,0.5175,292885.0,0.0,Oneillmouth,NC,Uzbekistan,4.0,1,Low
43,Male,Master's,Divorced,81457.0,735.0,38875.0,Business,Unemployed,13,Poor,0.3537,75357.0,4.0,North Kyle,WA,Saint Pierre and Miquelon,2.0,0,Low
57,Female,High School,Single,53380.0,637.0,21806.0,Business,Self-employed,9,Excellent,0.4641,121734.0,4.0,Johnsland,TX,Chile,0.0,2,High
67,Male,PhD,Widowed,117919.0,733.0,9133.0,Personal,Employed,11,Poor,0.2394,89755.0,4.0,Port Sarah,AL,Maldives,2.0,2,Low
18,Female,Bachelor's,Widowed,27188.0,715.0,5479.0,Business,Unemployed,15,Good,0.2239,285093.0,4.0,South Thomasview,NM,Canada,1.0,1,Low
21,Male,PhD,Divorced,44660.0,708.0,49447.0,Personal,Employed,0,Good,0.1542,33393.0,3.0,Roberthaven,NM,Colombia,1.0,0,Low
41,Male,Bachelor's,Widowed,29854.0,736.0,20375.0,Home,Employed,3,Good,0.4397,105169.0,4.0,Rangelland,MD,Barbados,0.0,2,Low
20,Male,High School,Married,42568.0,733.0,23376.0,Auto,Unemployed,16,Poor,0.3868,149078.0,4.0,Robertsmouth,MI,Zambia,3.0,1,Low
64,Female,PhD,Divorced,68226.0,608.0,27084.0,Business,Unemployed,14,Excellent,0.3769,237012.0,1.0,Hickmanbury,ND,Egypt,0.0,2,Low
55,Male,PhD,Single,94526.0,767.0,24231.0,Personal,Self-employed,7,Good,0.4859,43948.0,2.0,Derekville,MH,Syrian Arab Republic,2.0,1,Low
25,Non-binary,High School,Widowed,70511.0,661.0,26990.0,Home,Unemployed,10,Good,0.5458,63435.0,3.0,Erichaven,IL,Syrian Arab Republic,3.0,1,Low
26,Non-binary,PhD,Widowed,45909.0,625.0,28712.0,Personal,Unemployed,1,Poor,0.3642,180675.0,4.0,Lake Katherinestad,NV,Slovenia,0.0,0,Low
57,Non-binary,PhD,Single,116940.0,671.0,24227.0,Business,Self-employed,1,Poor,0.183,223675.0,1.0,Timothyhaven,OR,Turkey,1.0,2,High
56,Male,PhD,Single,38073.0,718.0,28961.0,Business,Unemployed,13,Excellent,0.3341,190766.0,2.0,Lake James,PR,Solomon Islands,2.0,1,Medium
23,Non-binary,Bachelor's,Married,60213.0,781.0,40950.0,Personal,Unemployed,18,Good,0.506,204831.0,1.0,Port Jamie,MI,Yemen,2.0,1,Medium
64,Male,PhD,Widowed,98513.0,604.0,41077.0,Personal,Employed,3,Poor,0.3644,241900.0,2.0,Lake Jacob,PW,Jordan,0.0,1,Low
36,Male,Master's,Divorced,58938.0,797.0,17168.0,Home,Self-employed,3,Good,0.2391,200905.0,4.0,West John,CO,United States Virgin Islands,3.0,1,Low
29,Non-binary,Bachelor's,Widowed,27504.0,708.0,34876.0,Personal,Unemployed,13,Excellent,0.5133,218701.0,4.0,East Jennifer,CA,Jordan,2.0,1,Low
55,Female,High School,Single,52099.0,738.0,17512.0,Personal,Self-employed,8,Fair,0.4652,172738.0,4.0,South Michaeltown,NV,Vanuatu,3.0,2,Low
59,Male,Master's,Divorced,69831.0,629.0,27900.0,Home,Unemployed,11,Excellent,0.1552,55196.0,0.0,South Maryberg,MH,Australia,3.0,0,Low
32,Female,PhD,Widowed,101897.0,706.0,22239.0,Home,Self-employed,17,Excellent,0.4949,243483.0,4.0,Mendozaton,AS,Bahrain,3.0,1,Low
19,Female,High School,Married,31465.0,748.0,27937.0,Business,Unemployed,17,Excellent,0.2919,177417.0,1.0,Lake Leahchester,UT,Malaysia,4.0,1,Medium
25,Female,Bachelor's,Married,97952.0,633.0,13791.0,Business,Unemployed,5,Excellent,0.4968,101415.0,1.0,South Johnborough,AK,Uzbekistan,1.0,1,Medium
28,Male,Bachelor's,Married,35227.0,737.0,25056.0,Home,Unemployed,8,Excellent,0.4047,198360.0,3.0,Molinastad,OH,Tajikistan,1.0,1,Medium
58,Non-binary,Bachelor's,Divorced,68281.0,665.0,12839.0,Personal,Unemployed,0,Excellent,0.4552,217848.0,1.0,Clarkebury,KY,Slovakia (Slovak Republic),1.0,2,Low
37,Non-binary,Bachelor's,Single,70362.0,625.0,29849.0,Home,Employed,10,Good,0.2031,270056.0,0.0,Steventown,MS,Mali,4.0,0,Low
53,Non-binary,High School,Widowed,117276.0,781.0,30589.0,Home,Self-employed,9,Poor,0.4477,266907.0,2.0,South Jose,VI,Algeria,0.0,2,Low
36,Male,PhD,Single,48562.0,686.0,10423.0,Personal,Self-employed,10,Fair,0.2213,277666.0,3.0,Craigchester,KS,Syrian Arab Republic,1.0,2,Medium
36,Non-binary,High School,Single,83081.0,759.0,7655.0,Business,Employed,9,Good,0.5149,240325.0,1.0,North Justintown,PW,Zambia,0.0,1,Low
25,Non-binary,Master's,Single,47204.0,784.0,14439.0,Business,Self-employed,15,Good,0.2883,295334.0,3.0,Port Cristianside,NV,Rwanda,1.0,0,High
20,Non-binary,High School,Single,62000.0,760.0,12195.0,Home,Unemployed,17,Fair,0.4306,261431.0,0.0,North Jasonborough,GU,Liechtenstein,4.0,2,Low
30,Male,Bachelor's,Divorced,108715.0,647.0,28857.0,Business,Employed,14,Excellent,0.5665,146614.0,4.0,Schmidttown,OR,Djibouti,0.0,1,Medium
47,Female,PhD,Divorced,32818.0,759.0,35906.0,Home,Unemployed,18,Poor,0.4954,209777.0,3.0,South Andrew,NM,Saint Kitts and Nevis,0.0,0,Low
21,Female,PhD,Married,44440.0,634.0,49681.0,Personal,Self-employed,11,Poor,0.1697,98413.0,1.0,Lake Jason,MD,French Southern Territories,1.0,2,Medium
51,Male,High School,Widowed,25363.0,619.0,21917.0,Auto,Unemployed,16,Fair,0.1798,118251.0,1.0,Robertfurt,AZ,Korea,2.0,2,Low
28,Male,Master's,Divorced,82257.0,710.0,47782.0,Business,Self-employed,12,Excellent,0.5484,25291.0,4.0,East Robert,CO,Uzbekistan,0.0,1,Low
28,Male,Master's,Widowed,93511.0,783.0,36896.0,Auto,Unemployed,8,Excellent,0.2537,187931.0,1.0,East Laurie,MT,Angola,3.0,2,Low
51,Female,PhD,Married,46564.0,651.0,21495.0,Auto,Employed,1,Excellent,0.3016,197874.0,3.0,Patriciaville,GA,Korea,3.0,0,Medium
68,Female,Bachelor's,Married,96203.0,782.0,39421.0,Auto,Self-employed,12,Poor,0.2813,128230.0,3.0,Greeneland,HI,Bouvet Island (Bouvetoya),4.0,0,Medium
20,Non-binary,Master's,Widowed,100587.0,743.0,36488.0,Home,Self-employed,6,Excellent,0.1259,212697.0,2.0,Heatherchester,AZ,Guyana,4.0,2,Medium
24,Female,Bachelor's,Divorced,103232.0,783.0,9982.0,Business,Employed,18,Excellent,0.4749,162468.0,4.0,Carneyhaven,AK,Saint Kitts and Nevis,4.0,2,Medium
44,Male,High School,Divorced,38394.0,691.0,45216.0,Auto,Self-employed,19,Good,0.3443,97462.0,0.0,North Peter,FM,Qatar,3.0,0,Low
29,Male,Bachelor's,Widowed,66579.0,721.0,35555.0,Business,Unemployed,17,Fair,0.251,251291.0,0.0,Clarkland,FM,Philippines,2.0,1,Low
40,Non-binary,High School,Widowed,103086.0,627.0,9273.0,Auto,Employed,1,Poor,0.4034,223443.0,4.0,Port Michellemouth,MA,Saint Helena,2.0,0,Low
65,Female,Bachelor's,Married,82898.0,601.0,27822.0,Business,Unemployed,7,Good,0.1552,287950.0,1.0,Port Matthew,CA,Tuvalu,3.0,1,Low
40,Male,High School,Divorced,32194.0,732.0,8277.0,Auto,Employed,13,Poor,0.395,150593.0,2.0,East Garrett,PA,New Caledonia,3.0,2,Low
53,Non-binary,Bachelor's,Widowed,39121.0,666.0,22461.0,Auto,Employed,12,Excellent,0.1717,292178.0,1.0,Michaelburgh,WI,Bolivia,1.0,1,Medium
66,Female,PhD,Widowed,79611.0,764.0,33094.0,Auto,Unemployed,8,Fair,0.4294,47723.0,1.0,Jacksonfurt,PA,Iran,4.0,2,Low
46,Non-binary,PhD,Married,23553.0,717.0,36363.0,Personal,Self-employed,2,Good,0.4625,161754.0,1.0,Jenniferport,IA,British Virgin Islands,2.0,1,Medium
49,Non-binary,Master's,Divorced,114063.0,606.0,9084.0,Home,Self-employed,5,Excellent,0.4133,145417.0,2.0,Port Randyberg,AZ,Iceland,1.0,0,Medium
60,Male,Bachelor's,Divorced,104814.0,700.0,33278.0,Auto,Self-employed,18,Poor,0.1848,293641.0,3.0,Lake Ryanborough,TX,Macao,4.0,2,Low
18,Female,PhD,Divorced,70637.0,726.0,6049.0,Business,Unemployed,19,Poor,0.2423,296192.0,3.0,Port Kristiside,PW,South Africa,3.0,1,Low
52,Female,PhD,Widowed,93638.0,689.0,18241.0,Auto,Self-employed,18,Poor,0.3893,115327.0,4.0,South Haley,MO,Gabon,3.0,2,Low
44,Male,High School,Single,22853.0,653.0,19103.0,Personal,Employed,5,Fair,0.5993,292764.0,4.0,West Ronaldstad,IA,South Georgia and the South Sandwich Islands,4.0,2,Medium
43,Female,High School,Widowed,92554.0,777.0,31118.0,Business,Self-employed,2,Excellent,0.3282,265542.0,3.0,Timmouth,ME,Central African Republic,4.0,1,Low
60,Female,PhD,Married,71645.0,795.0,18298.0,Business,Unemployed,5,Excellent,0.2613,198484.0,4.0,Lake Timothy,WY,Estonia,4.0,1,Low
35,Female,Master's,Divorced,80693.0,736.0,46111.0,Home,Employed,19,Excellent,0.5318,155368.0,2.0,Michealmouth,MA,Mali,1.0,2,Medium
66,Female,PhD,Widowed,84136.0,756.0,37068.0,Auto,Employed,5,Fair,0.5111,200396.0,2.0,Lake Jennifer,DE,Cape Verde,0.0,0,Medium
18,Female,Master's,Divorced,85985.0,711.0,27240.0,Business,Self-employed,8,Fair,0.3344,197566.0,2.0,East Terranceport,NH,Equatorial Guinea,4.0,0,Low
24,Non-binary,Bachelor's,Divorced,100893.0,624.0,27336.0,Auto,Self-employed,5,Fair,0.5445,105532.0,3.0,Lake Nicole,ID,Zimbabwe,4.0,2,Low
33,Female,High School,Single,77607.0,655.0,39878.0,Home,Employed,15,Poor,0.3094,153078.0,1.0,Barnesborough,DC,Suriname,2.0,2,High
23,Female,Master's,Single,40893.0,701.0,22887.0,Personal,Self-employed,1,Excellent,0.3439,31332.0,0.0,Sethview,PR,Tonga,4.0,1,Low
63,Non-binary,Master's,Divorced,50609.0,702.0,35544.0,Auto,Self-employed,18,Fair,0.1593,110915.0,2.0,Carolynville,KS,Albania,0.0,0,Low
45,Female,PhD,Divorced,28366.0,700.0,17865.0,Home,Unemployed,0,Good,0.1296,206059.0,3.0,Feliciaborough,NV,Sri Lanka,3.0,0,Low
36,Non-binary,Bachelor's,Single,73678.0,718.0,11063.0,Personal,Employed,15,Poor,0.4734,119912.0,2.0,Kristafurt,FM,Germany,3.0,1,Low
62,Non-binary,High School,Divorced,87917.0,649.0,44244.0,Auto,Unemployed,13,Excellent,0.4674,61086.0,3.0,Lindahaven,TN,France,4.0,2,Low
40,Female,High School,Single,98798.0,667.0,18347.0,Auto,Unemployed,18,Good,0.5307,169673.0,1.0,North Jessicaside,VI,Bulgaria,0.0,1,Low
26,Male,Master's,Married,79241.0,771.0,15223.0,Personal,Self-employed,1,Fair,0.3856,207283.0,4.0,West Aprilchester,UT,Senegal,4.0,0,Low
58,Male,Master's,Single,64544.0,718.0,10856.0,Home,Unemployed,3,Excellent,0.2659,110978.0,4.0,Josephton,MO,Tanzania,4.0,0,Medium
47,Female,Bachelor's,Married,25315.0,719.0,6446.0,Home,Employed,0,Poor,0.1153,219586.0,1.0,Angelatown,MO,El Salvador,2.0,0,Low
20,Male,PhD,Widowed,33851.0,634.0,8046.0,Business,Self-employed,17,Poor,0.329,135320.0,3.0,North Donna,NY,Pitcairn Islands,4.0,2,Low
62,Female,High School,Widowed,107579.0,764.0,6451.0,Business,Self-employed,17,Fair,0.2534,46929.0,1.0,Lake Tammy,KS,Portugal,3.0,1,Low
40,Male,Master's,Widowed,100000.0,678.0,31859.0,Auto,Unemployed,1,Fair,0.1163,58433.0,0.0,Elizabethmouth,OR,Seychelles,4.0,2,High
45,Non-binary,PhD,Widowed,49404.0,789.0,17301.0,Personal,Employed,17,Fair,0.5508,278239.0,1.0,Lake Katherine,IN,Bosnia and Herzegovina,0.0,1,Medium
29,Non-binary,High School,Single,85696.0,614.0,49095.0,Personal,Unemployed,9,Good,0.4152,296167.0,0.0,West Ernest,MS,Solomon Islands,2.0,1,Low
53,Non-binary,PhD,Widowed,96347.0,797.0,48628.0,Auto,Self-employed,14,Poor,0.3852,22946.0,4.0,Kimchester,TN,Honduras,3.0,1,Medium
60,Non-binary,PhD,Widowed,114948.0,761.0,14000.0,Auto,Unemployed,5,Good,0.5093,195076.0,4.0,Jennaland,AR,Norway,0.0,2,Low
24,Female,Master's,Married,51653.0,700.0,18777.0,Personal,Employed,16,Excellent,0.5424,113338.0,4.0,North Kristina,PW,Nauru,4.0,1,Low
69,Male,Master's,Married,94385.0,684.0,38341.0,Auto,Employed,1,Poor,0.1428,80503.0,2.0,West Rebeccahaven,CA,Guinea-Bissau,1.0,2,Low
52,Female,Master's,Married,90440.0,769.0,32528.0,Home,Employed,15,Poor,0.1635,197722.0,4.0,South Kelly,OR,Pitcairn Islands,3.0,0,Medium
66,Non-binary,PhD,Widowed,82708.0,730.0,39130.0,Personal,Employed,2,Fair,0.547,152231.0,0.0,South Sherrystad,MN,Papua New Guinea,2.0,0,Low
18,Male,Master's,Widowed,112781.0,704.0,14142.0,Business,Unemployed,19,Excellent,0.3604,164216.0,4.0,South Arthur,FM,Chile,1.0,2,Medium
45,Male,PhD,Widowed,83023.0,603.0,12365.0,Home,Self-employed,17,Fair,0.3354,50800.0,0.0,Markstad,NV,Netherlands,4.0,0,Low
51,Male,High School,Married,56085.0,751.0,31520.0,Home,Self-employed,6,Fair,0.5997,108097.0,1.0,Beardshire,SD,British Virgin Islands,2.0,1,Low
68,Female,Bachelor's,Married,117083.0,629.0,28823.0,Personal,Self-employed,19,Excellent,0.546,163619.0,2.0,Fergusonshire,KS,Saint Vincent and the Grenadines,0.0,0,Medium
54,Male,Bachelor's,Divorced,113907.0,649.0,10792.0,Personal,Self-employed,10,Fair,0.4388,204440.0,3.0,Lake Lawrence,NV,Papua New Guinea,3.0,0,High
63,Non-binary,PhD,Married,114808.0,726.0,23238.0,Home,Self-employed,13,Poor,0.1745,257035.0,1.0,Feliciastad,IN,Bermuda,1.0,1,Medium
42,Non-binary,High School,Widowed,111296.0,606.0,48337.0,Auto,Employed,4,Fair,0.2791,43839.0,4.0,Salasberg,CA,India,1.0,0,Low
23,Female,Master's,Widowed,50131.0,792.0,12988.0,Auto,Employed,19,Excellent,0.5652,81303.0,2.0,Paulshire,MO,Sao Tome and Principe,4.0,0,Medium
37,Non-binary,Bachelor's,Single,66149.0,655.0,6976.0,Home,Employed,3,Excellent,0.4002,109598.0,0.0,South Kenneth,SC,Sao Tome and Principe,3.0,1,Low
26,Male,PhD,Widowed,46865.0,740.0,15412.0,Auto,Employed,16,Poor,0.4696,115019.0,0.0,North Kenneth,AL,Netherlands,3.0,0,Medium
52,Male,PhD,Divorced,91066.0,778.0,44276.0,Home,Employed,12,Good,0.2729,29661.0,2.0,Lake Williamhaven,AS,Tonga,2.0,2,Low
41,Female,High School,Divorced,82995.0,721.0,40165.0,Home,Employed,0,Good,0.2426,117567.0,1.0,Anthonyhaven,GA,Palau,1.0,1,Low
34,Male,PhD,Widowed,107858.0,783.0,31738.0,Auto,Unemployed,3,Fair,0.432,68139.0,2.0,South Alyssamouth,NE,Mexico,2.0,1,Medium
32,Female,PhD,Divorced,37809.0,759.0,45205.0,Business,Self-employed,3,Good,0.222,72086.0,0.0,New Lawrenceshire,MS,Mozambique,1.0,2,Low
38,Female,High School,Widowed,20051.0,779.0,29267.0,Home,Self-employed,16,Good,0.1426,250160.0,4.0,South Christopher,NJ,Madagascar,3.0,0,Low
30,Male,Master's,Widowed,110506.0,752.0,16109.0,Personal,Self-employed,9,Excellent,0.1611,59809.0,1.0,Sanchezton,WY,Norway,1.0,2,Low
62,Non-binary,PhD,Divorced,40605.0,648.0,10786.0,Auto,Self-employed,18,Excellent,0.5686,107749.0,4.0,Port Margaret,IN,Antarctica (the territory South of 60 deg S),2.0,1,Low
61,Male,Master's,Married,68821.0,665.0,6157.0,Home,Employed,8,Excellent,0.2154,49241.0,0.0,Rebeccashire,IN,Kyrgyz Republic,3.0,2,Low
32,Non-binary,High School,Married,86130.0,730.0,48926.0,Personal,Self-employed,13,Poor,0.5177,262536.0,2.0,Jenniferbury,KY,Uganda,2.0,0,Low
25,Non-binary,Bachelor's,Divorced,69330.0,619.0,11277.0,Personal,Self-employed,1,Excellent,0.55,201522.0,3.0,East Melissa,MT,Svalbard & Jan Mayen Islands,2.0,0,Low
30,Female,Bachelor's,Married,117366.0,701.0,27319.0,Personal,Employed,19,Good,0.5104,172349.0,2.0,Combschester,OK,Trinidad and Tobago,3.0,0,Medium
20,Non-binary,Master's,Widowed,42282.0,743.0,18725.0,Home,Employed,0,Good,0.228,264424.0,0.0,West Jeremychester,NJ,Canada,2.0,1,Low
42,Female,High School,Widowed,65608.0,747.0,39867.0,Home,Self-employed,0,Poor,0.2786,253686.0,3.0,Wendyburgh,AZ,India,0.0,0,Medium
19,Non-binary,PhD,Married,93108.0,744.0,12252.0,Home,Unemployed,13,Good,0.5622,193375.0,0.0,Melindatown,TN,Greece,0.0,0,Low
46,Female,Bachelor's,Divorced,61616.0,650.0,29836.0,Personal,Employed,4,Poor,0.5422,182267.0,1.0,Josephland,VI,Burkina Faso,3.0,0,Low
53,Female,Bachelor's,Widowed,75258.0,772.0,32792.0,Business,Self-employed,18,Poor,0.573,128658.0,4.0,Port William,MH,Brunei Darussalam,0.0,2,Medium
39,Female,High School,Married,109897.0,711.0,31513.0,Business,Self-employed,19,Fair,0.2163,102322.0,4.0,New Loriport,MP,Sri Lanka,1.0,2,Medium
30,Male,PhD,Married,45789.0,746.0,21315.0,Home,Employed,9,Excellent,0.2138,146419.0,0.0,Peterhaven,DE,Turks and Caicos Islands,3.0,0,Medium
27,Non-binary,High School,Widowed,108760.0,798.0,39675.0,Personal,Employed,12,Good,0.3236,136751.0,2.0,Russellborough,GA,Comoros,0.0,2,Medium
56,Male,PhD,Single,68917.0,645.0,47583.0,Auto,Unemployed,14,Poor,0.5174,94177.0,1.0,Grayport,OH,Panama,4.0,1,High
37,Female,High School,Divorced,115884.0,665.0,19860.0,Business,Employed,17,Good,0.2595,204481.0,2.0,Jamesland,KS,Guadeloupe,2.0,1,Low
53,Female,High School,Married,43212.0,629.0,28838.0,Personal,Unemployed,2,Fair,0.341,222535.0,4.0,West Desireemouth,KS,Zimbabwe,4.0,1,Low
52,Non-binary,High School,Married,104576.0,644.0,5107.0,Auto,Unemployed,16,Good,0.5263,63562.0,0.0,Evanborough,WV,Poland,1.0,1,Medium
52,Male,Bachelor's,Married,72221.0,682.0,7457.0,Auto,Self-employed,13,Fair,0.3381,266761.0,0.0,Kaitlynstad,OK,Sierra Leone,1.0,0,Low
63,Male,High School,Single,54747.0,728.0,40656.0,Home,Self-employed,1,Good,0.1224,229185.0,2.0,West Victoria,SC,Iran,1.0,1,Low
44,Male,Bachelor's,Widowed,57049.0,713.0,30367.0,Home,Self-employed,4,Good,0.3822,296060.0,3.0,Bennettchester,OH,Uganda,3.0,2,Low
32,Female,Bachelor's,Married,118923.0,688.0,32219.0,Home,Self-employed,9,Good,0.3809,27827.0,3.0,Lloydmouth,LA,Antigua and Barbuda,3.0,1,Low
23,Non-binary,Master's,Single,69699.0,648.0,49770.0,Auto,Employed,15,Good,0.3674,42532.0,3.0,Carlyport,MT,Yemen,1.0,1,Medium
35,Non-binary,Bachelor's,Widowed,60857.0,726.0,45459.0,Auto,Employed,1,Poor,0.5046,229982.0,2.0,Harrisshire,WA,Guinea,3.0,1,Low
62,Non-binary,Master's,Married,116171.0,626.0,22656.0,Business,Employed,17,Fair,0.5918,39540.0,0.0,Smithmouth,GA,Jamaica,2.0,0,Low
31,Male,High School,Married,78185.0,640.0,26937.0,Business,Unemployed,9,Poor,0.1447,130176.0,1.0,South Christinaport,VT,Saint Pierre and Miquelon,2.0,1,Low
29,Non-binary,PhD,Married,79534.0,708.0,47727.0,Auto,Self-employed,12,Poor,0.165,116715.0,2.0,South Mike,HI,Guam,0.0,0,Low
37,Male,Bachelor's,Divorced,94363.0,771.0,23030.0,Business,Employed,17,Good,0.5876,58877.0,3.0,Lynnfurt,OH,Portugal,1.0,2,Medium
36,Male,High School,Married,24820.0,609.0,8595.0,Personal,Unemployed,13,Excellent,0.3823,208370.0,3.0,Sarahstad,FL,Peru,1.0,1,Low
64,Female,High School,Widowed,86775.0,609.0,25637.0,Business,Unemployed,17,Good,0.2663,95741.0,4.0,New Joseview,DC,Burkina Faso,0.0,2,Low
60,Non-binary,High School,Single,117400.0,616.0,6163.0,Personal,Unemployed,7,Excellent,0.4904,246830.0,2.0,Martinberg,MD,India,0.0,1,Medium
52,Non-binary,High School,Married,81684.0,737.0,26671.0,Home,Self-employed,1,Good,0.363,244990.0,0.0,South Jameston,MP,Israel,3.0,1,Low
23,Female,High School,Married,69962.0,609.0,36288.0,Personal,Unemployed,8,Good,0.5528,171759.0,4.0,Fieldsmouth,AR,Paraguay,3.0,2,Low
62,Male,Bachelor's,Widowed,38687.0,745.0,41384.0,Home,Unemployed,13,Good,0.1888,231970.0,2.0,Watsonmouth,VI,Algeria,2.0,2,Low
37,Male,Bachelor's,Single,55608.0,657.0,37293.0,Personal,Unemployed,1,Fair,0.2197,192576.0,2.0,South Rachelmouth,MN,Finland,4.0,1,Low
35,Non-binary,Master's,Divorced,107340.0,787.0,21711.0,Personal,Self-employed,12,Good,0.5198,200892.0,1.0,Harperport,IA,Marshall Islands,2.0,1,Low
33,Non-binary,High School,Single,46534.0,666.0,21523.0,Personal,Employed,7,Excellent,0.4957,117730.0,4.0,Hendricksburgh,OK,United States Minor Outlying Islands,1.0,1,Low
45,Non-binary,PhD,Widowed,105566.0,750.0,18365.0,Auto,Employed,19,Poor,0.56,100136.0,4.0,Bennetthaven,FL,Brunei Darussalam,2.0,2,Medium
26,Male,Master's,Widowed,78282.0,714.0,48886.0,Home,Unemployed,6,Poor,0.3795,51908.0,3.0,East April,UT,Isle of Man,3.0,2,Low
69,Male,PhD,Single,24920.0,633.0,34546.0,Personal,Employed,18,Excellent,0.1566,287098.0,1.0,Arianafurt,AR,Palau,2.0,1,Low
24,Female,Master's,Married,73270.0,730.0,38235.0,Personal,Employed,3,Fair,0.1753,32199.0,0.0,Lake Tanyaland,OH,Venezuela,2.0,0,Low
47,Non-binary,Bachelor's,Single,103732.0,745.0,6487.0,Auto,Unemployed,7,Good,0.2402,282554.0,3.0,Craigburgh,UT,Cote d'Ivoire,3.0,2,Medium
55,Female,Master's,Single,42151.0,620.0,35202.0,Personal,Self-employed,8,Good,0.4144,213767.0,4.0,Ryanhaven,DC,Comoros,4.0,2,Medium
49,Male,High School,Married,59606.0,613.0,15201.0,Personal,Self-employed,8,Excellent,0.3483,72399.0,4.0,Dennisfort,VI,Angola,0.0,0,Medium
23,Female,High School,Widowed,97831.0,732.0,41225.0,Auto,Self-employed,7,Poor,0.2837,119481.0,4.0,Cortezmouth,WY,Micronesia,2.0,2,High
44,Non-binary,High School,Married,75438.0,707.0,41123.0,Personal,Unemployed,15,Fair,0.3519,97553.0,4.0,Markstad,PR,Cyprus,3.0,0,Low
47,Female,High School,Married,52132.0,706.0,48227.0,Home,Unemployed,12,Poor,0.4962,183763.0,0.0,Lindabury,MP,Congo,2.0,1,Medium
57,Male,Bachelor's,Single,68024.0,720.0,24592.0,Personal,Employed,2,Good,0.3654,55356.0,1.0,Karenview,VA,Niger,4.0,1,Medium
56,Non-binary,PhD,Widowed,105984.0,686.0,9436.0,Business,Unemployed,8,Good,0.5965,204919.0,1.0,South Jamesfurt,OH,Congo,0.0,2,Medium
62,Female,Bachelor's,Divorced,26180.0,685.0,19828.0,Home,Employed,19,Poor,0.2188,137563.0,1.0,Debbieborough,NM,Hong Kong,3.0,1,High
54,Non-binary,Bachelor's,Married,34979.0,721.0,27622.0,Auto,Self-employed,6,Excellent,0.5652,46487.0,1.0,Kevinland,MI,Angola,2.0,2,Medium
36,Female,PhD,Divorced,69966.0,623.0,10119.0,Auto,Self-employed,16,Poor,0.5099,206073.0,4.0,Chapmanchester,TX,Switzerland,1.0,1,High
20,Non-binary,PhD,Married,40110.0,762.0,39722.0,Home,Employed,1,Excellent,0.2486,151425.0,3.0,South Hollymouth,NM,Senegal,2.0,0,Medium
58,Female,PhD,Single,84940.0,771.0,32082.0,Auto,Employed,11,Fair,0.1223,142614.0,2.0,Port Dustin,MO,Gambia,0.0,0,Medium
64,Male,PhD,Widowed,25404.0,662.0,22955.0,Auto,Employed,14,Fair,0.1789,252651.0,1.0,South Nicholas,UT,Mexico,2.0,0,Low
18,Male,Bachelor's,Single,48114.0,610.0,20188.0,Business,Unemployed,8,Excellent,0.1336,33917.0,2.0,Jameshaven,TX,Tajikistan,1.0,2,Low
18,Female,Master's,Single,83766.0,716.0,17832.0,Personal,Unemployed,12,Fair,0.5112,45885.0,3.0,East Shaunchester,WV,Saint Kitts and Nevis,1.0,1,Low
65,Non-binary,PhD,Married,46823.0,711.0,8248.0,Auto,Self-employed,5,Fair,0.1698,29417.0,1.0,West Angelamouth,CA,Sweden,1.0,2,High
29,Male,Bachelor's,Single,114908.0,610.0,5640.0,Auto,Employed,19,Fair,0.4872,47274.0,0.0,West Cheryltown,AR,Panama,1.0,0,High
64,Female,PhD,Divorced,100732.0,644.0,43013.0,Personal,Employed,11,Poor,0.5135,24315.0,0.0,Davidmouth,MN,Malaysia,0.0,0,Low
57,Non-binary,Master's,Divorced,41383.0,630.0,31532.0,Personal,Unemployed,4,Fair,0.1279,108043.0,1.0,Lake Rebeccaberg,MH,British Indian Ocean Territory (Chagos Archipelago),3.0,0,Low
53,Female,PhD,Single,109438.0,674.0,28824.0,Auto,Self-employed,11,Poor,0.5058,150721.0,4.0,New Nicholas,KS,New Caledonia,2.0,1,Low
50,Non-binary,Master's,Widowed,119415.0,766.0,29459.0,Business,Unemployed,13,Fair,0.1043,88725.0,4.0,South Lisaview,LA,Hungary,0.0,0,Low
54,Non-binary,PhD,Single,117013.0,734.0,18301.0,Auto,Employed,10,Fair,0.5175,132071.0,4.0,Reginaberg,MI,Mongolia,3.0,2,High
48,Male,PhD,Divorced,46862.0,652.0,45910.0,Personal,Employed,11,Fair,0.5303,211980.0,3.0,Petersontown,MA,Azerbaijan,0.0,0,Low
64,Male,Master's,Single,39650.0,691.0,21491.0,Auto,Unemployed,13,Fair,0.5343,74792.0,1.0,South Samantha,ND,Andorra,1.0,0,High
48,Female,Bachelor's,Married,39930.0,700.0,29463.0,Home,Employed,13,Excellent,0.1449,293823.0,0.0,Priceshire,KY,Algeria,1.0,1,Low
30,Male,Bachelor's,Divorced,33394.0,668.0,11632.0,Home,Unemployed,11,Good,0.4211,146156.0,3.0,Jasonmouth,OH,Oman,1.0,2,Low
19,Male,Master's,Widowed,65680.0,780.0,49391.0,Auto,Self-employed,11,Good,0.1895,217226.0,4.0,New David,GA,Oman,0.0,0,Medium
20,Female,PhD,Married,46691.0,622.0,12848.0,Home,Employed,5,Excellent,0.161,167671.0,3.0,Austinfurt,KS,Guinea,1.0,0,Low
58,Male,Bachelor's,Single,57202.0,718.0,25189.0,Home,Employed,14,Excellent,0.272,280458.0,3.0,South Alexis,DE,Equatorial Guinea,1.0,1,High
36,Male,Master's,Widowed,35380.0,624.0,26385.0,Auto,Unemployed,5,Good,0.1657,89562.0,1.0,Sullivantown,ND,American Samoa,4.0,1,Low
36,Male,Master's,Married,104825.0,709.0,45200.0,Business,Self-employed,10,Good,0.5911,115581.0,2.0,Lake Ryan,WI,Togo,3.0,0,Medium
62,Non-binary,Master's,Widowed,113439.0,706.0,21151.0,Personal,Unemployed,3,Excellent,0.3965,183617.0,4.0,Hansontown,PA,Monaco,0.0,2,High
59,Non-binary,PhD,Widowed,41983.0,760.0,20712.0,Business,Self-employed,11,Poor,0.1365,287348.0,3.0,Nancyland,WY,Yemen,0.0,0,Medium
58,Female,PhD,Divorced,102598.0,692.0,44194.0,Home,Self-employed,14,Fair,0.5542,195574.0,0.0,North Adrienne,ME,Norfolk Island,1.0,1,Low
67,Female,Bachelor's,Widowed,111951.0,748.0,9291.0,Home,Unemployed,0,Poor,0.2346,252588.0,4.0,New Martinview,NH,Korea,1.0,2,Low
49,Female,Bachelor's,Widowed,69678.0,628.0,39128.0,Personal,Employed,6,Excellent,0.2572,20845.0,4.0,New Jamieshire,VA,Papua New Guinea,2.0,1,Medium
22,Male,High School,Single,31255.0,632.0,27090.0,Business,Unemployed,19,Poor,0.231,246600.0,0.0,Millertown,SC,Antarctica (the territory South of 60 deg S),1.0,0,Low
48,Non-binary,Master's,Widowed,20637.0,714.0,28419.0,Business,Unemployed,11,Poor,0.4772,53007.0,0.0,New Jillian,AR,Macao,4.0,2,Medium
64,Female,High School,Widowed,98845.0,796.0,36647.0,Auto,Unemployed,11,Fair,0.2075,96916.0,3.0,East Emily,IL,French Guiana,1.0,0,Medium
54,Non-binary,PhD,Married,65414.0,727.0,14464.0,Business,Self-employed,0,Fair,0.2257,238387.0,3.0,South Jackchester,FM,Congo,4.0,1,Low
64,Non-binary,High School,Married,84367.0,742.0,25273.0,Personal,Unemployed,5,Excellent,0.2565,214443.0,0.0,West Robert,GA,Ghana,3.0,1,Low
44,Female,PhD,Divorced,100051.0,797.0,12904.0,Auto,Self-employed,9,Poor,0.2526,42789.0,1.0,Christopherbury,FM,Seychelles,3.0,2,Low
69,Non-binary,High School,Single,46578.0,653.0,38953.0,Business,Unemployed,14,Excellent,0.3802,224391.0,2.0,West John,ID,Thailand,0.0,0,Low
38,Non-binary,Master's,Divorced,20511.0,640.0,26535.0,Personal,Unemployed,4,Fair,0.2922,188273.0,3.0,Amyborough,AS,Uzbekistan,3.0,2,Low
41,Non-binary,Bachelor's,Single,117930.0,710.0,37918.0,Personal,Self-employed,12,Good,0.5315,109943.0,0.0,New Beth,GU,Russian Federation,1.0,2,Low
45,Male,PhD,Widowed,108576.0,681.0,39650.0,Home,Employed,12,Excellent,0.2693,297080.0,1.0,Nancyland,AK,Nicaragua,4.0,2,High
34,Non-binary,Master's,Widowed,116185.0,674.0,49631.0,Auto,Self-employed,14,Fair,0.4481,39210.0,3.0,Cabrerafurt,VA,Canada,2.0,2,Medium
33,Non-binary,Master's,Widowed,47332.0,698.0,26987.0,Auto,Self-employed,6,Poor,0.5132,287648.0,2.0,East Bradleyfort,MT,Portugal,4.0,1,Low
54,Female,PhD,Widowed,64619.0,748.0,45256.0,Personal,Self-employed,15,Good,0.452,90998.0,0.0,West John,IN,Congo,4.0,0,Medium
58,Non-binary,PhD,Single,43401.0,716.0,10730.0,Home,Self-employed,9,Fair,0.436,101035.0,3.0,New James,NC,Senegal,3.0,2,Low
27,Non-binary,Bachelor's,Single,112800.0,602.0,16315.0,Auto,Self-employed,18,Excellent,0.4289,144939.0,4.0,Hamiltonburgh,IL,Pakistan,0.0,1,Low
22,Female,High School,Widowed,101165.0,750.0,49209.0,Auto,Employed,1,Good,0.2444,218452.0,4.0,Baldwinbury,NY,Gibraltar,4.0,0,Low
61,Female,Master's,Widowed,65217.0,717.0,36583.0,Personal,Employed,9,Poor,0.3887,35353.0,1.0,South Miguelhaven,PR,Netherlands Antilles,3.0,0,Low
38,Female,PhD,Single,52145.0,764.0,40934.0,Business,Self-employed,16,Excellent,0.2632,281354.0,2.0,Port Nicholasview,MI,Burundi,3.0,2,Low
43,Male,Master's,Single,70411.0,646.0,40903.0,Personal,Self-employed,16,Poor,0.5372,285617.0,3.0,Lake Sara,NC,Hungary,2.0,2,Medium
35,Female,Bachelor's,Divorced,65335.0,667.0,48902.0,Business,Unemployed,2,Good,0.1824,96690.0,1.0,Lake Stacey,MT,New Caledonia,4.0,0,Medium
48,Female,PhD,Single,43333.0,649.0,7396.0,Business,Unemployed,8,Poor,0.2727,218463.0,0.0,South Michellehaven,AR,Israel,4.0,1,Medium
32,Non-binary,High School,Married,86635.0,731.0,25328.0,Personal,Employed,6,Good,0.4687,199952.0,0.0,Port Jennifer,IN,United States of America,4.0,0,Low
41,Female,Master's,Married,72682.0,763.0,34780.0,Auto,Employed,15,Good,0.1333,237032.0,1.0,New Amy,MO,Slovenia,4.0,0,Medium
54,Female,PhD,Widowed,92883.0,769.0,49146.0,Personal,Self-employed,9,Excellent,0.4851,222412.0,0.0,Jonesstad,OK,Congo,3.0,2,Medium
34,Male,PhD,Single,46093.0,747.0,20594.0,Auto,Employed,19,Good,0.3936,199417.0,0.0,Jamesport,DC,Bermuda,0.0,1,Low
67,Female,High School,Widowed,37970.0,670.0,17115.0,Personal,Unemployed,6,Fair,0.6,220581.0,2.0,Port Charlesfurt,RI,Turkmenistan,4.0,2,Low
36,Male,Master's,Married,89076.0,693.0,14435.0,Auto,Unemployed,8,Excellent,0.2248,266059.0,2.0,Port Jesseborough,DC,Guadeloupe,0.0,0,Low
46,Male,Bachelor's,Single,24601.0,616.0,16586.0,Auto,Self-employed,1,Fair,0.3655,134977.0,4.0,Harrisfort,NY,Congo,0.0,0,Low
53,Non-binary,Bachelor's,Widowed,101618.0,637.0,48930.0,Personal,Unemployed,17,Poor,0.4753,127918.0,4.0,New David,ND,Montserrat,4.0,2,Medium
49,Male,High School,Divorced,66659.0,684.0,33195.0,Home,Self-employed,7,Excellent,0.4346,82706.0,2.0,New Ronnie,SC,Mayotte,3.0,2,Low
68,Non-binary,PhD,Single,55133.0,671.0,43671.0,Home,Self-employed,17,Excellent,0.4823,170378.0,3.0,East Kristenshire,DC,Botswana,4.0,2,Low
23,Male,PhD,Divorced,67042.0,656.0,18184.0,Business,Employed,8,Poor,0.1186,167469.0,2.0,East Karen,NJ,Algeria,2.0,1,Medium
46,Non-binary,PhD,Widowed,62568.0,777.0,31352.0,Business,Self-employed,5,Fair,0.2669,103370.0,0.0,East Angela,ID,Germany,3.0,2,Medium
40,Male,PhD,Widowed,116150.0,767.0,48389.0,Auto,Employed,17,Fair,0.4862,207969.0,4.0,West Justinborough,PR,Western Sahara,0.0,1,Low
46,Non-binary,Bachelor's,Married,109301.0,738.0,15954.0,Business,Self-employed,2,Fair,0.2984,96549.0,3.0,New Julie,NE,Wallis and Futuna,1.0,0,Low
66,Female,High School,Widowed,71954.0,639.0,47415.0,Business,Unemployed,13,Fair,0.2645,201599.0,1.0,Clarkview,SC,Moldova,2.0,0,Low
50,Male,PhD,Married,99908.0,652.0,35395.0,Personal,Employed,18,Poor,0.5994,111087.0,1.0,West Carlside,AK,Serbia,1.0,2,High
28,Female,Master's,Married,76995.0,639.0,24502.0,Personal,Self-employed,5,Poor,0.592,192965.0,2.0,Robertmouth,NM,Luxembourg,0.0,0,Medium
49,Female,PhD,Divorced,89963.0,779.0,35471.0,Business,Employed,1,Fair,0.2729,98203.0,1.0,Port Makayla,WI,Mali,4.0,1,Low
49,Non-binary,PhD,Married,79327.0,740.0,30811.0,Home,Self-employed,10,Fair,0.12,22606.0,4.0,Justinbury,AS,Marshall Islands,1.0,2,Medium
57,Female,Bachelor's,Divorced,45402.0,675.0,13314.0,Business,Unemployed,8,Excellent,0.3758,152166.0,1.0,New Johnathan,WY,Serbia,2.0,0,Medium
44,Non-binary,High School,Divorced,46723.0,631.0,43397.0,Auto,Self-employed,0,Poor,0.1831,68629.0,1.0,Kimtown,MI,Japan,4.0,0,Low
36,Male,High School,Single,87390.0,790.0,14108.0,Business,Unemployed,2,Poor,0.3545,56947.0,0.0,Martinezview,MH,Iceland,3.0,0,Low
31,Male,PhD,Divorced,22387.0,625.0,47351.0,Personal,Employed,7,Good,0.5843,293724.0,4.0,North Christopher,CT,Suriname,0.0,1,Low
59,Non-binary,PhD,Single,25969.0,750.0,18284.0,Auto,Unemployed,12,Excellent,0.475,279958.0,0.0,Roseberg,CO,Ghana,1.0,2,Low
44,Non-binary,Master's,Widowed,26820.0,623.0,36940.0,Business,Unemployed,12,Excellent,0.5648,111773.0,0.0,Oconnorshire,RI,Cayman Islands,4.0,0,Low
26,Female,Bachelor's,Single,71163.0,663.0,44555.0,Home,Self-employed,12,Good,0.5534,207677.0,1.0,Lesliehaven,AS,Peru,4.0,1,Low
29,Female,Master's,Single,74909.0,737.0,39139.0,Personal,Self-employed,18,Excellent,0.1146,195330.0,4.0,Cruzview,DC,Trinidad and Tobago,0.0,0,Low
65,Non-binary,PhD,Single,98930.0,607.0,8048.0,Business,Employed,13,Excellent,0.4763,243042.0,1.0,Adamville,CT,Fiji,3.0,0,Medium
44,Non-binary,Master's,Single,89110.0,678.0,27734.0,Auto,Employed,5,Excellent,0.4688,185324.0,4.0,Elizabethberg,ME,Nigeria,0.0,2,Low
68,Female,Bachelor's,Widowed,47738.0,695.0,17151.0,Home,Employed,11,Good,0.1866,256095.0,4.0,Richardhaven,OR,Saint Lucia,1.0,1,Low
53,Male,Master's,Widowed,88731.0,776.0,17092.0,Home,Self-employed,9,Excellent,0.1215,40868.0,1.0,Lake Lisaburgh,IA,South Georgia and the South Sandwich Islands,1.0,1,Low
18,Male,PhD,Single,54320.0,631.0,39428.0,Business,Employed,4,Good,0.5467,76570.0,2.0,East Brandonfurt,MH,Sweden,4.0,1,High
64,Non-binary,PhD,Married,39703.0,677.0,21025.0,Personal,Employed,6,Good,0.4832,155973.0,2.0,Sarahton,MS,British Indian Ocean Territory (Chagos Archipelago),1.0,2,High
40,Non-binary,Bachelor's,Single,41311.0,755.0,21563.0,Business,Unemployed,18,Excellent,0.5024,152414.0,2.0,Petershire,OK,Saint Helena,0.0,1,Low
20,Non-binary,Master's,Widowed,107826.0,751.0,6365.0,Auto,Self-employed,16,Fair,0.3176,145766.0,2.0,Lake Adrian,NY,Swaziland,2.0,1,Low
30,Male,PhD,Divorced,61541.0,768.0,46214.0,Personal,Self-employed,6,Excellent,0.4583,75529.0,4.0,Rangelborough,IN,Australia,2.0,1,Medium
54,Female,High School,Divorced,102678.0,729.0,11857.0,Business,Self-employed,13,Fair,0.45,33863.0,4.0,Nicholsonstad,IL,Niue,2.0,2,Low
47,Female,Bachelor's,Widowed,104451.0,795.0,46128.0,Home,Unemployed,5,Poor,0.2069,178827.0,0.0,New Justin,KS,Congo,0.0,2,Low
48,Female,PhD,Divorced,45261.0,604.0,42064.0,Business,Employed,19,Fair,0.2302,179636.0,3.0,New Andrewstad,VT,Lithuania,3.0,1,Medium
62,Female,High School,Divorced,55829.0,656.0,27054.0,Home,Self-employed,16,Poor,0.4168,241404.0,4.0,Chelseachester,UT,Macao,1.0,2,Low
33,Female,Master's,Widowed,26774.0,602.0,35501.0,Business,Self-employed,11,Good,0.4034,60364.0,1.0,Youngchester,OK,Chile,4.0,0,Low
43,Female,High School,Married,113177.0,629.0,28547.0,Personal,Self-employed,9,Fair,0.153,77565.0,1.0,New Steven,MP,Dominican Republic,3.0,2,Low
30,Male,Master's,Married,26402.0,759.0,45170.0,Auto,Self-employed,3,Excellent,0.2324,45919.0,3.0,Lake Michael,PR,Namibia,2.0,2,Low
64,Female,PhD,Married,66126.0,641.0,28059.0,Personal,Unemployed,15,Poor,0.5949,46175.0,3.0,East Sharon,NM,Pakistan,4.0,1,Low
54,Female,High School,Divorced,75746.0,738.0,33634.0,Personal,Unemployed,5,Fair,0.5052,194543.0,4.0,Coreymouth,NY,Uzbekistan,3.0,2,Low
68,Male,Master's,Married,105490.0,652.0,31036.0,Personal,Self-employed,16,Poor,0.1306,161283.0,0.0,Hurleyshire,MI,Sri Lanka,1.0,2,Low
54,Non-binary,Master's,Widowed,98588.0,743.0,46587.0,Auto,Employed,17,Good,0.2808,53142.0,2.0,Tiffanyshire,HI,British Virgin Islands,4.0,1,Medium
55,Non-binary,PhD,Married,91474.0,647.0,13968.0,Personal,Employed,0,Poor,0.4183,222198.0,1.0,Melvinfort,WY,Indonesia,2.0,2,Low
27,Female,PhD,Married,47549.0,648.0,35783.0,Personal,Employed,14,Good,0.3636,82527.0,4.0,Jonstad,ND,Hong Kong,4.0,0,Low
32,Non-binary,PhD,Married,106936.0,795.0,16225.0,Business,Unemployed,14,Fair,0.1742,49407.0,1.0,West Laura,WA,Finland,1.0,0,Low
21,Female,Master's,Widowed,48702.0,784.0,48400.0,Personal,Unemployed,6,Good,0.3933,67666.0,2.0,Richardfurt,NM,Mexico,2.0,0,Low
20,Female,Bachelor's,Widowed,109119.0,793.0,28539.0,Business,Self-employed,8,Good,0.323,157230.0,3.0,Elizabethtown,NJ,Gambia,0.0,2,Low
48,Female,High School,Married,111435.0,726.0,34317.0,Home,Unemployed,3,Good,0.4219,122647.0,2.0,Lake Dylanville,MA,Somalia,0.0,1,High
35,Female,High School,Single,22665.0,767.0,49135.0,Personal,Self-employed,9,Poor,0.4565,207975.0,2.0,West Lisaberg,MI,Micronesia,1.0,2,Low
68,Female,Bachelor's,Divorced,118863.0,724.0,23676.0,Business,Unemployed,5,Excellent,0.1285,134719.0,1.0,New Stacybury,HI,Croatia,3.0,1,Low
23,Female,Bachelor's,Divorced,58921.0,778.0,7154.0,Business,Unemployed,16,Good,0.2267,29486.0,3.0,West Cynthiachester,MO,United States Virgin Islands,0.0,1,Low
24,Non-binary,Bachelor's,Widowed,102273.0,610.0,20427.0,Home,Employed,3,Good,0.2009,241698.0,1.0,East Michael,WV,Gabon,1.0,1,Medium
44,Male,PhD,Single,51594.0,745.0,48743.0,Home,Employed,8,Poor,0.3731,269613.0,0.0,South Jenniferfurt,IA,Tanzania,2.0,2,Medium
27,Female,High School,Single,39929.0,700.0,42935.0,Home,Unemployed,12,Good,0.3189,212104.0,2.0,Elizabethland,OK,Bangladesh,0.0,2,Low
34,Non-binary,PhD,Divorced,47186.0,732.0,18885.0,Auto,Self-employed,19,Excellent,0.5043,129348.0,4.0,Port Becky,UT,Germany,2.0,1,Medium
48,Non-binary,High School,Married,52925.0,797.0,49137.0,Business,Unemployed,7,Fair,0.5848,41152.0,3.0,West Timothy,SD,Austria,2.0,2,Low
68,Non-binary,Bachelor's,Divorced,115923.0,696.0,28463.0,Auto,Employed,18,Excellent,0.5801,33280.0,1.0,New Gregoryview,WY,Finland,3.0,0,Medium
26,Non-binary,High School,Single,25280.0,691.0,12578.0,Auto,Self-employed,19,Poor,0.3195,167875.0,4.0,Rogerborough,RI,Sao Tome and Principe,0.0,0,Low
31,Male,Bachelor's,Divorced,79682.0,765.0,10908.0,Auto,Unemployed,1,Excellent,0.5467,222920.0,1.0,Katherineview,PA,French Guiana,1.0,1,Low
32,Non-binary,PhD,Single,80840.0,633.0,45030.0,Personal,Self-employed,10,Fair,0.4274,105556.0,0.0,Lake Bryanton,MP,Norfolk Island,3.0,1,Low
38,Non-binary,Master's,Widowed,105184.0,669.0,10798.0,Home,Self-employed,9,Poor,0.4133,105339.0,3.0,Port Christopher,NH,Portugal,4.0,1,Medium
39,Non-binary,High School,Single,95923.0,638.0,20899.0,Personal,Unemployed,16,Poor,0.2693,35762.0,1.0,Williamhaven,NM,Svalbard & Jan Mayen Islands,0.0,2,Medium
66,Female,High School,Divorced,76202.0,624.0,22198.0,Business,Unemployed,2,Poor,0.2429,86342.0,1.0,Heatherfort,ME,Germany,0.0,0,Medium
53,Male,High School,Widowed,34887.0,640.0,17552.0,Personal,Self-employed,15,Excellent,0.5928,258241.0,0.0,Port Chadberg,VA,Saint Lucia,1.0,0,Low
64,Female,Bachelor's,Divorced,32342.0,604.0,8582.0,Home,Employed,4,Poor,0.1986,213505.0,1.0,Candiceberg,PA,Netherlands,3.0,0,Low
38,Non-binary,Bachelor's,Single,62873.0,657.0,28215.0,Business,Employed,1,Poor,0.1963,141244.0,3.0,Rebeccaview,MO,Sweden,2.0,1,Low
46,Female,Master's,Single,91458.0,656.0,13672.0,Home,Employed,14,Good,0.5428,257590.0,2.0,East Sarahton,NC,Morocco,4.0,0,Low
18,Male,Bachelor's,Single,23902.0,629.0,22390.0,Business,Employed,17,Poor,0.3319,161875.0,2.0,Rhondashire,VT,Madagascar,1.0,1,Low
62,Non-binary,Bachelor's,Divorced,83843.0,707.0,39354.0,Business,Self-employed,16,Fair,0.5167,94161.0,1.0,Jenniferton,OK,Lithuania,1.0,0,Medium
23,Female,Master's,Widowed,75082.0,747.0,7755.0,Home,Employed,11,Fair,0.5314,261131.0,3.0,South Danielstad,VI,Norway,4.0,1,High
45,Female,Master's,Widowed,34102.0,783.0,7553.0,Business,Employed,18,Excellent,0.2846,242316.0,2.0,Darrylshire,KS,Samoa,1.0,1,Medium
47,Female,Master's,Married,67728.0,715.0,43797.0,Auto,Self-employed,0,Excellent,0.1958,182643.0,2.0,Jenniferstad,WA,Israel,1.0,2,Low
37,Female,PhD,Widowed,39237.0,672.0,25890.0,Personal,Unemployed,1,Excellent,0.2521,232007.0,0.0,West Joshua,WI,Lao People's Democratic Republic,0.0,2,High
24,Female,PhD,Divorced,108909.0,755.0,16945.0,Business,Self-employed,15,Fair,0.1943,168880.0,3.0,Hollowayberg,WV,Albania,4.0,0,Low
40,Female,PhD,Widowed,97952.0,796.0,6709.0,Business,Unemployed,0,Excellent,0.2717,20777.0,2.0,Tylerton,UT,Bouvet Island (Bouvetoya),3.0,2,High
25,Male,Bachelor's,Married,100919.0,686.0,47877.0,Personal,Self-employed,12,Poor,0.5323,160933.0,4.0,East Jasonborough,IA,Uruguay,0.0,0,Medium
23,Non-binary,PhD,Divorced,81365.0,691.0,39452.0,Business,Employed,2,Good,0.2211,154334.0,1.0,New Gabrielle,GU,Costa Rica,3.0,1,Medium
67,Non-binary,Bachelor's,Widowed,77194.0,608.0,34884.0,Personal,Employed,4,Excellent,0.1016,223748.0,2.0,North Janethaven,MT,Lao People's Democratic Republic,0.0,2,Medium
45,Non-binary,High School,Widowed,114263.0,614.0,21001.0,Home,Self-employed,11,Fair,0.151,75833.0,1.0,East Traci,FM,Seychelles,3.0,2,High
19,Female,Bachelor's,Married,76971.0,727.0,43235.0,Home,Unemployed,8,Fair,0.5172,29981.0,4.0,West Christine,CO,Romania,1.0,2,Low
28,Male,Master's,Single,65162.0,654.0,8816.0,Personal,Self-employed,3,Fair,0.5715,233475.0,2.0,Jameshaven,ME,Colombia,4.0,1,Medium
49,Female,Bachelor's,Single,46401.0,612.0,7919.0,Business,Self-employed,3,Fair,0.1279,184645.0,4.0,Charleston,SD,Turks and Caicos Islands,4.0,0,Low
67,Non-binary,High School,Single,59369.0,722.0,15378.0,Auto,Unemployed,17,Excellent,0.5688,92693.0,4.0,North Chaseberg,SC,Korea,0.0,2,Low
36,Female,High School,Married,58588.0,655.0,14761.0,Business,Self-employed,13,Fair,0.1711,92732.0,0.0,Alanfurt,MN,Libyan Arab Jamahiriya,0.0,2,Medium
26,Female,High School,Married,116172.0,782.0,20304.0,Personal,Self-employed,15,Excellent,0.4676,146953.0,0.0,Singhview,OR,Bolivia,3.0,2,Medium
49,Female,Master's,Single,73257.0,790.0,39935.0,Home,Self-employed,7,Poor,0.5466,49405.0,4.0,Ruizmouth,AK,Tunisia,0.0,1,Low
48,Female,High School,Widowed,49784.0,777.0,44170.0,Business,Self-employed,1,Good,0.5266,248855.0,4.0,Martinezland,CT,Aruba,0.0,1,Medium
29,Male,High School,Married,79789.0,742.0,33922.0,Business,Unemployed,16,Good,0.2533,72024.0,4.0,Parkerberg,WV,Jamaica,4.0,0,Low
38,Male,PhD,Single,115643.0,750.0,47756.0,Personal,Unemployed,5,Poor,0.1233,44000.0,0.0,Port Barbarafurt,PW,Philippines,4.0,2,High
59,Male,Bachelor's,Single,22106.0,612.0,36814.0,Auto,Employed,2,Fair,0.3436,36081.0,4.0,West Kathleenshire,IL,Rwanda,4.0,1,Low
21,Female,High School,Single,42838.0,661.0,21169.0,Auto,Self-employed,11,Fair,0.1258,285658.0,4.0,East Maryhaven,FL,Palestinian Territory,3.0,0,Low
37,Male,Bachelor's,Divorced,104256.0,715.0,10139.0,Auto,Unemployed,12,Good,0.2917,194392.0,3.0,Port Lauren,AS,Bahamas,0.0,0,Medium
19,Male,Bachelor's,Widowed,35797.0,624.0,15433.0,Personal,Employed,7,Excellent,0.1042,157399.0,0.0,Teresabury,CO,Greece,1.0,0,Low
42,Female,PhD,Single,112551.0,724.0,41478.0,Home,Unemployed,4,Fair,0.3732,176227.0,3.0,Adamsburgh,GU,Botswana,2.0,0,Low
64,Male,High School,Married,59761.0,752.0,20169.0,Home,Self-employed,4,Good,0.5625,129370.0,1.0,Fordborough,SD,Congo,4.0,1,Medium
53,Non-binary,PhD,Divorced,94861.0,713.0,44020.0,Auto,Self-employed,17,Excellent,0.3463,32672.0,3.0,Jonathanbury,MO,South Africa,3.0,2,High
42,Non-binary,Bachelor's,Single,69613.0,768.0,47406.0,Home,Self-employed,2,Fair,0.1167,87683.0,1.0,Brendaburgh,ID,French Guiana,4.0,0,Low
61,Non-binary,Master's,Widowed,53688.0,621.0,39282.0,Business,Self-employed,3,Fair,0.1068,278335.0,3.0,New Derrick,MI,Djibouti,0.0,2,Medium
30,Non-binary,High School,Divorced,91873.0,659.0,46462.0,Home,Unemployed,14,Poor,0.1637,103229.0,3.0,Toddtown,VI,India,4.0,2,Low
45,Male,High School,Married,41248.0,652.0,6405.0,Home,Unemployed,9,Poor,0.4106,171665.0,3.0,Dianaport,AL,Japan,4.0,1,Low
25,Non-binary,PhD,Single,86606.0,695.0,6820.0,Personal,Self-employed,7,Good,0.4593,49447.0,2.0,Herreraport,NJ,Bulgaria,2.0,1,Medium
47,Non-binary,High School,Divorced,72136.0,679.0,35270.0,Business,Unemployed,13,Poor,0.357,278790.0,0.0,Olsontown,HI,Iran,3.0,1,High
62,Male,High School,Widowed,66545.0,659.0,47498.0,Business,Employed,15,Good,0.525,116888.0,4.0,South Brianland,MI,Armenia,1.0,2,Medium
51,Female,Master's,Single,36820.0,693.0,24426.0,Auto,Employed,10,Fair,0.5734,191476.0,0.0,East Tylerville,CA,Cook Islands,4.0,1,Low
35,Female,Bachelor's,Single,114467.0,755.0,12614.0,Home,Unemployed,19,Excellent,0.5982,70647.0,4.0,West Paige,UT,Namibia,0.0,1,Low
35,Female,Bachelor's,Married,34028.0,669.0,18991.0,Personal,Employed,10,Fair,0.4389,89554.0,2.0,Caseyton,AS,Venezuela,2.0,1,Low
67,Non-binary,Master's,Single,45785.0,786.0,17758.0,Business,Unemployed,6,Fair,0.1609,266620.0,3.0,Velasquezside,NE,Australia,2.0,2,Medium
34,Female,Master's,Single,48634.0,651.0,33559.0,Business,Employed,4,Poor,0.2755,85975.0,2.0,East Susan,ID,Reunion,4.0,1,Low
19,Female,PhD,Widowed,55677.0,789.0,34223.0,Business,Unemployed,14,Good,0.1451,94612.0,2.0,Lake Lindsey,IN,Papua New Guinea,1.0,1,Medium
20,Male,Master's,Divorced,48648.0,795.0,23665.0,Home,Unemployed,12,Excellent,0.4924,73868.0,4.0,Marcomouth,SC,Christmas Island,4.0,2,Medium
25,Female,Master's,Single,35915.0,623.0,16892.0,Personal,Employed,19,Excellent,0.4011,176112.0,2.0,Sharpshire,VA,Isle of Man,4.0,0,Low
52,Male,PhD,Single,109871.0,732.0,38857.0,Personal,Self-employed,13,Excellent,0.1287,26888.0,4.0,East Tiffany,DE,Gibraltar,4.0,1,Low
44,Female,Master's,Divorced,27593.0,774.0,48379.0,Personal,Employed,3,Poor,0.4762,286344.0,3.0,Annside,PA,Estonia,2.0,0,Low
41,Non-binary,Bachelor's,Single,92287.0,676.0,8462.0,Home,Self-employed,18,Fair,0.5435,32143.0,1.0,Lauraside,MT,Uganda,0.0,1,Low
43,Non-binary,Bachelor's,Married,116256.0,777.0,45837.0,Home,Unemployed,4,Fair,0.3222,244946.0,0.0,Grahamborough,SC,Saint Lucia,1.0,0,Low
43,Female,Bachelor's,Single,89810.0,646.0,25736.0,Personal,Unemployed,1,Fair,0.4935,90478.0,3.0,North Taylorton,SD,Bahrain,1.0,1,Low
38,Male,Bachelor's,Divorced,33421.0,629.0,12398.0,Home,Employed,16,Good,0.1007,50554.0,0.0,New Jessicaside,IN,Armenia,3.0,2,Low
31,Male,High School,Divorced,77251.0,776.0,28042.0,Personal,Self-employed,12,Good,0.4823,117987.0,3.0,Melissatown,WV,Yemen,3.0,1,Medium
25,Female,PhD,Divorced,76543.0,770.0,15544.0,Personal,Employed,6,Poor,0.3489,237906.0,4.0,Welchland,KS,Holy See (Vatican City State),0.0,1,Medium
43,Non-binary,Master's,Single,29327.0,693.0,23127.0,Home,Self-employed,14,Good,0.253,251402.0,2.0,Hobbsville,MD,Nicaragua,4.0,1,Low
22,Male,Master's,Married,23086.0,785.0,28524.0,Personal,Unemployed,13,Poor,0.1609,236304.0,2.0,Kristinaside,OR,Timor-Leste,2.0,2,Medium
53,Non-binary,Master's,Divorced,111643.0,775.0,32865.0,Personal,Unemployed,16,Fair,0.5708,162550.0,0.0,South Josephtown,VA,Ecuador,2.0,1,Low
48,Non-binary,High School,Divorced,60721.0,645.0,31793.0,Home,Employed,6,Excellent,0.4463,299768.0,4.0,South Harold,WY,South Georgia and the South Sandwich Islands,2.0,1,High
69,Female,High School,Widowed,30719.0,787.0,10257.0,Business,Self-employed,10,Poor,0.4416,100562.0,2.0,Younghaven,VT,Afghanistan,3.0,2,Medium
56,Male,PhD,Widowed,36923.0,751.0,13276.0,Home,Employed,15,Excellent,0.2114,287891.0,2.0,New Thomasville,VT,Northern Mariana Islands,3.0,2,High
25,Non-binary,Bachelor's,Single,103668.0,754.0,24128.0,Auto,Unemployed,11,Good,0.441,117099.0,3.0,West Jessica,GU,Palestinian Territory,3.0,0,Medium
63,Non-binary,High School,Divorced,114437.0,747.0,10499.0,Personal,Employed,10,Excellent,0.3724,224794.0,3.0,North Barbara,OK,Panama,1.0,2,Medium
24,Female,Master's,Married,118156.0,619.0,30800.0,Auto,Employed,13,Poor,0.469,269980.0,1.0,East Vincentborough,HI,Palestinian Territory,1.0,0,Medium
37,Male,Bachelor's,Divorced,68750.0,762.0,41884.0,Business,Self-employed,19,Excellent,0.2516,64197.0,0.0,Ramirezstad,FL,Azerbaijan,4.0,1,Low
19,Female,PhD,Married,67289.0,688.0,14512.0,Auto,Unemployed,11,Excellent,0.562,248481.0,0.0,North Mollyhaven,FM,Papua New Guinea,0.0,2,Low
59,Non-binary,High School,Widowed,92940.0,657.0,33929.0,Business,Self-employed,7,Fair,0.2005,141565.0,1.0,Kennethmouth,SC,Cook Islands,1.0,2,High
29,Non-binary,High School,Married,94868.0,686.0,24796.0,Home,Employed,4,Good,0.2617,39441.0,3.0,Lisaland,NM,Belize,0.0,0,Low
52,Female,High School,Married,37241.0,701.0,9968.0,Business,Employed,14,Fair,0.456,148212.0,3.0,West Jason,IN,New Caledonia,4.0,0,Low
23,Non-binary,PhD,Married,30851.0,715.0,48648.0,Home,Self-employed,13,Poor,0.5029,65722.0,2.0,Stephenmouth,AS,Bolivia,4.0,0,Medium
69,Non-binary,Master's,Divorced,48760.0,661.0,34103.0,Business,Self-employed,13,Fair,0.3345,284938.0,1.0,Lucasland,PW,Guinea-Bissau,0.0,2,Medium
42,Male,Bachelor's,Married,47215.0,685.0,22480.0,Personal,Employed,3,Fair,0.2958,74865.0,4.0,Smithstad,NC,Zimbabwe,4.0,2,Low
45,Non-binary,Master's,Married,110374.0,689.0,16358.0,Business,Self-employed,15,Excellent,0.5879,153584.0,4.0,Ashleyhaven,IA,Latvia,2.0,2,Medium
39,Female,High School,Single,64938.0,781.0,40523.0,Home,Self-employed,14,Excellent,0.4033,246845.0,2.0,East Mariahaven,NV,Zimbabwe,1.0,1,Low
33,Non-binary,Bachelor's,Single,110638.0,611.0,49623.0,Home,Unemployed,12,Poor,0.2785,76620.0,0.0,West Jonathanburgh,AS,Bosnia and Herzegovina,3.0,0,Medium
22,Male,High School,Divorced,37156.0,639.0,6440.0,Business,Self-employed,17,Good,0.1088,202857.0,2.0,West Holly,UT,Brunei Darussalam,2.0,2,Low
53,Non-binary,Bachelor's,Divorced,56432.0,699.0,22753.0,Auto,Self-employed,17,Excellent,0.5889,262845.0,1.0,Patriciaville,AR,Mongolia,4.0,1,Low
36,Female,High School,Married,29395.0,687.0,24525.0,Home,Unemployed,5,Fair,0.5156,88604.0,4.0,West Christopher,DE,Bahrain,4.0,2,Low
52,Non-binary,PhD,Widowed,118115.0,799.0,30956.0,Personal,Self-employed,3,Fair,0.2871,60305.0,0.0,Zhangshire,MS,Czech Republic,1.0,0,Medium
55,Female,Bachelor's,Divorced,83073.0,779.0,29953.0,Auto,Unemployed,16,Good,0.388,150671.0,3.0,Mezaville,ND,United Kingdom,0.0,1,Medium
36,Female,High School,Married,107780.0,762.0,31573.0,Auto,Employed,1,Fair,0.5357,230116.0,4.0,East Mackenzieburgh,DC,Madagascar,4.0,2,Low
20,Male,Bachelor's,Married,29933.0,720.0,40971.0,Auto,Unemployed,9,Fair,0.1643,128012.0,0.0,Alexisfurt,TN,Macao,3.0,2,High
60,Non-binary,High School,Married,54708.0,768.0,43404.0,Home,Employed,9,Poor,0.3888,53259.0,1.0,North Teresa,MS,Botswana,0.0,2,Medium
53,Female,Bachelor's,Divorced,35772.0,682.0,23569.0,Business,Employed,6,Fair,0.443,256087.0,1.0,Christopherland,PA,Saint Helena,3.0,2,Medium
39,Female,PhD,Widowed,32501.0,657.0,46834.0,Personal,Unemployed,12,Good,0.5018,89824.0,1.0,Olsonton,WY,San Marino,4.0,0,Low
45,Female,Master's,Single,108704.0,717.0,16206.0,Home,Self-employed,8,Poor,0.5964,188878.0,4.0,Thomasborough,NY,Austria,2.0,2,Low
55,Non-binary,Master's,Divorced,76492.0,764.0,19306.0,Auto,Employed,8,Good,0.5026,283364.0,1.0,West Joshuaview,DC,Nauru,0.0,2,High
45,Male,High School,Single,68070.0,692.0,49614.0,Home,Employed,8,Excellent,0.1005,127659.0,3.0,Everettmouth,MS,Montenegro,0.0,2,Low
18,Non-binary,Master's,Single,31025.0,605.0,29449.0,Personal,Self-employed,19,Excellent,0.1908,191244.0,0.0,Joshuaburgh,FM,Gabon,2.0,0,Low
42,Male,PhD,Widowed,94796.0,792.0,30733.0,Home,Employed,8,Fair,0.4012,112462.0,0.0,Lake Kimberlymouth,PA,Azerbaijan,3.0,0,Low
45,Non-binary,Master's,Widowed,110447.0,661.0,14960.0,Business,Employed,15,Good,0.2286,213369.0,3.0,North Toddhaven,AL,Denmark,3.0,2,High
52,Female,Master's,Single,58827.0,764.0,29551.0,Personal,Unemployed,17,Good,0.1771,166607.0,1.0,Romanfort,MS,Botswana,1.0,0,Low
35,Male,PhD,Widowed,105222.0,609.0,42812.0,Business,Unemployed,19,Fair,0.1095,181223.0,2.0,Port Lisa,NY,Seychelles,3.0,1,Medium
20,Male,Bachelor's,Single,111856.0,755.0,30191.0,Personal,Employed,10,Good,0.4073,215445.0,3.0,New Taylor,ID,Sudan,1.0,2,Medium
47,Non-binary,Master's,Married,62861.0,779.0,20647.0,Home,Unemployed,15,Poor,0.4392,260636.0,2.0,New Alexandratown,MH,Zambia,3.0,0,High
44,Male,High School,Single,37619.0,709.0,8078.0,Auto,Self-employed,16,Good,0.523,113862.0,0.0,Myershaven,CO,Bahrain,2.0,1,Medium
65,Male,High School,Single,119039.0,762.0,12311.0,Auto,Self-employed,3,Fair,0.233,203822.0,3.0,Phillipsville,ID,Nauru,0.0,0,Medium
33,Female,PhD,Divorced,115153.0,655.0,22072.0,Home,Self-employed,18,Poor,0.2849,117151.0,0.0,New Jamieshire,OR,Belarus,1.0,1,Medium
30,Female,Bachelor's,Divorced,89074.0,776.0,35203.0,Home,Self-employed,5,Fair,0.4652,242913.0,4.0,West Leahtown,FL,United States of America,1.0,1,Low
50,Male,High School,Widowed,30534.0,649.0,10116.0,Business,Self-employed,2,Good,0.4192,122730.0,4.0,North Nicholeborough,KY,Nepal,1.0,0,Low
57,Female,PhD,Married,57146.0,764.0,48938.0,Personal,Employed,7,Fair,0.5144,76154.0,3.0,East Gabrielport,AZ,Jersey,3.0,2,Low
54,Non-binary,Bachelor's,Divorced,85714.0,796.0,6398.0,Business,Unemployed,16,Poor,0.5092,26050.0,4.0,Karenchester,VT,Andorra,1.0,0,Low
55,Non-binary,Master's,Divorced,60160.0,741.0,28028.0,Business,Self-employed,6,Excellent,0.2952,148261.0,4.0,Philipview,TX,Palestinian Territory,3.0,0,Low
36,Non-binary,Bachelor's,Married,39941.0,764.0,26086.0,Auto,Unemployed,10,Good,0.2148,30209.0,4.0,New Patrick,MD,Turkmenistan,0.0,2,Medium
28,Female,Bachelor's,Married,28520.0,730.0,42579.0,Home,Self-employed,12,Poor,0.3702,67623.0,2.0,Ellisfurt,RI,Lithuania,4.0,1,Low
29,Non-binary,High School,Widowed,31646.0,740.0,47126.0,Personal,Unemployed,10,Poor,0.5058,139211.0,0.0,Taylorview,AZ,United States Minor Outlying Islands,1.0,2,Medium
48,Non-binary,Bachelor's,Single,79337.0,779.0,23824.0,Business,Self-employed,16,Excellent,0.3779,125894.0,1.0,New Lisaside,IL,Burkina Faso,1.0,1,Medium
35,Non-binary,Master's,Widowed,37130.0,690.0,45949.0,Personal,Unemployed,8,Good,0.5552,236098.0,4.0,Melindaside,MP,Philippines,0.0,1,Low
24,Female,Bachelor's,Married,96591.0,663.0,6302.0,Auto,Self-employed,14,Good,0.5474,60882.0,2.0,Tateshire,MS,Comoros,1.0,0,High
57,Male,High School,Single,34639.0,606.0,21633.0,Personal,Self-employed,16,Excellent,0.466,205158.0,3.0,Finleybury,IN,Reunion,1.0,0,Low
63,Male,Bachelor's,Single,68737.0,735.0,35607.0,Business,Unemployed,14,Fair,0.2794,104296.0,0.0,Pattersonville,MI,Kuwait,4.0,2,Low
57,Female,Bachelor's,Divorced,35802.0,752.0,25912.0,Auto,Employed,1,Good,0.3074,245319.0,3.0,South Jesseburgh,DC,Cook Islands,2.0,0,Low
29,Female,PhD,Divorced,24930.0,757.0,10478.0,Auto,Employed,17,Excellent,0.461,274555.0,2.0,Port Richard,MS,Bahrain,4.0,2,Low
32,Non-binary,High School,Divorced,94975.0,727.0,39359.0,Personal,Employed,4,Poor,0.308,236398.0,0.0,Zhangside,GA,Russian Federation,3.0,1,Medium
54,Male,PhD,Single,43140.0,790.0,7353.0,Auto,Unemployed,16,Poor,0.2072,260245.0,0.0,Emilyland,VI,Uganda,3.0,2,Low
42,Non-binary,Master's,Married,38456.0,774.0,27828.0,Home,Employed,3,Good,0.482,273810.0,1.0,Josephmouth,NY,Brazil,0.0,0,Medium
65,Female,PhD,Married,64296.0,780.0,15471.0,Home,Unemployed,5,Good,0.1139,34436.0,2.0,West Heather,CA,Sao Tome and Principe,2.0,2,Low
19,Female,Bachelor's,Divorced,87238.0,634.0,9695.0,Auto,Employed,10,Fair,0.4266,82701.0,4.0,Port Mary,PA,Liechtenstein,4.0,2,Medium
66,Male,Master's,Divorced,68469.0,773.0,46138.0,Business,Unemployed,14,Good,0.391,80427.0,2.0,Port Dustin,WY,Ireland,2.0,0,Medium
39,Non-binary,Master's,Single,113137.0,762.0,7379.0,Auto,Unemployed,17,Excellent,0.1654,110587.0,0.0,Haydenstad,NJ,Poland,4.0,2,Low
38,Male,Bachelor's,Divorced,65858.0,732.0,24023.0,Auto,Self-employed,10,Good,0.2449,166759.0,0.0,Floresberg,MT,Palestinian Territory,0.0,2,High
56,Male,Bachelor's,Widowed,79867.0,778.0,17426.0,Auto,Unemployed,5,Excellent,0.4633,171767.0,4.0,East Lindsay,MP,United States Minor Outlying Islands,1.0,1,High
25,Female,Master's,Married,110045.0,622.0,6339.0,Home,Unemployed,19,Fair,0.1198,95292.0,1.0,New Donna,DC,Lao People's Democratic Republic,4.0,0,Low
47,Female,High School,Widowed,89235.0,784.0,30060.0,Personal,Self-employed,0,Good,0.5931,40558.0,0.0,Lake Kimberly,CA,Australia,4.0,0,Medium
55,Male,Bachelor's,Widowed,40264.0,760.0,27954.0,Auto,Unemployed,2,Poor,0.4842,38974.0,2.0,West Alexandria,PW,Japan,4.0,0,High
20,Male,Master's,Divorced,104292.0,653.0,33561.0,Business,Self-employed,13,Poor,0.5916,233714.0,4.0,South Joanne,OK,Turkey,2.0,0,Low
26,Male,PhD,Married,78414.0,670.0,39225.0,Home,Self-employed,6,Poor,0.4717,156754.0,3.0,East Leslie,NC,Estonia,0.0,0,Low
20,Non-binary,Master's,Single,72635.0,679.0,22726.0,Auto,Self-employed,8,Good,0.2713,245554.0,2.0,Lake William,CO,Congo,0.0,0,High
18,Female,PhD,Divorced,61253.0,622.0,18962.0,Business,Self-employed,7,Fair,0.4252,75540.0,1.0,North Shane,NH,Fiji,2.0,2,High
63,Male,Master's,Single,87561.0,681.0,46921.0,Home,Unemployed,0,Excellent,0.2414,81263.0,1.0,New Craigland,GU,Bolivia,2.0,1,Low
52,Female,Bachelor's,Single,47444.0,698.0,27849.0,Auto,Employed,0,Poor,0.5912,245145.0,0.0,Johnsonchester,OK,San Marino,2.0,0,Low
50,Non-binary,Bachelor's,Single,72268.0,612.0,20641.0,Personal,Unemployed,5,Excellent,0.2863,132905.0,3.0,South Robertside,UT,Bahamas,1.0,2,Low
29,Non-binary,Bachelor's,Single,59097.0,657.0,19826.0,Business,Self-employed,6,Excellent,0.2854,160635.0,2.0,West Sheri,NM,Barbados,2.0,1,Low
25,Male,Master's,Single,100868.0,624.0,31670.0,Business,Self-employed,5,Excellent,0.5557,33828.0,0.0,Cheyennefort,TX,Isle of Man,1.0,1,Medium
44,Female,Master's,Married,99045.0,705.0,32913.0,Home,Employed,6,Poor,0.4113,49026.0,4.0,Kaitlynmouth,SD,Wallis and Futuna,0.0,1,Low
60,Non-binary,Bachelor's,Married,36101.0,734.0,23344.0,Personal,Employed,2,Poor,0.3245,38679.0,0.0,West Amberberg,GU,Greece,1.0,2,Low
45,Male,PhD,Divorced,72047.0,671.0,30563.0,Business,Self-employed,13,Good,0.4149,138762.0,2.0,North Kyle,LA,Slovakia (Slovak Republic),1.0,1,High
46,Male,Bachelor's,Divorced,114138.0,714.0,37137.0,Personal,Unemployed,13,Excellent,0.4248,133588.0,3.0,Campbellhaven,MH,Bhutan,4.0,0,Medium
35,Female,High School,Widowed,78293.0,667.0,43881.0,Auto,Unemployed,5,Excellent,0.2881,60799.0,1.0,West Christinamouth,RI,Kazakhstan,4.0,1,Medium
40,Non-binary,Master's,Widowed,41191.0,714.0,29290.0,Personal,Self-employed,17,Good,0.4025,240499.0,1.0,West Benjamin,PW,Hong Kong,2.0,1,Low
65,Non-binary,Bachelor's,Single,58669.0,695.0,8583.0,Auto,Employed,4,Poor,0.5813,131192.0,4.0,East Tracy,AS,French Guiana,0.0,2,Low
62,Non-binary,PhD,Widowed,88617.0,618.0,8600.0,Home,Employed,11,Fair,0.4726,27490.0,1.0,Thomasmouth,SC,Cyprus,1.0,2,Low
26,Female,Bachelor's,Married,29832.0,654.0,43514.0,Personal,Unemployed,17,Excellent,0.1504,266964.0,3.0,Port Jason,VI,Italy,3.0,2,Medium
45,Non-binary,Master's,Married,75919.0,773.0,25766.0,Home,Self-employed,13,Poor,0.2986,40789.0,0.0,Rochaville,HI,Greenland,1.0,2,Medium
23,Female,PhD,Widowed,111644.0,765.0,44498.0,Auto,Unemployed,7,Fair,0.4506,120935.0,1.0,Lake Michael,DC,Somalia,4.0,0,Low
33,Male,Bachelor's,Married,23591.0,701.0,10642.0,Home,Employed,16,Good,0.5017,89781.0,4.0,Suttontown,WI,Iceland,1.0,0,Low
32,Female,PhD,Widowed,32326.0,702.0,48899.0,Personal,Unemployed,13,Good,0.3551,263518.0,3.0,Lake Taylormouth,MD,Nigeria,4.0,0,Medium
22,Non-binary,PhD,Married,35964.0,686.0,19105.0,Auto,Unemployed,6,Good,0.3763,211243.0,4.0,Julianport,VI,Zimbabwe,0.0,0,Medium
32,Non-binary,PhD,Widowed,47569.0,681.0,18116.0,Business,Unemployed,13,Excellent,0.5236,171249.0,1.0,New Amy,KS,Palau,0.0,1,Low
37,Female,High School,Single,107821.0,750.0,24895.0,Home,Self-employed,16,Fair,0.2036,160616.0,4.0,Mclaughlinside,NJ,Guinea,0.0,2,High
31,Male,Bachelor's,Widowed,89585.0,655.0,27248.0,Business,Employed,4,Fair,0.4941,284258.0,4.0,Gregoryview,CO,New Zealand,0.0,1,Low
33,Male,Bachelor's,Married,49373.0,730.0,41274.0,Auto,Self-employed,3,Poor,0.1938,190335.0,3.0,Zacharymouth,AS,Bahrain,3.0,1,Low
58,Male,Master's,Divorced,30316.0,773.0,49174.0,Auto,Employed,2,Poor,0.2056,142007.0,3.0,Nancyberg,SC,Bouvet Island (Bouvetoya),2.0,1,High
49,Male,Bachelor's,Widowed,99472.0,744.0,11202.0,Home,Unemployed,8,Good,0.2559,62532.0,3.0,Madisonton,DE,Belarus,2.0,0,Low
31,Non-binary,PhD,Single,94647.0,739.0,23735.0,Auto,Unemployed,2,Poor,0.2512,201568.0,3.0,Anitaport,RI,Greenland,4.0,0,Low
64,Female,High School,Married,22674.0,762.0,34584.0,Auto,Unemployed,3,Good,0.4809,160786.0,2.0,New Kristin,AK,Netherlands Antilles,3.0,0,Low
69,Male,High School,Married,57410.0,641.0,23000.0,Personal,Employed,9,Good,0.3057,158348.0,0.0,North Diana,DC,Malaysia,0.0,2,Low
59,Female,PhD,Divorced,99199.0,604.0,39629.0,Home,Unemployed,16,Poor,0.4862,173263.0,4.0,New Jonathan,CA,Cuba,3.0,2,Medium
24,Female,PhD,Divorced,65610.0,629.0,23153.0,Personal,Self-employed,16,Poor,0.3816,153014.0,0.0,Beasleyshire,AL,Malawi,2.0,1,Low
49,Non-binary,High School,Divorced,46801.0,667.0,16342.0,Auto,Unemployed,2,Poor,0.3668,169565.0,3.0,New Alexischester,CO,French Polynesia,1.0,2,Medium
63,Non-binary,Bachelor's,Married,69057.0,603.0,45839.0,Personal,Employed,5,Excellent,0.1563,268410.0,0.0,Russellburgh,VT,Grenada,0.0,2,Low
46,Male,Master's,Married,80796.0,621.0,20271.0,Auto,Self-employed,18,Poor,0.1234,208708.0,3.0,Leemouth,MA,Egypt,4.0,0,Medium
60,Female,High School,Single,68115.0,773.0,28700.0,Personal,Self-employed,13,Excellent,0.2336,243238.0,3.0,North Janetport,FL,Djibouti,0.0,1,Low
29,Female,PhD,Married,39112.0,738.0,45780.0,Personal,Self-employed,12,Good,0.3941,280411.0,3.0,East Troyberg,GU,Hong Kong,0.0,0,Medium
33,Non-binary,Bachelor's,Married,100516.0,779.0,9901.0,Personal,Employed,10,Excellent,0.3071,245594.0,4.0,Gregorystad,KS,Seychelles,3.0,0,Low
32,Female,Bachelor's,Married,114296.0,798.0,40497.0,Home,Self-employed,10,Good,0.459,278504.0,3.0,Whitetown,TX,Niue,4.0,2,High
55,Non-binary,High School,Single,54370.0,718.0,36999.0,Auto,Self-employed,4,Poor,0.4552,257822.0,2.0,Beanhaven,WV,Jordan,4.0,1,Low
32,Non-binary,High School,Married,103040.0,769.0,30130.0,Personal,Self-employed,17,Excellent,0.5001,287703.0,2.0,Joshuaton,IL,Tajikistan,2.0,2,Low
65,Female,Bachelor's,Married,104131.0,742.0,22054.0,Business,Unemployed,13,Poor,0.59,181440.0,4.0,Richardville,UT,Saint Barthelemy,4.0,1,Medium
34,Male,PhD,Widowed,32342.0,768.0,8943.0,Business,Self-employed,9,Good,0.1495,195320.0,2.0,West Monica,MN,Thailand,1.0,2,Low
30,Male,PhD,Single,47190.0,684.0,29054.0,Personal,Employed,13,Excellent,0.2343,245954.0,0.0,Robinsonville,IL,Montenegro,4.0,2,Low
23,Female,High School,Divorced,30473.0,729.0,22754.0,Business,Self-employed,18,Excellent,0.1936,250319.0,3.0,Sherryside,ME,China,4.0,0,Low
40,Male,High School,Single,96289.0,616.0,17663.0,Auto,Employed,3,Good,0.5398,261185.0,1.0,North Johnton,AK,United States Virgin Islands,2.0,2,Low
31,Female,PhD,Single,30728.0,675.0,38187.0,Auto,Employed,17,Excellent,0.4214,225985.0,0.0,Port Michaelbury,KY,Dominican Republic,2.0,1,Low
34,Male,PhD,Married,115211.0,738.0,31807.0,Auto,Self-employed,11,Good,0.3402,168760.0,3.0,Lake Kyle,SC,Saint Helena,2.0,0,Medium
42,Female,High School,Widowed,112313.0,648.0,41166.0,Personal,Unemployed,19,Good,0.2319,79029.0,4.0,Toddborough,MO,Faroe Islands,4.0,2,Low
58,Female,High School,Divorced,34244.0,612.0,33039.0,Home,Self-employed,7,Good,0.4254,213840.0,2.0,Lake Karen,GU,Mauritius,4.0,1,Medium
35,Non-binary,Master's,Widowed,83172.0,720.0,22379.0,Home,Employed,13,Excellent,0.3493,292505.0,4.0,New Elizabeth,OH,Cocos (Keeling) Islands,2.0,0,Low
43,Non-binary,PhD,Single,20037.0,668.0,32347.0,Home,Self-employed,19,Excellent,0.3056,53012.0,3.0,Kevinshire,MP,Palau,0.0,2,Low
40,Non-binary,High School,Single,105061.0,630.0,27837.0,Personal,Unemployed,6,Poor,0.3795,49571.0,4.0,Lake Dalebury,IN,Luxembourg,4.0,0,High
58,Male,High School,Divorced,93740.0,728.0,46519.0,Auto,Self-employed,18,Good,0.4733,150004.0,2.0,Montgomeryberg,AZ,Nigeria,4.0,0,Low
23,Male,Master's,Single,42068.0,755.0,11069.0,Auto,Employed,0,Fair,0.5684,128164.0,4.0,East Kathy,SC,Australia,1.0,2,Medium
48,Non-binary,High School,Divorced,78215.0,790.0,9158.0,Personal,Employed,14,Excellent,0.3911,261065.0,2.0,Johnton,ID,Gambia,0.0,2,Medium
44,Non-binary,Master's,Widowed,23055.0,799.0,38994.0,Business,Employed,8,Fair,0.3922,241316.0,0.0,Kellybury,NJ,Central African Republic,4.0,2,High
44,Female,Master's,Divorced,35210.0,787.0,23161.0,Auto,Self-employed,14,Fair,0.5743,127249.0,2.0,New Kathleen,MH,Burundi,1.0,0,Low
64,Female,PhD,Divorced,98753.0,778.0,25581.0,Business,Self-employed,2,Fair,0.2991,111559.0,4.0,Maddenside,TN,Mongolia,3.0,0,High
43,Female,PhD,Divorced,64153.0,746.0,40629.0,Personal,Unemployed,7,Poor,0.257,84528.0,0.0,Port Donna,TN,Falkland Islands (Malvinas),3.0,1,Low
26,Female,PhD,Divorced,81794.0,780.0,39984.0,Home,Self-employed,12,Poor,0.3872,204113.0,1.0,Loriville,OR,Cape Verde,1.0,1,Low
69,Male,Master's,Married,68296.0,699.0,36736.0,Personal,Unemployed,5,Poor,0.14,231736.0,2.0,Port Nancyton,VI,Guinea,4.0,0,High
48,Non-binary,Bachelor's,Divorced,28577.0,686.0,33918.0,Personal,Employed,2,Fair,0.3566,212851.0,3.0,South Timothyshire,DC,Slovenia,1.0,1,Medium
53,Non-binary,Bachelor's,Widowed,69884.0,789.0,16544.0,Business,Employed,6,Excellent,0.4873,63818.0,4.0,Ewingside,VI,Hungary,1.0,1,High
61,Male,High School,Married,115533.0,757.0,27371.0,Personal,Self-employed,19,Fair,0.2742,31125.0,0.0,South Justinbury,OH,Peru,3.0,0,Low
34,Non-binary,Bachelor's,Widowed,22203.0,724.0,47646.0,Business,Self-employed,8,Good,0.2794,227162.0,4.0,West Tonychester,VI,Congo,0.0,0,Low
41,Non-binary,PhD,Widowed,69274.0,785.0,19786.0,Personal,Unemployed,3,Excellent,0.4823,227973.0,3.0,Perkinsside,PA,Kiribati,0.0,2,Medium
36,Non-binary,Bachelor's,Widowed,60880.0,603.0,45723.0,Personal,Self-employed,18,Good,0.5944,156599.0,4.0,Andrewfurt,WI,Guyana,2.0,0,Low
24,Male,Bachelor's,Single,86988.0,623.0,31314.0,Auto,Employed,0,Excellent,0.1776,162236.0,0.0,Justinstad,KS,French Polynesia,3.0,0,Medium
40,Female,Master's,Divorced,23543.0,630.0,17497.0,Personal,Unemployed,9,Excellent,0.1654,118028.0,1.0,Ochoamouth,CO,Malta,2.0,2,Medium
26,Non-binary,Master's,Single,48357.0,607.0,24708.0,Business,Unemployed,16,Excellent,0.2485,61144.0,2.0,Gaymouth,DC,Cook Islands,4.0,1,Low
36,Non-binary,PhD,Married,94684.0,623.0,33879.0,Home,Employed,0,Poor,0.3208,126499.0,2.0,Robertshire,MD,San Marino,0.0,1,Low
45,Female,PhD,Widowed,85792.0,620.0,47866.0,Business,Self-employed,0,Poor,0.4954,121986.0,4.0,Johnsonfort,OR,Kiribati,4.0,1,Low
53,Non-binary,High School,Married,37882.0,756.0,20860.0,Home,Employed,17,Poor,0.3025,217207.0,4.0,South Stephen,AK,Argentina,0.0,0,Medium
23,Male,High School,Married,94693.0,686.0,17217.0,Auto,Self-employed,10,Fair,0.4354,180916.0,3.0,South Johnton,NV,Timor-Leste,2.0,1,Medium
31,Male,Bachelor's,Divorced,79720.0,786.0,31680.0,Home,Employed,13,Fair,0.5388,227798.0,2.0,Rossbury,MH,Lesotho,3.0,1,Low
69,Male,Master's,Widowed,21942.0,762.0,30550.0,Personal,Unemployed,3,Poor,0.5308,180992.0,1.0,Stewartside,VI,Uzbekistan,4.0,2,Low
39,Male,High School,Single,87806.0,622.0,13438.0,Business,Unemployed,15,Poor,0.1368,250655.0,3.0,Bernardfort,IL,Luxembourg,3.0,0,Medium
57,Non-binary,Bachelor's,Widowed,113513.0,642.0,22797.0,Personal,Employed,6,Good,0.184,285316.0,1.0,South Brian,MH,Reunion,3.0,0,Low
56,Non-binary,Bachelor's,Widowed,101298.0,705.0,48645.0,Business,Employed,6,Good,0.4161,160944.0,4.0,South Peterfort,OK,Reunion,0.0,2,Medium
51,Female,Bachelor's,Widowed,37603.0,772.0,19478.0,Auto,Employed,8,Poor,0.1858,236320.0,4.0,South Kenneth,NH,Guadeloupe,1.0,1,Low
25,Female,Master's,Divorced,30219.0,793.0,19412.0,Auto,Self-employed,11,Poor,0.3044,145221.0,2.0,East Dakotatown,LA,Tonga,4.0,2,Medium
62,Male,Bachelor's,Married,102694.0,741.0,13421.0,Business,Unemployed,11,Good,0.1147,172032.0,1.0,Lake Amymouth,KY,Saint Pierre and Miquelon,3.0,0,Low
45,Female,PhD,Single,21460.0,753.0,29571.0,Auto,Unemployed,11,Good,0.2625,253123.0,2.0,North Margaretburgh,OK,Central African Republic,1.0,0,Low
30,Non-binary,PhD,Single,73095.0,743.0,29140.0,Home,Self-employed,6,Good,0.101,133587.0,0.0,South Meganborough,TX,Lao People's Democratic Republic,2.0,0,Low
63,Female,Master's,Single,101785.0,675.0,37836.0,Auto,Employed,13,Good,0.1039,49592.0,3.0,West Jason,CA,Congo,2.0,2,Low
19,Female,Master's,Single,69616.0,743.0,5258.0,Auto,Employed,14,Fair,0.5922,140259.0,0.0,North Lindsayhaven,IL,Japan,2.0,1,Low
50,Male,Bachelor's,Single,79430.0,788.0,45703.0,Home,Self-employed,10,Excellent,0.1772,187198.0,3.0,Scottshire,ID,Turkey,3.0,1,Low
69,Female,PhD,Single,114240.0,742.0,14747.0,Business,Unemployed,9,Good,0.5018,233742.0,4.0,Port William,SC,India,1.0,0,Low
54,Non-binary,Master's,Married,36746.0,690.0,48927.0,Home,Unemployed,10,Fair,0.4614,276946.0,4.0,East Michaelside,MN,Saint Helena,2.0,0,Low
60,Non-binary,PhD,Married,81388.0,622.0,42876.0,Business,Self-employed,14,Fair,0.1317,111799.0,4.0,Ramirezside,WV,Guam,3.0,0,Medium
50,Female,PhD,Married,54890.0,740.0,5827.0,Home,Unemployed,4,Fair,0.4286,252914.0,3.0,Harrisontown,PA,Lesotho,2.0,2,Low
46,Non-binary,PhD,Divorced,86141.0,755.0,25914.0,Personal,Self-employed,6,Fair,0.1094,24358.0,1.0,Terranceton,NJ,Mozambique,1.0,2,Low
33,Male,High School,Widowed,41788.0,723.0,47440.0,Auto,Employed,14,Poor,0.1745,50781.0,2.0,Cooperton,CA,Trinidad and Tobago,1.0,1,Medium
29,Male,PhD,Married,114835.0,607.0,49051.0,Business,Self-employed,18,Poor,0.254,65904.0,4.0,Brownville,MI,Austria,0.0,0,Low
62,Non-binary,High School,Widowed,78535.0,671.0,30089.0,Business,Employed,10,Poor,0.4138,250340.0,3.0,Danielstad,LA,Serbia,4.0,1,Low
42,Non-binary,Bachelor's,Divorced,95614.0,721.0,48435.0,Business,Unemployed,0,Good,0.4397,163223.0,4.0,West Amy,DC,Romania,1.0,1,Medium
63,Male,Master's,Married,116550.0,637.0,26266.0,Personal,Self-employed,15,Good,0.4138,53669.0,3.0,West Brian,NJ,Cambodia,3.0,1,Medium
38,Non-binary,PhD,Widowed,93667.0,734.0,46700.0,Auto,Unemployed,13,Good,0.3658,50100.0,3.0,Maryfurt,CA,Marshall Islands,3.0,1,Low
33,Male,High School,Married,23934.0,610.0,23083.0,Business,Employed,7,Fair,0.3019,228926.0,2.0,North Troystad,DE,Switzerland,4.0,2,Low
39,Non-binary,High School,Widowed,43849.0,606.0,42329.0,Home,Employed,11,Fair,0.2423,80095.0,4.0,East Elizabeth,KY,Gambia,2.0,0,Medium
30,Female,Master's,Single,45650.0,635.0,40588.0,Business,Employed,13,Fair,0.2212,102365.0,2.0,Ortizfort,KY,Saint Kitts and Nevis,3.0,1,Medium
39,Female,Bachelor's,Widowed,103324.0,651.0,36782.0,Business,Self-employed,6,Poor,0.5849,100659.0,4.0,Elijahchester,HI,Sierra Leone,3.0,2,Medium
26,Non-binary,Bachelor's,Widowed,89549.0,777.0,39465.0,Auto,Self-employed,1,Fair,0.1448,248344.0,3.0,Sanchezstad,OH,Montenegro,3.0,1,Low
21,Non-binary,High School,Married,52161.0,609.0,44806.0,Business,Employed,17,Fair,0.3832,175584.0,0.0,Lake Joshuaberg,NE,Iran,1.0,2,Low
52,Male,Master's,Divorced,36148.0,632.0,48241.0,Personal,Employed,0,Good,0.5478,210792.0,4.0,Wheelerfurt,MA,Ecuador,0.0,0,Low
54,Female,High School,Divorced,40760.0,654.0,45642.0,Personal,Unemployed,15,Good,0.3149,25833.0,2.0,Beanburgh,WY,United States Virgin Islands,3.0,2,High
44,Female,PhD,Divorced,76963.0,750.0,24605.0,Auto,Employed,11,Poor,0.3612,153802.0,0.0,Burtonville,NY,Egypt,0.0,1,Medium
46,Non-binary,Bachelor's,Divorced,76195.0,604.0,41228.0,Business,Employed,8,Good,0.531,238096.0,0.0,Scottmouth,SC,Malta,1.0,1,High
60,Female,Master's,Married,70099.0,747.0,32497.0,Home,Employed,19,Excellent,0.5558,297603.0,2.0,Turnerbury,MH,Slovenia,0.0,0,Medium
42,Non-binary,PhD,Married,32427.0,722.0,18046.0,Personal,Unemployed,2,Excellent,0.5838,76643.0,4.0,Jonesshire,VT,Guadeloupe,1.0,0,Medium
67,Female,Bachelor's,Widowed,32121.0,677.0,11902.0,Home,Unemployed,6,Poor,0.3818,191393.0,3.0,East Melissa,VI,Aruba,2.0,0,Low
54,Female,High School,Widowed,98764.0,674.0,17929.0,Auto,Self-employed,0,Poor,0.1274,298502.0,0.0,Nicholeborough,WV,Fiji,4.0,2,Medium
65,Male,PhD,Single,107457.0,775.0,49758.0,Business,Employed,17,Fair,0.5505,211726.0,1.0,Port Paulabury,AL,Algeria,4.0,0,Low
33,Female,Master's,Widowed,30108.0,774.0,5514.0,Home,Self-employed,13,Fair,0.2457,135934.0,1.0,Lake Ann,TN,Romania,1.0,2,Low
60,Male,High School,Divorced,59612.0,610.0,27575.0,Home,Employed,8,Excellent,0.4866,180041.0,1.0,Bethton,UT,British Virgin Islands,4.0,1,Low
23,Non-binary,PhD,Widowed,87787.0,713.0,23484.0,Personal,Self-employed,4,Fair,0.5275,123583.0,3.0,Lynchland,PR,Burundi,1.0,2,Low
30,Non-binary,Bachelor's,Widowed,97222.0,691.0,7418.0,Business,Employed,2,Fair,0.4603,53441.0,3.0,Shelleyton,CT,Singapore,1.0,0,Medium
40,Non-binary,Master's,Widowed,91602.0,659.0,11897.0,Auto,Self-employed,16,Poor,0.1011,99772.0,4.0,Ravenshire,IA,Barbados,2.0,0,Low
65,Male,High School,Widowed,63200.0,757.0,41636.0,Auto,Self-employed,2,Poor,0.4011,85954.0,1.0,New Deannachester,DE,Australia,3.0,0,Low
43,Female,High School,Divorced,95604.0,766.0,46237.0,Personal,Self-employed,7,Fair,0.2281,199716.0,4.0,Brentshire,DE,Kuwait,3.0,1,Medium
56,Male,Bachelor's,Single,54961.0,624.0,13330.0,Business,Self-employed,7,Fair,0.4498,132168.0,3.0,Bradfordville,MO,Suriname,3.0,0,Low
27,Non-binary,High School,Single,21265.0,642.0,10921.0,Business,Employed,7,Good,0.5408,146766.0,0.0,New Robertborough,OH,Turks and Caicos Islands,1.0,0,High
36,Male,PhD,Widowed,81585.0,679.0,46528.0,Personal,Unemployed,0,Excellent,0.2777,95567.0,2.0,Port Scottmouth,MT,India,4.0,1,Low
56,Non-binary,Master's,Widowed,25778.0,773.0,30409.0,Personal,Self-employed,6,Poor,0.4164,194156.0,0.0,West Timothybury,VI,Malaysia,1.0,1,High
32,Female,Bachelor's,Divorced,106826.0,668.0,24754.0,Auto,Self-employed,17,Good,0.5406,287209.0,1.0,North Lesliehaven,FL,Kyrgyz Republic,1.0,2,Low
35,Female,Bachelor's,Widowed,31160.0,634.0,47147.0,Personal,Unemployed,5,Poor,0.4402,93502.0,4.0,Marychester,MA,Cameroon,2.0,1,Low
47,Non-binary,PhD,Widowed,47201.0,652.0,16609.0,Personal,Self-employed,15,Fair,0.4258,198733.0,3.0,Port Josephton,NH,Dominican Republic,4.0,1,Low
19,Non-binary,Master's,Widowed,31170.0,729.0,18632.0,Auto,Unemployed,14,Fair,0.5907,221662.0,4.0,Williamsview,IA,Saint Lucia,0.0,1,Low
50,Male,Master's,Married,29597.0,696.0,37711.0,Auto,Self-employed,2,Fair,0.3973,212897.0,3.0,East Anthonyville,NY,Israel,3.0,2,Low
47,Non-binary,Bachelor's,Married,110710.0,726.0,40870.0,Personal,Unemployed,16,Poor,0.1417,249171.0,1.0,Loweryfort,SD,Lesotho,3.0,0,Low
35,Female,Bachelor's,Married,23328.0,716.0,10184.0,Auto,Self-employed,1,Fair,0.2809,95115.0,1.0,East Michaelshire,WV,Christmas Island,2.0,1,Medium
36,Male,Master's,Married,108087.0,714.0,20775.0,Business,Unemployed,14,Excellent,0.2003,261749.0,2.0,South Emmabury,AS,Burundi,3.0,0,Low
33,Non-binary,High School,Single,44996.0,738.0,5442.0,Business,Self-employed,16,Poor,0.433,44497.0,3.0,East Jasminside,NV,Mexico,2.0,1,Low
63,Female,Master's,Married,46639.0,679.0,15687.0,Auto,Unemployed,11,Excellent,0.3774,49134.0,0.0,Stephenmouth,OR,Italy,2.0,0,Low
55,Male,Master's,Married,76152.0,746.0,17372.0,Home,Self-employed,10,Good,0.1921,175519.0,2.0,Heatherview,CA,Estonia,0.0,0,Low
35,Male,Master's,Single,104482.0,689.0,32009.0,Auto,Employed,17,Poor,0.1773,133845.0,0.0,South Christophermouth,NJ,Mayotte,2.0,2,High
22,Male,PhD,Single,56507.0,616.0,15709.0,Auto,Employed,9,Excellent,0.4459,182862.0,3.0,New Samuelmouth,TX,Belgium,1.0,2,Medium
58,Non-binary,Master's,Single,38715.0,616.0,36602.0,Home,Unemployed,9,Fair,0.3949,280173.0,4.0,West Lynn,MT,Mexico,2.0,2,Low
59,Non-binary,High School,Widowed,23784.0,734.0,21784.0,Personal,Employed,15,Good,0.401,121736.0,4.0,Greenside,WA,Central African Republic,1.0,1,Medium
65,Female,Bachelor's,Single,68351.0,699.0,44230.0,Auto,Employed,18,Excellent,0.1623,120917.0,0.0,Turnerside,FM,Angola,0.0,1,Low
51,Non-binary,PhD,Single,72620.0,685.0,28467.0,Business,Unemployed,1,Good,0.3747,181932.0,4.0,New Andrewview,ID,Martinique,1.0,1,Low
37,Female,High School,Widowed,39014.0,680.0,24157.0,Auto,Employed,18,Poor,0.3934,145216.0,2.0,Port Peterville,ME,Holy See (Vatican City State),0.0,2,Low
66,Non-binary,Bachelor's,Widowed,55059.0,689.0,49733.0,Home,Unemployed,12,Poor,0.5431,102798.0,2.0,Elizabethfort,DE,Uganda,1.0,2,High
65,Non-binary,PhD,Divorced,55777.0,783.0,39855.0,Personal,Self-employed,13,Fair,0.4163,191109.0,1.0,Nicholasberg,IN,Morocco,1.0,0,Medium
51,Female,Master's,Widowed,35577.0,688.0,40049.0,Personal,Unemployed,5,Poor,0.3942,29717.0,2.0,New Shirleyburgh,VI,Lebanon,4.0,2,Low
40,Non-binary,Master's,Married,76908.0,692.0,43211.0,Auto,Unemployed,9,Good,0.4419,276380.0,0.0,Port Julie,ME,Burundi,3.0,1,Low
24,Non-binary,Bachelor's,Widowed,107636.0,647.0,29516.0,Home,Unemployed,8,Excellent,0.2582,267368.0,3.0,Haydenmouth,SD,Palestinian Territory,4.0,1,Low
47,Non-binary,Bachelor's,Widowed,88225.0,698.0,5308.0,Personal,Unemployed,4,Poor,0.4824,299886.0,0.0,Nicolebury,NH,Jordan,3.0,1,Low
54,Female,High School,Divorced,53427.0,742.0,45897.0,Auto,Self-employed,16,Fair,0.3814,136504.0,3.0,North Gary,AR,Sudan,1.0,0,Low
34,Non-binary,Bachelor's,Widowed,95079.0,794.0,48210.0,Personal,Unemployed,17,Poor,0.4994,58602.0,2.0,Mossside,DE,Guinea,1.0,0,Low
68,Male,Master's,Widowed,64415.0,675.0,42448.0,Home,Unemployed,15,Poor,0.5773,166836.0,1.0,North Melissa,WV,Antarctica (the territory South of 60 deg S),2.0,2,Low
19,Female,Bachelor's,Married,82150.0,636.0,15427.0,Home,Unemployed,19,Fair,0.5988,288863.0,0.0,Lake Carol,FM,Gambia,2.0,0,Low
42,Female,PhD,Widowed,115484.0,728.0,30956.0,Personal,Self-employed,12,Excellent,0.3966,180666.0,4.0,Donnabury,AZ,Bhutan,2.0,0,High
37,Non-binary,PhD,Divorced,33890.0,652.0,49617.0,Personal,Employed,8,Good,0.301,271452.0,0.0,East Adamborough,PA,Honduras,1.0,1,Low
41,Non-binary,Master's,Single,84274.0,743.0,6381.0,Home,Employed,18,Poor,0.104,251976.0,3.0,Ryanstad,KY,Austria,4.0,2,Low
27,Female,High School,Single,22251.0,758.0,40162.0,Business,Unemployed,3,Excellent,0.431,69547.0,0.0,South Robertmouth,HI,United Arab Emirates,3.0,2,Low
28,Female,Master's,Widowed,50255.0,789.0,29281.0,Business,Employed,16,Poor,0.2171,46695.0,2.0,East Larry,PA,French Southern Territories,2.0,2,Low
50,Female,Bachelor's,Single,47050.0,666.0,32980.0,Home,Employed,18,Fair,0.353,153405.0,0.0,West Leemouth,AZ,Kenya,2.0,0,Low
34,Female,PhD,Widowed,20238.0,602.0,41409.0,Business,Self-employed,15,Fair,0.1936,281938.0,2.0,Colemouth,HI,San Marino,1.0,1,Low
54,Non-binary,Master's,Married,25474.0,758.0,48905.0,Home,Unemployed,15,Excellent,0.2231,165600.0,2.0,Kellymouth,HI,El Salvador,2.0,2,Medium
33,Male,High School,Married,25972.0,626.0,8983.0,Auto,Self-employed,0,Good,0.5062,132115.0,2.0,West Travis,LA,Liberia,2.0,0,Low
42,Male,PhD,Single,40577.0,719.0,33279.0,Auto,Unemployed,5,Poor,0.1473,190264.0,4.0,Rojaschester,HI,Saint Barthelemy,0.0,2,Low
32,Non-binary,Bachelor's,Widowed,27121.0,730.0,10407.0,Home,Employed,9,Poor,0.3567,211149.0,4.0,Garyland,OR,Switzerland,1.0,1,Low
20,Male,PhD,Widowed,86297.0,646.0,40125.0,Business,Self-employed,16,Excellent,0.5771,118394.0,3.0,Johnshire,FM,Lithuania,1.0,2,Medium
62,Male,Bachelor's,Widowed,71925.0,785.0,47401.0,Home,Unemployed,4,Excellent,0.2544,154928.0,1.0,Martinezmouth,VI,Canada,1.0,0,Low
55,Male,High School,Widowed,74306.0,781.0,20611.0,Auto,Employed,0,Excellent,0.1837,266944.0,1.0,West Tanyaport,ID,Syrian Arab Republic,0.0,2,Low
65,Female,Master's,Widowed,103766.0,671.0,18382.0,Home,Self-employed,8,Excellent,0.2634,59526.0,4.0,North Jeffreyfurt,MT,Chile,2.0,0,Low
30,Female,Bachelor's,Widowed,115335.0,787.0,16279.0,Auto,Unemployed,14,Fair,0.4637,220939.0,2.0,Sandersstad,GU,Mongolia,3.0,0,Medium
39,Female,Bachelor's,Widowed,43694.0,765.0,43086.0,Business,Self-employed,2,Excellent,0.4631,75996.0,1.0,Kevintown,VI,Burkina Faso,1.0,2,Low
29,Male,High School,Widowed,83444.0,673.0,23711.0,Auto,Employed,15,Good,0.4756,87179.0,0.0,South Joseph,TX,South Africa,2.0,0,High
55,Non-binary,Master's,Single,119887.0,788.0,22004.0,Business,Self-employed,15,Excellent,0.3582,250296.0,2.0,Laurenport,WY,Mexico,2.0,2,Low
55,Female,PhD,Widowed,31952.0,754.0,28092.0,Personal,Unemployed,17,Fair,0.2985,56681.0,2.0,Charlotteland,SC,British Indian Ocean Territory (Chagos Archipelago),4.0,2,Low
31,Male,PhD,Divorced,53132.0,771.0,9169.0,Personal,Self-employed,10,Fair,0.2343,235711.0,4.0,South Carrie,FL,Comoros,3.0,2,Medium
66,Female,PhD,Single,78414.0,682.0,45100.0,Home,Unemployed,5,Excellent,0.1514,196274.0,0.0,Port Kathleen,WI,Venezuela,4.0,2,Medium
26,Male,PhD,Married,71205.0,634.0,24826.0,Home,Self-employed,4,Excellent,0.4375,297951.0,4.0,Port Alejandra,HI,Aruba,4.0,2,Medium
66,Female,Master's,Divorced,37424.0,613.0,26067.0,Business,Self-employed,18,Fair,0.2425,33295.0,2.0,Lake Davidfort,GA,Bouvet Island (Bouvetoya),2.0,2,Low
63,Male,High School,Single,101298.0,687.0,47128.0,Personal,Employed,5,Poor,0.4789,155006.0,3.0,Perkinsland,VA,Chile,0.0,0,High
30,Non-binary,Master's,Divorced,62967.0,707.0,47920.0,Auto,Unemployed,18,Good,0.2711,177269.0,4.0,East Matthewfort,NH,Honduras,0.0,1,Low
36,Non-binary,PhD,Divorced,113316.0,655.0,5215.0,Business,Self-employed,7,Fair,0.5341,297156.0,2.0,North Autumnville,WV,Martinique,0.0,0,Medium
31,Non-binary,Master's,Married,51174.0,767.0,19429.0,Business,Employed,18,Excellent,0.5506,63753.0,4.0,Richhaven,MH,Guinea,1.0,2,Low
21,Female,High School,Married,87388.0,734.0,21872.0,Personal,Employed,15,Fair,0.1324,124230.0,2.0,Joneschester,GA,Costa Rica,1.0,2,Low
53,Non-binary,Bachelor's,Single,87114.0,646.0,15547.0,Home,Self-employed,7,Good,0.2097,153909.0,0.0,Lake Michaelbury,MP,South Africa,2.0,0,Low
60,Female,Master's,Widowed,61353.0,611.0,48460.0,Home,Unemployed,15,Good,0.2939,122903.0,4.0,Williamsview,VI,Denmark,3.0,2,Low
59,Non-binary,PhD,Single,92681.0,712.0,12739.0,Auto,Self-employed,12,Good,0.5006,129244.0,3.0,West Melissamouth,CO,Jersey,4.0,1,High
36,Non-binary,Bachelor's,Widowed,52726.0,678.0,17756.0,Home,Self-employed,15,Good,0.175,175090.0,3.0,South Kennethtown,AK,Argentina,3.0,2,Medium
24,Non-binary,High School,Widowed,50312.0,736.0,40207.0,Home,Self-employed,5,Excellent,0.184,39190.0,1.0,Port Randy,OR,Samoa,2.0,0,Low
18,Female,PhD,Widowed,75871.0,686.0,21257.0,Business,Unemployed,3,Fair,0.4617,104447.0,3.0,Leehaven,MH,Azerbaijan,2.0,0,Medium
28,Non-binary,High School,Married,69665.0,739.0,21190.0,Home,Unemployed,5,Excellent,0.5946,24963.0,2.0,Cindyburgh,HI,Honduras,4.0,1,Low
39,Male,PhD,Widowed,91250.0,709.0,9937.0,Business,Unemployed,4,Poor,0.3022,68879.0,3.0,Reneeburgh,PW,Denmark,0.0,0,Low
64,Non-binary,Bachelor's,Married,86189.0,765.0,40107.0,Auto,Employed,15,Fair,0.4848,281216.0,3.0,Chentown,LA,Tunisia,4.0,1,Low
46,Female,Bachelor's,Divorced,112556.0,792.0,8390.0,Auto,Self-employed,6,Fair,0.4625,260036.0,2.0,Chapmanside,VT,Haiti,4.0,2,Medium
43,Male,High School,Single,54136.0,771.0,36757.0,Personal,Unemployed,15,Poor,0.4417,247651.0,3.0,South Thomas,MA,Trinidad and Tobago,0.0,1,Low
56,Non-binary,Bachelor's,Widowed,23201.0,639.0,25616.0,Auto,Employed,17,Good,0.2741,109879.0,4.0,Lake Yvonne,LA,Andorra,3.0,1,Low
63,Female,Master's,Divorced,85326.0,713.0,11520.0,Home,Employed,11,Poor,0.4442,273674.0,3.0,Annetteville,FL,Algeria,1.0,2,High
47,Non-binary,Bachelor's,Married,104217.0,742.0,23919.0,Auto,Employed,19,Good,0.4475,132413.0,2.0,South John,TX,Lebanon,3.0,0,Low
56,Male,High School,Widowed,46898.0,742.0,6688.0,Auto,Employed,15,Poor,0.3195,257843.0,1.0,Williamstown,NY,Belize,1.0,1,Low
48,Male,High School,Widowed,43268.0,798.0,26617.0,Auto,Employed,15,Good,0.4646,191919.0,2.0,Briggsmouth,SC,Korea,3.0,0,High
25,Male,PhD,Married,52806.0,737.0,41069.0,Personal,Self-employed,18,Fair,0.3855,33365.0,4.0,Woodsborough,MN,Tuvalu,1.0,0,Low
20,Non-binary,High School,Widowed,78188.0,746.0,29479.0,Auto,Self-employed,11,Fair,0.3951,273033.0,1.0,Aliciahaven,MT,United Arab Emirates,2.0,1,Low
68,Male,Master's,Married,66529.0,659.0,37023.0,Business,Unemployed,11,Excellent,0.4632,240320.0,0.0,Matthewchester,FL,Azerbaijan,1.0,1,Low
47,Non-binary,PhD,Divorced,104619.0,663.0,23798.0,Auto,Unemployed,16,Good,0.2841,232903.0,1.0,Allenfort,FM,Ethiopia,2.0,2,Low
45,Female,PhD,Widowed,52556.0,619.0,20421.0,Business,Unemployed,15,Good,0.2268,295553.0,4.0,East Nathan,MS,Somalia,3.0,0,Low
26,Female,Master's,Single,86345.0,737.0,32436.0,Auto,Self-employed,11,Excellent,0.3147,234889.0,0.0,Juliaberg,NC,Romania,3.0,1,High
40,Non-binary,PhD,Divorced,63188.0,676.0,32493.0,Auto,Self-employed,9,Good,0.4409,62519.0,3.0,Mullenview,NH,Greece,4.0,0,Low
30,Male,Bachelor's,Married,23646.0,668.0,26427.0,Home,Self-employed,6,Excellent,0.5968,118526.0,2.0,West Raymondchester,OR,Ecuador,4.0,1,Low
56,Female,PhD,Married,73233.0,727.0,11863.0,Business,Employed,17,Good,0.3372,70138.0,0.0,Lake Maria,MA,Saint Kitts and Nevis,3.0,1,Low
40,Male,Master's,Widowed,112700.0,682.0,20811.0,Business,Self-employed,5,Excellent,0.2714,65671.0,2.0,Lake Denise,WV,Dominican Republic,4.0,0,High
21,Non-binary,Master's,Divorced,71087.0,717.0,34911.0,Personal,Unemployed,0,Fair,0.124,263621.0,1.0,Lake William,IL,Slovakia (Slovak Republic),2.0,0,Low
50,Female,High School,Single,37341.0,716.0,48808.0,Business,Employed,7,Excellent,0.5287,88340.0,3.0,South Michaelberg,WI,Romania,3.0,2,Low
61,Male,High School,Married,33146.0,763.0,31914.0,Auto,Unemployed,11,Poor,0.1491,102598.0,4.0,Davidfort,ID,Netherlands,4.0,0,Medium
39,Female,Bachelor's,Married,53541.0,749.0,19931.0,Business,Self-employed,9,Good,0.5915,257415.0,4.0,South David,NH,Guernsey,3.0,0,Low
41,Female,Master's,Single,113993.0,649.0,21476.0,Home,Self-employed,1,Poor,0.5618,112497.0,1.0,New Tyler,IL,Comoros,4.0,2,Low
48,Male,Master's,Divorced,20824.0,751.0,48966.0,Home,Self-employed,2,Good,0.4167,237789.0,1.0,Port Kevin,MD,Venezuela,3.0,2,Low
27,Non-binary,Bachelor's,Single,101738.0,767.0,34941.0,Auto,Employed,5,Good,0.1336,231020.0,1.0,East Margaretside,WA,Gambia,4.0,2,Low
40,Male,High School,Widowed,101617.0,724.0,11625.0,Auto,Unemployed,5,Excellent,0.1751,148086.0,2.0,Amberstad,FM,Italy,4.0,2,Low
27,Non-binary,Bachelor's,Widowed,118415.0,771.0,27815.0,Auto,Self-employed,13,Excellent,0.1862,72207.0,1.0,Michaeltown,VI,Sao Tome and Principe,4.0,2,Medium
66,Male,PhD,Divorced,106483.0,677.0,14127.0,Home,Employed,2,Good,0.1001,209420.0,2.0,Littlemouth,OR,Russian Federation,1.0,1,Medium
26,Male,Master's,Divorced,48080.0,667.0,10208.0,Home,Employed,2,Excellent,0.4137,206064.0,1.0,South Theresa,CA,Saint Kitts and Nevis,1.0,0,Medium
19,Non-binary,PhD,Divorced,114080.0,626.0,18807.0,Auto,Employed,19,Poor,0.2063,236533.0,1.0,New Alex,RI,Congo,3.0,0,Medium
28,Male,PhD,Widowed,50280.0,727.0,34925.0,Home,Self-employed,4,Fair,0.3954,28148.0,2.0,Hillhaven,AZ,Turkmenistan,0.0,0,Low
18,Non-binary,PhD,Married,91531.0,743.0,21998.0,Business,Self-employed,14,Excellent,0.4748,125177.0,4.0,Murphychester,MA,Canada,2.0,0,Low
28,Male,High School,Married,29684.0,662.0,35015.0,Auto,Employed,2,Good,0.3121,136144.0,4.0,Kimberlymouth,LA,Belize,2.0,1,Low
44,Female,PhD,Widowed,53521.0,668.0,45031.0,Home,Self-employed,3,Poor,0.4424,233289.0,0.0,Stevenmouth,MI,Bahamas,1.0,0,High
24,Non-binary,PhD,Married,75008.0,711.0,26250.0,Home,Self-employed,0,Fair,0.207,41526.0,0.0,North Cassidy,WY,Mongolia,4.0,1,Low
31,Non-binary,Master's,Divorced,110574.0,751.0,46845.0,Auto,Self-employed,12,Excellent,0.5768,187191.0,1.0,Kristieside,TX,Chad,1.0,2,Low
44,Non-binary,Bachelor's,Divorced,92663.0,683.0,18074.0,Home,Employed,5,Excellent,0.5039,32276.0,0.0,East Kellyburgh,PR,Brazil,1.0,1,Low
52,Non-binary,PhD,Married,33764.0,768.0,23769.0,Business,Employed,7,Fair,0.1059,249408.0,1.0,Butlerfort,FL,Faroe Islands,1.0,1,High
54,Male,Bachelor's,Married,117972.0,685.0,16528.0,Home,Self-employed,4,Fair,0.5364,259331.0,1.0,Barryborough,ME,Japan,0.0,2,Medium
61,Non-binary,High School,Widowed,43958.0,710.0,26355.0,Personal,Unemployed,7,Good,0.1746,235682.0,2.0,Steveton,NJ,Japan,4.0,0,Low
64,Female,PhD,Divorced,48906.0,627.0,7733.0,Home,Employed,15,Fair,0.3656,73698.0,3.0,Castillohaven,MH,Timor-Leste,2.0,0,Low
29,Non-binary,PhD,Widowed,81049.0,771.0,25387.0,Business,Unemployed,10,Good,0.2823,201283.0,3.0,Kimberlyton,WI,Tonga,4.0,1,Medium
42,Female,High School,Single,96661.0,680.0,22018.0,Auto,Self-employed,15,Good,0.3454,85541.0,0.0,West Angela,DE,Turkmenistan,0.0,1,Medium
28,Non-binary,PhD,Single,103220.0,658.0,31798.0,Home,Employed,16,Poor,0.1952,232285.0,1.0,Lake Jon,AS,Palestinian Territory,0.0,1,Low
21,Female,High School,Single,48090.0,721.0,27065.0,Personal,Unemployed,11,Poor,0.3974,211296.0,2.0,South Kathrynview,FL,Equatorial Guinea,0.0,0,High
36,Female,Master's,Married,45041.0,744.0,32764.0,Home,Self-employed,19,Fair,0.351,284502.0,0.0,Lake David,MT,Georgia,1.0,1,Low
53,Male,High School,Single,40703.0,779.0,7816.0,Business,Self-employed,11,Excellent,0.4131,75004.0,2.0,Kristinstad,GA,Jamaica,2.0,1,Low
42,Non-binary,PhD,Widowed,111875.0,636.0,40531.0,Personal,Self-employed,16,Good,0.2186,257561.0,2.0,South Timothy,MT,Barbados,4.0,0,Medium
60,Non-binary,PhD,Divorced,44507.0,769.0,45198.0,Home,Employed,8,Poor,0.135,186454.0,0.0,Stephensside,MT,United States of America,3.0,0,Low
42,Female,Master's,Single,46571.0,794.0,7325.0,Personal,Unemployed,3,Good,0.5825,283096.0,3.0,Carsonside,PR,Macao,4.0,1,Low
33,Female,Bachelor's,Married,37868.0,718.0,17251.0,Personal,Unemployed,9,Fair,0.3508,132941.0,4.0,Cookmouth,CA,Vanuatu,2.0,0,Low
51,Female,PhD,Married,91857.0,783.0,48866.0,Auto,Unemployed,5,Fair,0.317,179908.0,0.0,Gainesburgh,VA,New Caledonia,1.0,2,Low
64,Male,Bachelor's,Married,75134.0,772.0,49438.0,Auto,Unemployed,4,Fair,0.4323,77748.0,2.0,Port Michaelmouth,MN,Saint Vincent and the Grenadines,2.0,2,Medium
32,Female,PhD,Married,53064.0,774.0,10557.0,Business,Unemployed,3,Fair,0.4424,111649.0,3.0,Stevenbury,VT,Puerto Rico,2.0,0,Low
38,Non-binary,High School,Widowed,105982.0,756.0,19774.0,Personal,Self-employed,5,Fair,0.1297,82648.0,2.0,South Jennifer,MI,Bahrain,4.0,2,Low
43,Male,Master's,Widowed,25493.0,765.0,49219.0,Personal,Self-employed,8,Poor,0.3859,23098.0,1.0,Lake Johnchester,MS,Malaysia,2.0,1,Medium
28,Female,Master's,Widowed,20974.0,797.0,21760.0,Personal,Employed,1,Excellent,0.1471,283282.0,4.0,Kylehaven,AL,Puerto Rico,1.0,0,Medium
30,Non-binary,Master's,Married,46866.0,790.0,15506.0,Home,Self-employed,9,Fair,0.3419,121064.0,2.0,Scottview,WA,Azerbaijan,3.0,0,Medium
51,Female,Bachelor's,Divorced,93511.0,610.0,42268.0,Auto,Unemployed,1,Good,0.5529,98829.0,2.0,South Michael,MS,British Virgin Islands,4.0,1,Low
25,Female,Bachelor's,Divorced,96688.0,690.0,43396.0,Personal,Self-employed,16,Fair,0.452,272496.0,3.0,Larrychester,NV,Hungary,1.0,0,Low
53,Non-binary,PhD,Divorced,86723.0,799.0,37860.0,Home,Unemployed,14,Excellent,0.4946,31312.0,0.0,Raymondmouth,AL,Senegal,2.0,2,Low
42,Non-binary,Bachelor's,Single,44536.0,624.0,40600.0,Auto,Employed,6,Fair,0.1383,213482.0,0.0,Popeland,ND,Fiji,4.0,2,Medium
37,Non-binary,High School,Divorced,21799.0,608.0,31722.0,Business,Unemployed,4,Good,0.242,265175.0,2.0,North Nicole,CA,Indonesia,3.0,2,Low
29,Female,Master's,Widowed,21431.0,705.0,36311.0,Personal,Employed,0,Good,0.114,213998.0,0.0,Wilsonland,IA,Argentina,0.0,0,Medium
58,Female,PhD,Single,21611.0,697.0,34161.0,Business,Unemployed,0,Good,0.3677,101806.0,1.0,Aprilmouth,SD,British Virgin Islands,2.0,0,Medium
38,Non-binary,Master's,Widowed,110875.0,724.0,15581.0,Home,Unemployed,15,Fair,0.3928,65138.0,0.0,North James,TN,Iran,4.0,0,Low
19,Male,High School,Single,27532.0,601.0,39575.0,Business,Self-employed,8,Excellent,0.1611,84120.0,1.0,Allenhaven,OR,Holy See (Vatican City State),0.0,1,Low
19,Non-binary,Bachelor's,Married,81743.0,775.0,46030.0,Business,Employed,10,Poor,0.5274,58352.0,1.0,North Robertborough,MI,Kiribati,4.0,1,Low
58,Non-binary,PhD,Single,67143.0,681.0,12350.0,Personal,Employed,15,Good,0.5237,228086.0,3.0,Lake Angelaland,ND,Ethiopia,1.0,2,High
21,Non-binary,PhD,Married,106173.0,677.0,22982.0,Personal,Employed,13,Excellent,0.5405,203421.0,4.0,Bryanberg,NY,Samoa,2.0,1,Low
47,Non-binary,Master's,Divorced,43022.0,681.0,31618.0,Auto,Self-employed,15,Excellent,0.3329,286564.0,1.0,East April,NE,Sao Tome and Principe,4.0,0,Medium
53,Female,PhD,Married,51566.0,696.0,18771.0,Personal,Self-employed,18,Excellent,0.1461,25158.0,0.0,Nelsonville,ME,Brazil,3.0,1,Low
45,Female,Master's,Married,108672.0,738.0,44604.0,Auto,Unemployed,12,Good,0.5267,248565.0,3.0,Karenmouth,AZ,United States Minor Outlying Islands,4.0,0,Medium
30,Non-binary,PhD,Widowed,81314.0,796.0,35221.0,Home,Self-employed,3,Fair,0.5794,237047.0,4.0,Port Whitneytown,NC,Morocco,3.0,0,Low
25,Male,High School,Divorced,54833.0,700.0,45428.0,Home,Employed,3,Poor,0.5595,179008.0,2.0,West Stacieberg,WA,Svalbard & Jan Mayen Islands,0.0,0,Medium
20,Male,Master's,Divorced,23051.0,696.0,20106.0,Personal,Self-employed,14,Fair,0.2964,228904.0,3.0,New Joannehaven,WY,Sao Tome and Principe,3.0,1,High
18,Female,Master's,Single,95525.0,745.0,29598.0,Home,Employed,5,Poor,0.3724,96711.0,0.0,Jennifermouth,WV,India,1.0,2,Medium
65,Female,Bachelor's,Single,77541.0,610.0,24021.0,Home,Employed,19,Fair,0.3355,155547.0,3.0,Michelleton,AZ,Belarus,4.0,2,Medium
67,Non-binary,Master's,Divorced,90270.0,724.0,49617.0,Personal,Self-employed,12,Fair,0.169,277690.0,2.0,Port Mark,NH,Papua New Guinea,1.0,2,Medium
29,Male,PhD,Divorced,92402.0,720.0,11693.0,Home,Unemployed,19,Excellent,0.3152,70795.0,4.0,Stephanieton,VT,Liechtenstein,0.0,2,Low
20,Female,High School,Widowed,36685.0,626.0,49554.0,Home,Unemployed,7,Poor,0.2278,72711.0,1.0,Port Michelleberg,MN,Poland,2.0,0,Medium
50,Female,Master's,Divorced,75812.0,661.0,27537.0,Home,Self-employed,1,Fair,0.2812,150056.0,1.0,Villaside,NH,Japan,1.0,0,Low
27,Non-binary,PhD,Married,23223.0,759.0,40509.0,Personal,Employed,16,Excellent,0.185,23555.0,1.0,South Miguel,NC,Lao People's Democratic Republic,2.0,0,Medium
57,Male,High School,Single,80482.0,603.0,28792.0,Personal,Unemployed,8,Excellent,0.5383,216045.0,2.0,Rodriguezfurt,TX,Turkey,4.0,1,Low
25,Female,PhD,Married,64400.0,784.0,44104.0,Personal,Unemployed,10,Good,0.3999,161553.0,1.0,Elizabethland,MS,Niger,3.0,2,Low
21,Male,Master's,Single,94305.0,679.0,27019.0,Home,Unemployed,13,Good,0.2476,196829.0,1.0,Brittneyshire,PR,Bouvet Island (Bouvetoya),0.0,2,High
43,Non-binary,Master's,Single,48756.0,660.0,28084.0,Business,Employed,16,Fair,0.2057,103651.0,4.0,Lake Michael,NH,Indonesia,2.0,1,Low
54,Female,Bachelor's,Widowed,50365.0,710.0,23711.0,Auto,Unemployed,4,Poor,0.2578,190636.0,0.0,Johnberg,OK,United States Virgin Islands,0.0,1,Medium
58,Female,Master's,Single,66619.0,758.0,17029.0,Business,Self-employed,0,Excellent,0.5706,243556.0,4.0,Port Nicholas,WV,Luxembourg,4.0,1,Low
61,Female,Bachelor's,Married,68848.0,605.0,43168.0,Home,Employed,2,Fair,0.5365,107988.0,2.0,Morristown,MA,Seychelles,1.0,2,High
69,Female,Master's,Single,96407.0,634.0,47626.0,Personal,Employed,11,Fair,0.2825,230957.0,3.0,Angelaburgh,RI,Taiwan,3.0,1,Medium
51,Non-binary,Master's,Married,88748.0,729.0,30660.0,Personal,Self-employed,3,Good,0.5142,272319.0,1.0,Matthewberg,NC,Guinea-Bissau,4.0,2,Low
44,Female,PhD,Married,117356.0,609.0,8281.0,Auto,Self-employed,7,Fair,0.3879,166213.0,4.0,East Thomashaven,OH,Cape Verde,1.0,0,Low
43,Non-binary,PhD,Married,28709.0,718.0,22568.0,Personal,Employed,11,Poor,0.3887,215894.0,3.0,Lake Taylorland,GA,Cyprus,3.0,2,Low
53,Male,Bachelor's,Widowed,117958.0,674.0,17451.0,Personal,Self-employed,2,Fair,0.1417,126028.0,3.0,South Jasonborough,KY,Micronesia,3.0,1,Low
20,Female,PhD,Married,67922.0,754.0,44730.0,Auto,Employed,2,Good,0.4566,253811.0,3.0,South Brandon,UT,Equatorial Guinea,4.0,0,Low
56,Male,Bachelor's,Married,83059.0,756.0,42332.0,Home,Employed,16,Fair,0.2078,153365.0,0.0,South Joseph,IA,Bosnia and Herzegovina,1.0,1,Low
65,Non-binary,Master's,Single,85322.0,730.0,48402.0,Home,Employed,17,Excellent,0.2412,87389.0,1.0,New Emily,NY,Burkina Faso,2.0,0,Medium
18,Non-binary,High School,Single,44630.0,676.0,32882.0,Business,Self-employed,9,Fair,0.5112,74457.0,3.0,Port Brian,SD,United States Virgin Islands,1.0,2,Medium
43,Male,Bachelor's,Married,20029.0,717.0,23659.0,Business,Unemployed,13,Poor,0.2878,292405.0,4.0,North Charlesburgh,NY,Botswana,2.0,0,Medium
62,Male,High School,Widowed,29039.0,730.0,25326.0,Auto,Self-employed,7,Poor,0.2203,256933.0,1.0,Port Ryanport,MO,Equatorial Guinea,0.0,0,Low
65,Non-binary,PhD,Divorced,21927.0,726.0,17859.0,Auto,Employed,19,Excellent,0.2057,132723.0,0.0,New Megan,NJ,Netherlands Antilles,1.0,0,Medium
38,Non-binary,PhD,Widowed,38883.0,757.0,23725.0,Home,Employed,15,Excellent,0.1013,219793.0,4.0,Millerside,FL,Venezuela,2.0,2,Low
24,Female,Master's,Single,30555.0,674.0,16520.0,Business,Self-employed,5,Good,0.4323,209206.0,0.0,East Lee,WY,Belgium,1.0,0,Medium
32,Male,PhD,Married,67553.0,625.0,41178.0,Auto,Unemployed,2,Fair,0.2907,185996.0,1.0,Lake Brianmouth,TX,Libyan Arab Jamahiriya,4.0,2,Low
23,Male,PhD,Divorced,83862.0,773.0,28902.0,Auto,Employed,4,Good,0.2951,157925.0,0.0,Pattersontown,TX,Niger,0.0,2,Medium
18,Non-binary,Master's,Widowed,47955.0,628.0,24193.0,Personal,Employed,11,Excellent,0.3821,128895.0,4.0,Port Vickie,TN,Ecuador,4.0,0,Medium
25,Non-binary,Bachelor's,Married,46710.0,654.0,19583.0,Personal,Employed,11,Good,0.4631,160768.0,3.0,Kingport,MO,Philippines,1.0,0,High
45,Female,Bachelor's,Single,99267.0,646.0,16024.0,Personal,Self-employed,4,Good,0.3038,158440.0,0.0,North Tonya,WY,Reunion,2.0,1,Medium
26,Female,High School,Single,101006.0,616.0,7136.0,Personal,Self-employed,11,Good,0.3934,241380.0,1.0,South Jeffreyberg,MT,Eritrea,3.0,0,Medium
43,Female,High School,Divorced,99841.0,698.0,39501.0,Auto,Unemployed,18,Poor,0.55,175301.0,0.0,Lucasmouth,PR,Azerbaijan,1.0,1,Low
30,Male,Bachelor's,Widowed,71119.0,673.0,10850.0,Auto,Self-employed,13,Excellent,0.4902,147880.0,4.0,New David,KY,Heard Island and McDonald Islands,2.0,1,Low
32,Male,Bachelor's,Divorced,109424.0,603.0,10647.0,Personal,Employed,0,Fair,0.434,53003.0,0.0,Port Austin,MH,Cambodia,2.0,2,Medium
22,Male,Master's,Married,85827.0,704.0,23449.0,Personal,Self-employed,11,Good,0.2995,155758.0,0.0,East Matthew,CA,Congo,0.0,1,High
43,Male,PhD,Divorced,35231.0,608.0,15822.0,Personal,Self-employed,6,Poor,0.5923,240898.0,0.0,Ortegashire,MP,Hong Kong,0.0,1,Low
56,Female,High School,Widowed,63386.0,691.0,21403.0,Auto,Employed,18,Poor,0.2827,243749.0,3.0,North Christopher,SC,Western Sahara,0.0,2,Medium
31,Female,Bachelor's,Single,112201.0,642.0,11022.0,Auto,Unemployed,14,Good,0.3416,299348.0,4.0,Yorkfurt,CA,Bangladesh,4.0,2,Low
18,Non-binary,PhD,Divorced,108016.0,675.0,41460.0,Personal,Employed,4,Poor,0.3926,21655.0,3.0,North David,MO,Saint Barthelemy,0.0,2,Low
22,Female,PhD,Married,99139.0,608.0,27289.0,Business,Employed,15,Good,0.4044,258999.0,1.0,East Michaelstad,AK,Tokelau,0.0,0,Low
64,Female,Bachelor's,Widowed,108202.0,790.0,36213.0,Business,Self-employed,12,Poor,0.2521,271402.0,4.0,Port Brad,CO,Puerto Rico,4.0,1,Low
55,Female,Master's,Married,69986.0,621.0,40896.0,Auto,Unemployed,15,Excellent,0.2835,238702.0,4.0,Port Ashley,CT,Malaysia,2.0,0,Low
30,Non-binary,Bachelor's,Married,99180.0,657.0,33734.0,Personal,Self-employed,7,Fair,0.1855,138563.0,4.0,Michaelburgh,GA,Lebanon,0.0,2,Low
65,Female,PhD,Single,82325.0,615.0,44170.0,Business,Employed,4,Good,0.2219,178684.0,3.0,Johnfort,LA,Singapore,2.0,0,Low
54,Non-binary,PhD,Married,72158.0,620.0,16859.0,Home,Self-employed,4,Poor,0.449,227486.0,1.0,Shaneborough,GA,South Georgia and the South Sandwich Islands,2.0,0,Low
35,Male,Bachelor's,Divorced,77300.0,600.0,24411.0,Business,Self-employed,16,Good,0.3289,151091.0,1.0,Bensonville,NE,Ethiopia,4.0,1,Low
39,Male,PhD,Widowed,73270.0,663.0,49121.0,Home,Employed,11,Fair,0.4827,142814.0,3.0,Hensonland,MP,Bouvet Island (Bouvetoya),2.0,2,High
62,Non-binary,Master's,Married,103911.0,645.0,46612.0,Personal,Unemployed,11,Poor,0.5836,223298.0,0.0,Johnsonbury,UT,Seychelles,4.0,0,Low
55,Male,PhD,Married,116185.0,614.0,28778.0,Home,Employed,6,Fair,0.1436,269440.0,4.0,Port Richard,AZ,Burkina Faso,2.0,2,Medium
27,Female,Master's,Single,72703.0,626.0,18541.0,Home,Unemployed,18,Poor,0.2645,80191.0,2.0,Marshallville,MI,Antigua and Barbuda,2.0,1,Low
44,Non-binary,Master's,Widowed,108023.0,728.0,32933.0,Personal,Unemployed,0,Fair,0.3013,298863.0,0.0,Smithborough,SC,Switzerland,0.0,2,Medium
66,Male,Master's,Married,57695.0,789.0,18084.0,Personal,Employed,8,Excellent,0.5423,162216.0,1.0,Port Williamberg,PR,Congo,4.0,1,Low
68,Non-binary,Master's,Married,74211.0,604.0,12045.0,Auto,Self-employed,6,Fair,0.326,126845.0,1.0,Tonyamouth,WY,Israel,0.0,1,Medium
51,Non-binary,Bachelor's,Widowed,44821.0,734.0,21324.0,Home,Unemployed,15,Good,0.3796,30558.0,3.0,Robinsonton,MT,Turks and Caicos Islands,4.0,0,Medium
66,Non-binary,Master's,Single,76132.0,653.0,38411.0,Business,Unemployed,11,Poor,0.5346,60868.0,1.0,Kevintown,SD,Grenada,4.0,2,Low
19,Non-binary,Bachelor's,Widowed,29638.0,723.0,13897.0,Auto,Employed,18,Poor,0.2727,87579.0,3.0,North Michelle,KS,Armenia,4.0,1,Low
56,Female,High School,Single,31573.0,604.0,36726.0,Personal,Employed,9,Poor,0.3631,126785.0,4.0,Reynoldsside,VA,Samoa,4.0,1,High
57,Male,High School,Single,85121.0,662.0,41170.0,Auto,Unemployed,13,Excellent,0.5285,282303.0,3.0,Port Bryan,ME,Taiwan,0.0,0,Medium
43,Non-binary,High School,Single,27450.0,682.0,21621.0,Home,Employed,10,Poor,0.5872,253348.0,1.0,Johnsonfurt,VT,Guadeloupe,4.0,2,Low
39,Non-binary,High School,Divorced,115559.0,710.0,26229.0,Personal,Employed,6,Poor,0.2585,250155.0,2.0,South Karenberg,RI,Thailand,4.0,2,Low
35,Male,Master's,Single,29748.0,700.0,35089.0,Business,Unemployed,10,Fair,0.5429,198579.0,2.0,New Ashleyton,KY,United Arab Emirates,2.0,2,Low
44,Female,Master's,Widowed,53368.0,712.0,19923.0,Personal,Employed,0,Fair,0.4605,292074.0,2.0,North Charleschester,CO,Lebanon,3.0,1,Low
28,Male,Master's,Divorced,39050.0,636.0,5316.0,Home,Self-employed,18,Poor,0.4202,183824.0,3.0,North Deborah,LA,Cuba,3.0,0,Low
34,Female,Bachelor's,Widowed,60751.0,615.0,22186.0,Home,Employed,5,Fair,0.1943,134406.0,3.0,Michaelberg,MA,Malta,2.0,2,Low
62,Male,PhD,Divorced,61394.0,753.0,41949.0,Auto,Unemployed,15,Excellent,0.5953,123158.0,3.0,East Jason,HI,South Georgia and the South Sandwich Islands,3.0,2,Low
22,Female,High School,Divorced,117125.0,755.0,49088.0,Business,Self-employed,5,Excellent,0.5736,292327.0,1.0,Laurenberg,AR,Afghanistan,0.0,2,High
58,Non-binary,Master's,Single,56201.0,655.0,30465.0,Home,Employed,0,Good,0.2358,194493.0,4.0,Hernandezton,KY,Nicaragua,4.0,2,Medium
28,Non-binary,High School,Married,50267.0,736.0,47386.0,Business,Self-employed,5,Excellent,0.1299,164533.0,4.0,Heathfurt,IA,Cote d'Ivoire,2.0,1,Medium
69,Male,High School,Single,87957.0,609.0,6412.0,Personal,Self-employed,0,Fair,0.3483,158832.0,4.0,Tammybury,NE,New Caledonia,4.0,0,Low
25,Female,High School,Widowed,107211.0,757.0,13448.0,Business,Employed,3,Good,0.4933,146491.0,4.0,Loriberg,ME,Hungary,4.0,1,Low
66,Female,PhD,Divorced,66281.0,631.0,31098.0,Auto,Unemployed,12,Poor,0.3301,221213.0,2.0,Port Ashleystad,MT,Eritrea,0.0,2,Low
43,Male,Master's,Divorced,111861.0,704.0,11025.0,Auto,Self-employed,4,Poor,0.4922,239435.0,3.0,Gregville,OH,Tanzania,0.0,0,Medium
38,Female,Bachelor's,Widowed,32685.0,638.0,18065.0,Personal,Self-employed,1,Poor,0.4792,133403.0,0.0,Patelhaven,MI,Tajikistan,2.0,1,Low
30,Non-binary,Master's,Single,85046.0,754.0,45423.0,Home,Employed,6,Fair,0.5231,200582.0,3.0,Hendersonborough,TN,Mayotte,1.0,1,Medium
21,Male,High School,Widowed,102948.0,689.0,29618.0,Personal,Unemployed,5,Good,0.4189,236414.0,4.0,Baileymouth,AK,Gabon,3.0,0,Low
37,Non-binary,Bachelor's,Single,71268.0,757.0,10891.0,Home,Employed,16,Good,0.4003,197411.0,4.0,Port Barbarahaven,TX,Fiji,4.0,2,Medium
34,Female,High School,Married,55546.0,750.0,7624.0,Personal,Self-employed,18,Excellent,0.358,47041.0,2.0,New Riley,MI,Albania,0.0,1,Low
33,Male,Master's,Married,71560.0,617.0,24004.0,Business,Unemployed,8,Good,0.2009,68440.0,2.0,New Cassandra,MH,Haiti,3.0,1,High
38,Female,Master's,Single,73219.0,620.0,39092.0,Business,Employed,10,Poor,0.5076,69709.0,0.0,Staffordshire,GU,French Polynesia,1.0,1,Medium
47,Female,Bachelor's,Widowed,43545.0,653.0,6955.0,Home,Employed,15,Excellent,0.5952,255048.0,1.0,West Christopher,UT,Senegal,1.0,0,High
26,Female,PhD,Divorced,105683.0,726.0,12375.0,Business,Unemployed,19,Excellent,0.3377,206386.0,1.0,West Frankfort,CO,Thailand,3.0,1,Low
19,Non-binary,Bachelor's,Widowed,87115.0,648.0,48925.0,Auto,Employed,4,Good,0.4284,84501.0,1.0,North Robert,NC,Bosnia and Herzegovina,1.0,0,Low
27,Male,High School,Married,109096.0,621.0,40446.0,Auto,Employed,18,Poor,0.2082,104485.0,0.0,Teresahaven,LA,Suriname,3.0,1,Medium
30,Non-binary,Master's,Married,106545.0,779.0,14862.0,Personal,Employed,2,Good,0.3728,236604.0,2.0,West Anthonyview,NM,Bulgaria,4.0,2,Low
54,Female,High School,Divorced,55169.0,766.0,47949.0,Personal,Employed,11,Good,0.1359,232975.0,4.0,Cherrychester,GU,Australia,0.0,0,High
41,Non-binary,Bachelor's,Divorced,76880.0,766.0,17134.0,Business,Employed,9,Good,0.3418,151138.0,0.0,East Chad,ID,Moldova,4.0,0,Low
53,Male,Bachelor's,Divorced,118410.0,713.0,5387.0,Personal,Employed,11,Excellent,0.2695,200843.0,0.0,Brownbury,AK,Paraguay,1.0,2,Low
68,Female,Master's,Single,80477.0,630.0,17459.0,Personal,Unemployed,6,Good,0.3767,249023.0,2.0,Wrightbury,NE,Lebanon,0.0,2,Medium
35,Female,PhD,Widowed,68505.0,698.0,41469.0,Business,Employed,9,Fair,0.4308,218693.0,4.0,Hernandezport,MI,Mauritania,1.0,2,Medium
31,Non-binary,Master's,Widowed,85126.0,758.0,47582.0,Business,Self-employed,0,Fair,0.1119,139127.0,3.0,New Tara,UT,Monaco,3.0,1,Low
39,Non-binary,Master's,Single,69954.0,737.0,45417.0,Business,Unemployed,2,Good,0.2422,140211.0,2.0,Phillipsville,DC,United States Virgin Islands,1.0,1,High
38,Male,Bachelor's,Widowed,106743.0,776.0,13904.0,Home,Employed,15,Poor,0.1812,223465.0,0.0,Erinburgh,LA,Anguilla,2.0,1,Low
58,Male,Bachelor's,Married,20111.0,617.0,47649.0,Auto,Self-employed,9,Fair,0.5984,82631.0,4.0,Matthewville,CA,Aruba,3.0,0,Low
57,Female,Bachelor's,Divorced,37667.0,667.0,6168.0,Home,Unemployed,15,Excellent,0.4618,258584.0,3.0,Hughesland,ND,United States of America,1.0,0,Low
47,Non-binary,PhD,Widowed,106379.0,643.0,13058.0,Business,Employed,3,Good,0.4466,281921.0,1.0,Nicholasville,IL,Croatia,0.0,1,Low
55,Male,Master's,Single,83537.0,794.0,49471.0,Auto,Self-employed,3,Excellent,0.4572,189491.0,1.0,West Krista,CO,Jordan,3.0,1,Medium
69,Male,Master's,Divorced,103790.0,606.0,7569.0,Personal,Unemployed,7,Poor,0.4457,167752.0,0.0,Christieberg,AK,Gabon,2.0,2,Medium
20,Non-binary,PhD,Divorced,58886.0,634.0,29467.0,Business,Self-employed,9,Excellent,0.419,237500.0,2.0,Howardmouth,DE,Austria,1.0,1,Low
38,Non-binary,PhD,Widowed,116134.0,673.0,38012.0,Business,Unemployed,1,Fair,0.3175,163283.0,4.0,Hesschester,NE,Tajikistan,0.0,1,Medium
55,Non-binary,PhD,Married,85428.0,686.0,46494.0,Auto,Employed,11,Excellent,0.5339,289350.0,0.0,New Kevin,ND,Barbados,0.0,2,Low
58,Non-binary,High School,Divorced,79263.0,663.0,35453.0,Home,Self-employed,13,Good,0.3078,184397.0,1.0,Wesleyberg,MS,Saint Kitts and Nevis,4.0,2,Low
37,Male,Master's,Divorced,102627.0,726.0,5742.0,Home,Self-employed,19,Excellent,0.2434,127341.0,0.0,Lake Christophermouth,AS,South Africa,0.0,1,Low
44,Female,Master's,Widowed,20020.0,755.0,25931.0,Home,Unemployed,13,Good,0.1185,220578.0,3.0,Lopezborough,AS,Latvia,3.0,2,Low
36,Male,Master's,Married,60376.0,717.0,46259.0,Home,Employed,14,Poor,0.1243,171529.0,3.0,Berryburgh,PR,New Zealand,2.0,2,Medium
45,Non-binary,PhD,Married,62680.0,602.0,27567.0,Personal,Self-employed,17,Excellent,0.1055,167936.0,2.0,South William,IN,Solomon Islands,3.0,2,Medium
51,Female,Master's,Divorced,118376.0,655.0,37116.0,Business,Self-employed,14,Excellent,0.493,30255.0,4.0,Lake Matthewmouth,NY,Maldives,3.0,1,Low
49,Female,High School,Divorced,85296.0,763.0,46321.0,Auto,Unemployed,18,Poor,0.4252,159893.0,3.0,Farmerton,PR,Lao People's Democratic Republic,0.0,0,Low
64,Male,PhD,Widowed,80887.0,621.0,42590.0,Auto,Self-employed,16,Fair,0.1629,124775.0,0.0,Lake Lauren,RI,Faroe Islands,2.0,1,High
61,Male,PhD,Married,27983.0,618.0,14960.0,Auto,Employed,15,Good,0.5986,98494.0,4.0,Veronicafurt,OR,Grenada,2.0,1,Medium
60,Female,High School,Divorced,110568.0,677.0,38622.0,Home,Unemployed,7,Good,0.1023,193024.0,4.0,Port Deborahton,AR,Bouvet Island (Bouvetoya),0.0,1,Medium
47,Non-binary,PhD,Single,41383.0,716.0,24634.0,Home,Self-employed,4,Good,0.3956,261407.0,0.0,Lake Diana,LA,Botswana,3.0,1,Low
51,Female,Master's,Divorced,95756.0,779.0,5418.0,Personal,Unemployed,14,Fair,0.1048,231321.0,1.0,Port Jennifer,TX,Christmas Island,2.0,0,Low
31,Female,Master's,Single,102895.0,626.0,12628.0,Personal,Unemployed,6,Excellent,0.1175,138061.0,0.0,Kennethberg,UT,Saint Kitts and Nevis,1.0,0,Medium
66,Non-binary,Master's,Married,42796.0,643.0,45372.0,Home,Unemployed,8,Poor,0.3985,106770.0,2.0,West Aprilbury,RI,Svalbard & Jan Mayen Islands,0.0,2,Low
43,Male,Master's,Divorced,43908.0,663.0,7342.0,Auto,Unemployed,15,Excellent,0.2015,129290.0,1.0,Rodriguezchester,AL,Pitcairn Islands,3.0,1,Low
39,Female,PhD,Divorced,99781.0,605.0,13283.0,Business,Employed,1,Poor,0.2682,49282.0,2.0,Newtonchester,SC,Mauritius,4.0,0,Low
28,Male,High School,Married,113278.0,708.0,17209.0,Auto,Unemployed,7,Good,0.4375,232664.0,2.0,Sandramouth,DC,Heard Island and McDonald Islands,0.0,0,Medium
49,Male,PhD,Divorced,35015.0,610.0,30112.0,Personal,Employed,8,Poor,0.5566,176368.0,2.0,Lake Jamesside,NM,Suriname,4.0,1,Low
65,Female,PhD,Married,41078.0,693.0,22054.0,Auto,Employed,3,Fair,0.5135,268179.0,0.0,Kennedyfurt,NY,United Kingdom,1.0,2,Low
60,Male,High School,Widowed,84372.0,781.0,40873.0,Personal,Unemployed,17,Excellent,0.588,20594.0,3.0,North Glenton,MO,Tajikistan,3.0,1,Medium
63,Male,Master's,Single,63426.0,607.0,41194.0,Auto,Self-employed,18,Poor,0.2376,127986.0,4.0,Michaelview,FL,Cyprus,0.0,1,Medium
33,Female,PhD,Married,74104.0,679.0,34852.0,Auto,Employed,3,Good,0.366,99815.0,1.0,North Brittany,FM,Uganda,0.0,0,Medium
41,Female,Bachelor's,Single,23526.0,668.0,44164.0,Business,Unemployed,16,Poor,0.5076,104242.0,3.0,Wellsland,GA,Portugal,3.0,2,Low
19,Non-binary,Master's,Married,39215.0,791.0,48064.0,Personal,Employed,2,Fair,0.153,22330.0,3.0,Powellmouth,OK,Cayman Islands,0.0,1,Low
49,Non-binary,Master's,Widowed,96521.0,685.0,35748.0,Personal,Employed,3,Excellent,0.5186,251390.0,3.0,Dariusfurt,NC,Brunei Darussalam,3.0,2,Low
23,Non-binary,High School,Divorced,101451.0,697.0,12183.0,Auto,Self-employed,4,Good,0.4053,180520.0,0.0,Josephview,UT,Somalia,0.0,2,Medium
65,Male,PhD,Divorced,67719.0,773.0,5977.0,Business,Employed,11,Fair,0.2533,131562.0,1.0,East Larrychester,MH,Bolivia,2.0,0,Low
33,Non-binary,High School,Single,96830.0,651.0,44342.0,Personal,Self-employed,13,Good,0.3609,249934.0,2.0,Tylerstad,NY,Solomon Islands,2.0,2,Low
64,Female,PhD,Married,44104.0,777.0,27478.0,Auto,Self-employed,11,Excellent,0.2305,245991.0,3.0,Christopherville,AL,Togo,1.0,2,High
61,Male,High School,Divorced,50869.0,780.0,29214.0,Home,Employed,9,Fair,0.1438,59883.0,3.0,Jonesborough,MO,Niue,3.0,1,Medium
26,Female,High School,Married,37421.0,608.0,42860.0,Business,Employed,15,Fair,0.1107,38803.0,2.0,Matthewfort,CA,Angola,0.0,1,Medium
28,Female,Master's,Divorced,47608.0,687.0,11553.0,Home,Unemployed,11,Excellent,0.1618,43377.0,0.0,Brewerbury,AR,Mali,0.0,0,Medium
69,Female,PhD,Divorced,56317.0,799.0,8907.0,Personal,Unemployed,11,Good,0.4401,186194.0,2.0,East Brendaville,MO,Yemen,4.0,2,Low
66,Non-binary,High School,Widowed,80361.0,738.0,39262.0,Home,Self-employed,12,Excellent,0.3946,49342.0,1.0,Floresland,WY,Wallis and Futuna,4.0,0,High
60,Non-binary,Master's,Married,100399.0,757.0,5017.0,Personal,Unemployed,3,Good,0.283,45250.0,3.0,North Luis,OH,Zimbabwe,1.0,0,Low
68,Male,Bachelor's,Married,57165.0,642.0,8590.0,Personal,Employed,6,Poor,0.1249,172425.0,3.0,Lopezville,CO,Georgia,0.0,1,High
43,Male,Bachelor's,Widowed,107409.0,775.0,23803.0,Business,Employed,11,Excellent,0.3914,238514.0,4.0,West Jimmyborough,VT,Indonesia,2.0,1,Low
54,Female,Master's,Single,92008.0,778.0,48190.0,Home,Unemployed,11,Poor,0.5805,221743.0,3.0,East Dawnshire,PA,Monaco,2.0,2,Low
48,Male,Master's,Single,40270.0,603.0,29527.0,Auto,Self-employed,16,Excellent,0.4585,272617.0,4.0,Migueltown,VT,United States Minor Outlying Islands,4.0,0,Low
27,Male,High School,Widowed,114325.0,612.0,17370.0,Auto,Self-employed,9,Fair,0.1015,297543.0,3.0,New Amber,MS,Armenia,2.0,0,Medium
65,Non-binary,High School,Single,46835.0,709.0,6939.0,Personal,Unemployed,15,Excellent,0.5839,23502.0,0.0,Ebonyview,CO,Haiti,2.0,1,Low
65,Non-binary,Master's,Widowed,87719.0,753.0,6892.0,Auto,Employed,0,Fair,0.2118,285071.0,2.0,Danielleberg,KY,Pitcairn Islands,2.0,1,High
67,Female,Master's,Widowed,109937.0,673.0,8204.0,Business,Self-employed,4,Fair,0.576,92562.0,2.0,Gutierrezville,MA,Costa Rica,1.0,0,Medium
20,Female,Master's,Widowed,108627.0,777.0,28457.0,Auto,Self-employed,8,Good,0.2529,34990.0,0.0,Emilyberg,DC,Sri Lanka,4.0,1,Medium
58,Non-binary,PhD,Divorced,71661.0,602.0,37393.0,Home,Unemployed,12,Excellent,0.3625,211082.0,4.0,Lake Kurt,SC,Morocco,4.0,0,Medium
27,Male,Master's,Divorced,89939.0,721.0,19659.0,Personal,Employed,14,Good,0.38,158764.0,1.0,Port Kimberlyburgh,DC,Falkland Islands (Malvinas),2.0,0,Low
61,Non-binary,Master's,Divorced,75186.0,770.0,36063.0,Auto,Unemployed,3,Poor,0.4751,85272.0,4.0,Lake Andrew,NC,Madagascar,2.0,1,Medium
56,Non-binary,Master's,Widowed,53124.0,626.0,14733.0,Business,Self-employed,1,Fair,0.4541,287931.0,1.0,Lake Danielle,NY,Senegal,0.0,2,Medium
22,Non-binary,Master's,Divorced,54421.0,720.0,17870.0,Home,Self-employed,5,Good,0.2061,281381.0,0.0,Josephborough,MD,Latvia,2.0,1,Low
29,Non-binary,Bachelor's,Married,77103.0,748.0,42462.0,Home,Unemployed,11,Fair,0.5917,133521.0,3.0,Wolfeberg,TN,Norfolk Island,1.0,0,Low
47,Male,High School,Divorced,54889.0,752.0,27313.0,Personal,Self-employed,16,Poor,0.5214,69899.0,3.0,New Natashaberg,MI,Trinidad and Tobago,0.0,0,Medium
19,Male,Master's,Married,25620.0,685.0,41211.0,Auto,Employed,9,Fair,0.4653,59459.0,2.0,West Wayne,VI,Bahamas,3.0,0,Low
21,Non-binary,PhD,Widowed,39405.0,722.0,37964.0,Auto,Self-employed,14,Excellent,0.3858,93964.0,3.0,Lake Randytown,VA,Christmas Island,1.0,1,Low
64,Non-binary,Master's,Single,76915.0,766.0,32739.0,Home,Employed,8,Excellent,0.2565,286498.0,0.0,Livingstonton,NV,Ghana,0.0,1,Medium
46,Male,PhD,Married,90886.0,604.0,40507.0,Home,Unemployed,15,Poor,0.1912,43156.0,2.0,Laurabury,MP,Congo,0.0,0,Low
64,Non-binary,Bachelor's,Divorced,94525.0,650.0,20138.0,Auto,Unemployed,14,Fair,0.4923,55796.0,1.0,South Erica,MI,Dominica,2.0,0,Medium
44,Female,Master's,Widowed,20045.0,723.0,11098.0,Home,Employed,18,Poor,0.3824,178415.0,2.0,Lake Michelle,GA,Sao Tome and Principe,0.0,2,Low
29,Female,High School,Married,106717.0,628.0,9910.0,Home,Self-employed,6,Fair,0.5969,241197.0,1.0,Tracymouth,VA,Russian Federation,1.0,2,Low
66,Female,Bachelor's,Widowed,118893.0,744.0,29918.0,Personal,Unemployed,4,Poor,0.1819,90229.0,3.0,South Georgefort,VI,Kyrgyz Republic,3.0,0,Medium
38,Male,Bachelor's,Married,113699.0,721.0,32170.0,Home,Self-employed,18,Good,0.2386,264662.0,3.0,North Jeanetteburgh,NH,Burundi,4.0,2,Low
68,Female,Master's,Divorced,37600.0,610.0,12597.0,Auto,Unemployed,2,Poor,0.1481,149874.0,4.0,Brownhaven,NV,Central African Republic,1.0,1,Low
29,Female,Bachelor's,Widowed,74182.0,634.0,6026.0,Personal,Self-employed,12,Good,0.1679,174985.0,2.0,West Pamelaland,SC,Vanuatu,2.0,1,Low
27,Male,High School,Divorced,103345.0,747.0,49376.0,Home,Self-employed,15,Poor,0.4443,147553.0,2.0,East Katie,MS,North Macedonia,0.0,2,Low
68,Female,Master's,Divorced,29388.0,741.0,26114.0,Business,Employed,6,Good,0.3191,97695.0,4.0,Shannonberg,LA,French Guiana,2.0,2,Low
43,Non-binary,PhD,Widowed,61168.0,603.0,7567.0,Home,Unemployed,18,Good,0.4953,297700.0,2.0,Everettberg,OR,Tunisia,4.0,2,Medium
42,Female,PhD,Widowed,41159.0,665.0,18869.0,Business,Self-employed,15,Poor,0.3122,212796.0,0.0,Lake Jeffrey,NV,Bosnia and Herzegovina,3.0,1,Low
52,Female,PhD,Divorced,114547.0,738.0,23523.0,Auto,Unemployed,6,Good,0.1531,103944.0,3.0,Langhaven,NE,Morocco,0.0,1,Medium
38,Female,Master's,Divorced,90585.0,773.0,22286.0,Business,Unemployed,12,Fair,0.2945,295705.0,1.0,Danielsfurt,OR,Pakistan,4.0,2,Low
58,Male,Master's,Divorced,71315.0,629.0,48457.0,Personal,Employed,15,Fair,0.5916,65186.0,4.0,Lambborough,OH,Vietnam,2.0,0,Medium
53,Female,PhD,Widowed,50615.0,757.0,37991.0,Business,Unemployed,11,Poor,0.3239,77349.0,1.0,North Brandon,SC,Yemen,2.0,2,Medium
68,Male,Master's,Divorced,80721.0,605.0,11014.0,Auto,Employed,0,Poor,0.5747,261096.0,3.0,New Tracy,FL,Chad,1.0,0,Low
56,Male,Bachelor's,Divorced,62995.0,662.0,25234.0,Auto,Employed,0,Poor,0.2648,265796.0,2.0,East Pamelaberg,VT,Cote d'Ivoire,3.0,1,Medium
59,Female,Bachelor's,Married,66652.0,754.0,36582.0,Business,Unemployed,17,Fair,0.5981,228697.0,4.0,Pamelaton,NV,Italy,3.0,0,Medium
52,Male,Bachelor's,Widowed,69264.0,746.0,25511.0,Business,Employed,19,Fair,0.3893,76682.0,3.0,South Andrew,PR,Saint Helena,0.0,1,Low
45,Female,Master's,Widowed,108367.0,654.0,18602.0,Personal,Self-employed,16,Fair,0.3578,184998.0,0.0,Duncantown,NH,Czech Republic,3.0,2,Low
41,Female,PhD,Widowed,30826.0,618.0,33539.0,Auto,Self-employed,19,Fair,0.2181,162676.0,0.0,Paulborough,RI,Cape Verde,4.0,1,Low
33,Non-binary,High School,Widowed,70089.0,698.0,6062.0,Business,Unemployed,9,Excellent,0.457,293384.0,0.0,North Ashleytown,HI,Andorra,1.0,1,Low
65,Female,Bachelor's,Widowed,68447.0,798.0,48633.0,Business,Self-employed,9,Excellent,0.1161,104953.0,4.0,Jacksonburgh,CA,Egypt,4.0,1,Low
37,Non-binary,Bachelor's,Single,59265.0,605.0,43996.0,Home,Self-employed,16,Excellent,0.244,260543.0,0.0,Port Madisonbury,OK,Cote d'Ivoire,0.0,0,Low
55,Male,PhD,Married,36119.0,723.0,22889.0,Auto,Employed,7,Fair,0.5356,278429.0,3.0,Morganton,TX,Guam,0.0,0,Low
54,Non-binary,High School,Widowed,52210.0,726.0,19022.0,Business,Self-employed,6,Excellent,0.3285,176361.0,3.0,West Kelly,MH,Angola,3.0,1,Low
23,Female,PhD,Divorced,111217.0,759.0,13714.0,Business,Self-employed,10,Good,0.5345,286578.0,2.0,North Kyle,PR,Lebanon,3.0,2,Medium
25,Male,PhD,Married,44082.0,650.0,24923.0,Personal,Employed,3,Excellent,0.4705,184797.0,3.0,Choiview,MI,Austria,0.0,1,Medium
41,Male,High School,Single,75619.0,624.0,37158.0,Auto,Self-employed,5,Fair,0.3639,160349.0,2.0,Kathleenchester,AR,Gabon,2.0,2,Low
21,Non-binary,Master's,Divorced,33679.0,648.0,43937.0,Auto,Self-employed,16,Good,0.4503,285427.0,3.0,Michaelchester,MP,Antarctica (the territory South of 60 deg S),2.0,1,Low
46,Male,PhD,Married,70924.0,697.0,35961.0,Business,Employed,11,Good,0.2023,207368.0,3.0,Lake Keithhaven,KS,Togo,2.0,2,Low
56,Female,High School,Married,24286.0,763.0,27211.0,Auto,Self-employed,17,Good,0.5035,294656.0,2.0,Roybury,IA,India,4.0,0,High
42,Male,PhD,Married,47383.0,740.0,36554.0,Business,Unemployed,5,Fair,0.1437,169980.0,1.0,North Davidmouth,AL,Gibraltar,4.0,2,Low
29,Non-binary,Bachelor's,Widowed,33335.0,787.0,13389.0,Business,Employed,12,Fair,0.3623,64305.0,3.0,Scotttown,OK,Estonia,1.0,2,Low
20,Female,Bachelor's,Widowed,34974.0,756.0,19460.0,Business,Employed,18,Poor,0.5703,272405.0,1.0,New Allison,ID,Holy See (Vatican City State),2.0,2,Low
20,Female,Bachelor's,Widowed,84501.0,663.0,13207.0,Home,Unemployed,19,Poor,0.3222,289268.0,4.0,East Samuel,CT,Gabon,4.0,0,Medium
61,Female,Master's,Widowed,119926.0,756.0,33645.0,Auto,Self-employed,7,Fair,0.1348,138638.0,2.0,Camachohaven,AS,French Guiana,1.0,1,Low
26,Non-binary,High School,Married,65900.0,629.0,37359.0,Auto,Employed,14,Fair,0.5432,155738.0,3.0,North Brianton,NH,Cameroon,4.0,1,Low
47,Male,Bachelor's,Divorced,41500.0,603.0,9955.0,Home,Self-employed,10,Poor,0.4455,196954.0,0.0,South Chrisland,MD,Isle of Man,4.0,0,High
41,Male,PhD,Widowed,93511.0,762.0,10116.0,Home,Self-employed,4,Excellent,0.1732,64649.0,4.0,East Sarahmouth,GA,Paraguay,0.0,2,Low
35,Female,PhD,Married,75833.0,763.0,43885.0,Business,Employed,16,Good,0.4508,103959.0,4.0,North Lisa,GU,British Virgin Islands,4.0,1,Medium
42,Non-binary,Bachelor's,Widowed,99483.0,698.0,25466.0,Personal,Self-employed,10,Poor,0.5491,222934.0,4.0,Lake Julie,OK,Latvia,0.0,0,Low
69,Non-binary,Bachelor's,Single,118873.0,696.0,12245.0,Business,Employed,13,Poor,0.2021,191780.0,2.0,East Robert,AK,Marshall Islands,0.0,1,Medium
39,Female,Master's,Married,99741.0,782.0,48359.0,Personal,Unemployed,12,Excellent,0.2473,149562.0,4.0,Lake John,GU,Vietnam,4.0,0,Low
59,Female,Master's,Married,76437.0,617.0,26387.0,Personal,Self-employed,0,Good,0.4826,289127.0,3.0,North Ryan,WV,Russian Federation,4.0,1,Low
39,Female,Master's,Married,32578.0,721.0,11119.0,Auto,Employed,5,Good,0.3491,270485.0,0.0,Jessicafurt,MN,Namibia,4.0,0,Low
63,Male,Bachelor's,Married,56244.0,653.0,26836.0,Personal,Employed,11,Fair,0.2645,182928.0,3.0,Lake Stephaniemouth,NY,British Indian Ocean Territory (Chagos Archipelago),1.0,2,Low
56,Female,PhD,Divorced,114208.0,628.0,7116.0,Personal,Self-employed,19,Excellent,0.2797,128950.0,3.0,Deborahshire,ID,Cayman Islands,0.0,0,Low
24,Female,PhD,Single,95422.0,687.0,37207.0,Personal,Self-employed,7,Poor,0.1487,134310.0,4.0,Higginsbury,OR,Aruba,1.0,2,Low
56,Male,PhD,Widowed,30306.0,776.0,38756.0,Business,Unemployed,7,Fair,0.3995,186216.0,2.0,Laurentown,VT,Uzbekistan,4.0,2,Low
22,Female,High School,Single,107798.0,662.0,30814.0,Auto,Self-employed,13,Good,0.5477,258188.0,4.0,New Lisamouth,PR,Isle of Man,0.0,1,High
34,Female,High School,Widowed,47219.0,603.0,15842.0,Business,Self-employed,14,Fair,0.4588,53209.0,4.0,North Jayborough,NC,Estonia,1.0,1,Low
67,Non-binary,PhD,Single,63408.0,793.0,11384.0,Personal,Self-employed,11,Good,0.1696,217735.0,3.0,Port Kristen,OK,Northern Mariana Islands,4.0,1,Medium
44,Female,PhD,Married,65206.0,743.0,32734.0,Home,Self-employed,18,Good,0.5291,94918.0,3.0,Morseborough,AL,Sudan,2.0,0,Low
45,Male,Master's,Married,30662.0,658.0,25509.0,Home,Unemployed,2,Poor,0.13,279438.0,4.0,North Brandonbury,IN,Svalbard & Jan Mayen Islands,4.0,2,Low
19,Male,PhD,Widowed,67582.0,754.0,26999.0,Auto,Employed,8,Fair,0.299,33904.0,1.0,New Josephborough,GA,New Zealand,4.0,1,Medium
66,Non-binary,Master's,Divorced,28198.0,781.0,26857.0,Auto,Unemployed,0,Excellent,0.46,80228.0,2.0,Melissaville,WY,Bermuda,1.0,1,Low
59,Female,PhD,Married,48106.0,664.0,33387.0,Auto,Employed,9,Excellent,0.287,161732.0,2.0,West Jordanfurt,MD,Liechtenstein,4.0,1,Low
31,Female,PhD,Widowed,115273.0,616.0,21255.0,Auto,Unemployed,10,Excellent,0.2061,132944.0,2.0,Port Mary,MD,Latvia,3.0,0,Low
30,Male,Bachelor's,Single,37696.0,725.0,9383.0,Business,Unemployed,13,Good,0.4891,276180.0,3.0,Davidland,ME,Switzerland,4.0,2,Medium
35,Non-binary,High School,Married,79615.0,614.0,27870.0,Business,Unemployed,9,Excellent,0.5204,209954.0,4.0,East Stephaniehaven,NY,Libyan Arab Jamahiriya,3.0,2,Low
47,Non-binary,Bachelor's,Widowed,113542.0,677.0,21205.0,Home,Unemployed,18,Fair,0.1702,135376.0,4.0,Walkerburgh,NM,Cameroon,2.0,0,Low
62,Male,Master's,Single,32128.0,750.0,6506.0,Business,Self-employed,7,Good,0.4089,42649.0,0.0,West Kayla,HI,Cook Islands,1.0,1,Medium
68,Female,PhD,Married,89484.0,626.0,43381.0,Auto,Self-employed,11,Fair,0.1822,268459.0,3.0,Martinshire,PW,Malawi,1.0,0,Medium
60,Male,Master's,Married,79035.0,777.0,44027.0,Business,Self-employed,18,Poor,0.131,21354.0,2.0,North Shawnshire,MI,New Caledonia,2.0,2,Medium
44,Non-binary,High School,Divorced,51174.0,653.0,26596.0,Home,Unemployed,15,Excellent,0.3746,98975.0,1.0,South Derekport,NJ,Ukraine,2.0,0,Low
51,Non-binary,Bachelor's,Widowed,86777.0,608.0,7900.0,Business,Unemployed,6,Fair,0.5383,167770.0,3.0,Karinafort,MH,Croatia,1.0,2,Low
36,Male,PhD,Married,57077.0,710.0,17268.0,Personal,Unemployed,7,Excellent,0.3142,146894.0,0.0,Rodriguezmouth,OK,Cote d'Ivoire,4.0,1,Low
48,Non-binary,PhD,Married,119159.0,755.0,13555.0,Personal,Self-employed,9,Excellent,0.5998,219090.0,4.0,Fullerport,WI,Oman,1.0,2,Low
51,Male,Master's,Widowed,57669.0,645.0,29353.0,Home,Employed,0,Poor,0.4884,200632.0,0.0,Edwardborough,ID,Greece,2.0,2,High
42,Male,PhD,Single,83229.0,719.0,40663.0,Home,Employed,18,Poor,0.5376,240948.0,1.0,Briannafort,IA,Venezuela,4.0,2,Medium
65,Female,Master's,Divorced,24474.0,774.0,13059.0,Home,Employed,4,Fair,0.141,123021.0,1.0,East Belinda,NJ,Dominican Republic,2.0,0,Low
48,Female,Bachelor's,Widowed,94504.0,628.0,49691.0,Personal,Employed,2,Good,0.4688,184797.0,3.0,New Davidtown,MH,Northern Mariana Islands,0.0,0,Low
61,Female,High School,Married,35628.0,661.0,5263.0,Home,Self-employed,15,Good,0.2424,65744.0,0.0,New Jillhaven,SD,South Africa,4.0,1,Medium
50,Male,PhD,Divorced,52001.0,671.0,18181.0,Home,Self-employed,16,Excellent,0.3172,126419.0,2.0,Jillianside,AK,France,4.0,2,Medium
22,Female,PhD,Divorced,38405.0,642.0,30207.0,Home,Self-employed,19,Good,0.3877,190342.0,2.0,Alexandramouth,KS,Swaziland,1.0,1,Medium
56,Female,High School,Single,20610.0,631.0,35908.0,Auto,Unemployed,10,Poor,0.3412,164850.0,0.0,North Aprilburgh,WA,Slovakia (Slovak Republic),4.0,0,Low
37,Female,High School,Married,63839.0,631.0,12188.0,Home,Employed,17,Excellent,0.1571,296718.0,4.0,South Melissaberg,FL,Bosnia and Herzegovina,4.0,0,Low
61,Male,PhD,Divorced,71033.0,775.0,40828.0,Business,Employed,15,Poor,0.5124,198873.0,2.0,New Lindsey,MN,Saint Lucia,3.0,2,Low
46,Male,Master's,Divorced,22024.0,780.0,12603.0,Personal,Employed,3,Fair,0.4011,293556.0,1.0,Christopherburgh,SC,Faroe Islands,3.0,1,Low
50,Female,Master's,Married,55732.0,664.0,18926.0,Home,Unemployed,7,Good,0.2294,26010.0,3.0,North Jacobfurt,AR,Marshall Islands,4.0,0,Low
40,Male,PhD,Single,28629.0,626.0,23140.0,Personal,Unemployed,9,Excellent,0.2177,205222.0,0.0,Fergusonshire,PA,Guinea-Bissau,1.0,2,High
35,Female,Bachelor's,Widowed,24329.0,687.0,44855.0,Personal,Unemployed,12,Excellent,0.2737,233629.0,2.0,Rebeccamouth,RI,North Macedonia,1.0,1,Low
21,Non-binary,High School,Married,119742.0,792.0,28802.0,Auto,Self-employed,16,Poor,0.5423,235577.0,0.0,Longport,FM,Uganda,2.0,2,Low
48,Female,PhD,Divorced,82496.0,789.0,5293.0,Business,Self-employed,8,Fair,0.1613,259758.0,0.0,New Shawn,NH,Malta,3.0,0,Medium
35,Female,Master's,Divorced,70298.0,724.0,33492.0,Personal,Self-employed,2,Poor,0.2214,165042.0,0.0,South Jeffreyburgh,ME,Macao,4.0,0,Low
27,Female,Bachelor's,Widowed,65924.0,678.0,21272.0,Auto,Unemployed,4,Poor,0.2352,120559.0,2.0,Isaiahview,AK,Mozambique,1.0,1,Low
22,Non-binary,High School,Divorced,111043.0,729.0,13551.0,Home,Self-employed,7,Good,0.3007,122292.0,1.0,Hicksfurt,FM,Fiji,0.0,2,Low
50,Non-binary,PhD,Divorced,106623.0,615.0,10475.0,Business,Employed,19,Fair,0.473,124540.0,3.0,East Christopherside,AS,United Kingdom,1.0,0,Low
26,Non-binary,Master's,Single,33383.0,612.0,45221.0,Personal,Self-employed,12,Poor,0.1265,34436.0,2.0,Hunterburgh,GU,Wallis and Futuna,1.0,2,Medium
38,Male,High School,Single,93844.0,672.0,30316.0,Business,Self-employed,17,Excellent,0.4705,205304.0,4.0,Michaelfurt,OK,Botswana,0.0,1,Low
29,Female,Bachelor's,Single,38830.0,731.0,17412.0,Auto,Employed,2,Fair,0.4651,284207.0,4.0,Christopherchester,GA,Seychelles,1.0,1,Low
38,Male,PhD,Single,114176.0,620.0,16531.0,Personal,Employed,19,Fair,0.4952,151190.0,0.0,West Davidburgh,WI,Iran,3.0,2,Low
23,Male,High School,Divorced,73832.0,609.0,30850.0,Home,Employed,12,Excellent,0.5539,64542.0,1.0,Williamsside,AR,Zambia,3.0,0,Low
36,Non-binary,High School,Single,63874.0,769.0,38462.0,Auto,Unemployed,9,Good,0.3297,278313.0,2.0,Davisville,MI,Guatemala,0.0,1,Low
24,Female,PhD,Single,28951.0,771.0,31084.0,Auto,Self-employed,9,Fair,0.5517,228984.0,0.0,Williamport,AZ,Saudi Arabia,4.0,0,Low
39,Male,Bachelor's,Divorced,60849.0,613.0,27091.0,Auto,Unemployed,5,Good,0.1339,174774.0,1.0,Parkerfurt,KS,Eritrea,0.0,1,Medium
34,Male,Bachelor's,Widowed,43398.0,747.0,46646.0,Business,Employed,4,Excellent,0.5969,210408.0,0.0,Lake Ricardoview,RI,Montenegro,2.0,1,Low
22,Non-binary,Bachelor's,Divorced,93932.0,726.0,30479.0,Personal,Employed,15,Good,0.4332,244979.0,0.0,East Robert,FM,Tanzania,3.0,2,Medium
27,Non-binary,Bachelor's,Single,20079.0,742.0,7192.0,Business,Unemployed,15,Poor,0.5486,95301.0,1.0,Randallshire,MO,Timor-Leste,3.0,1,Low
47,Female,PhD,Single,29770.0,611.0,6125.0,Home,Employed,4,Fair,0.4235,259770.0,1.0,Jessicaberg,AZ,Chad,0.0,1,Low
55,Male,Bachelor's,Married,44240.0,754.0,48704.0,Home,Self-employed,7,Excellent,0.249,273203.0,3.0,New Briannaville,VT,Lithuania,0.0,0,Low
35,Female,PhD,Married,109218.0,699.0,24035.0,Home,Unemployed,14,Excellent,0.174,225843.0,3.0,Martinezmouth,NE,Netherlands,0.0,2,Medium
65,Female,Master's,Widowed,92590.0,641.0,19374.0,Home,Employed,16,Excellent,0.3881,182411.0,4.0,New Thomasside,RI,Netherlands,1.0,1,Low
28,Female,PhD,Widowed,81477.0,783.0,13947.0,Personal,Employed,16,Poor,0.4798,273926.0,2.0,East Michaelville,GU,Cayman Islands,0.0,0,Low
53,Female,High School,Married,90350.0,651.0,6062.0,Auto,Self-employed,3,Good,0.4507,89607.0,2.0,South Jacquelineton,PR,Thailand,2.0,0,High
45,Non-binary,Bachelor's,Divorced,25057.0,731.0,22506.0,Business,Self-employed,5,Good,0.3381,130286.0,4.0,Alvarezburgh,VT,Mauritania,1.0,1,Medium
67,Female,Master's,Single,44061.0,687.0,39618.0,Personal,Self-employed,9,Excellent,0.4956,73716.0,2.0,Hughesview,NJ,Angola,2.0,1,Low
41,Female,Master's,Single,88524.0,794.0,46782.0,Business,Self-employed,8,Good,0.1203,129682.0,1.0,Dicksonville,SD,Estonia,2.0,2,Medium
54,Female,Bachelor's,Divorced,111797.0,613.0,7283.0,Business,Employed,13,Good,0.4392,254100.0,1.0,Kevinshire,NE,Liechtenstein,3.0,1,Low
47,Male,High School,Widowed,55583.0,641.0,20597.0,Business,Employed,5,Fair,0.2595,205126.0,2.0,West Susan,IA,Belize,2.0,2,High
31,Male,Bachelor's,Widowed,95827.0,619.0,21404.0,Personal,Employed,6,Poor,0.4853,290300.0,4.0,Nunezburgh,AZ,Yemen,3.0,1,High
31,Female,Master's,Married,65702.0,751.0,38266.0,Home,Unemployed,12,Excellent,0.5377,218180.0,0.0,Bryanmouth,GA,Malta,4.0,2,Low
49,Male,Master's,Widowed,41536.0,603.0,42305.0,Auto,Self-employed,9,Good,0.291,125160.0,3.0,North Seanport,AZ,Kyrgyz Republic,2.0,2,Low
36,Female,PhD,Single,104749.0,619.0,31208.0,Personal,Employed,1,Fair,0.3564,159480.0,3.0,Port Susan,AZ,India,2.0,2,Low
19,Non-binary,Bachelor's,Married,31945.0,673.0,46011.0,Auto,Unemployed,9,Excellent,0.4701,117934.0,3.0,Lake Heatherchester,MN,Russian Federation,1.0,1,Low
50,Female,PhD,Widowed,76196.0,732.0,20311.0,Auto,Employed,10,Good,0.5241,298358.0,4.0,Johnsonfurt,NV,Tajikistan,1.0,0,Low
50,Non-binary,High School,Married,77353.0,713.0,37136.0,Business,Unemployed,0,Excellent,0.4507,239581.0,4.0,Johnville,MP,Algeria,1.0,1,Low
48,Non-binary,Bachelor's,Married,25400.0,713.0,14383.0,Personal,Unemployed,8,Good,0.3705,81954.0,1.0,Port Melissaport,RI,Northern Mariana Islands,3.0,2,Low
33,Non-binary,High School,Married,31766.0,660.0,34488.0,Auto,Unemployed,3,Poor,0.2341,271070.0,2.0,Barnetttown,NM,French Guiana,0.0,0,Medium
62,Male,Master's,Single,20868.0,744.0,48770.0,Auto,Employed,0,Excellent,0.1792,129686.0,2.0,Ibarraview,NY,Mali,4.0,0,Low
56,Male,Master's,Divorced,97195.0,683.0,9310.0,Personal,Unemployed,4,Good,0.4999,75049.0,0.0,South Keith,CT,Holy See (Vatican City State),3.0,1,Low
64,Male,High School,Married,106762.0,719.0,24339.0,Personal,Unemployed,19,Fair,0.5198,145971.0,0.0,Kellyview,PW,Djibouti,2.0,1,Low
45,Female,Master's,Divorced,118453.0,627.0,16196.0,Business,Self-employed,11,Poor,0.4263,245828.0,3.0,East Victoriastad,KY,Wallis and Futuna,2.0,1,Low
39,Female,High School,Divorced,76399.0,639.0,22455.0,Personal,Self-employed,17,Excellent,0.2401,51798.0,0.0,Port Keithfort,VI,Martinique,2.0,0,Medium
19,Male,PhD,Single,39673.0,626.0,26236.0,Home,Self-employed,0,Excellent,0.577,179312.0,3.0,South Rebecca,PW,India,3.0,2,Low
36,Non-binary,Master's,Divorced,105008.0,751.0,12931.0,Home,Employed,3,Poor,0.1882,186751.0,0.0,North Ronald,MO,Guadeloupe,1.0,2,Low
36,Female,High School,Widowed,52699.0,621.0,33434.0,Personal,Self-employed,7,Excellent,0.2051,38660.0,0.0,Smithshire,MT,Turkmenistan,1.0,0,Low
44,Non-binary,High School,Divorced,108898.0,604.0,46196.0,Auto,Unemployed,10,Poor,0.3401,187254.0,3.0,Shannonstad,AL,Svalbard & Jan Mayen Islands,3.0,1,Low
36,Female,Bachelor's,Married,74081.0,600.0,7461.0,Auto,Employed,7,Fair,0.1459,68352.0,2.0,Mosleyfort,OK,Yemen,4.0,2,Low
54,Non-binary,Bachelor's,Widowed,60645.0,720.0,11816.0,Business,Self-employed,4,Fair,0.306,255725.0,1.0,West Kimberlyland,VT,Svalbard & Jan Mayen Islands,1.0,1,Low
38,Non-binary,Master's,Divorced,44274.0,650.0,12524.0,Personal,Employed,6,Good,0.3104,245612.0,2.0,East Heather,IA,Singapore,1.0,2,Medium
63,Male,Bachelor's,Widowed,106661.0,743.0,38204.0,Home,Employed,10,Poor,0.1644,238519.0,3.0,Lake Denise,DC,Vietnam,2.0,0,Low
53,Non-binary,Master's,Widowed,50373.0,690.0,19006.0,Home,Self-employed,18,Poor,0.566,259413.0,2.0,Jamestown,DE,French Polynesia,1.0,2,Medium
20,Female,High School,Divorced,44866.0,744.0,38099.0,Business,Self-employed,6,Good,0.3946,110146.0,1.0,Katherinefurt,AK,Tokelau,2.0,1,Medium
38,Male,High School,Single,42720.0,792.0,20522.0,Business,Self-employed,17,Fair,0.597,191068.0,1.0,Ramirezmouth,SD,Holy See (Vatican City State),0.0,1,Medium
62,Male,Master's,Divorced,77072.0,680.0,7600.0,Personal,Self-employed,7,Excellent,0.1318,262852.0,2.0,West Mitchelltown,CA,Mozambique,2.0,0,Low
65,Female,Bachelor's,Single,67918.0,702.0,36364.0,Home,Unemployed,6,Fair,0.2659,161810.0,1.0,North Wendy,MH,Ireland,4.0,0,Medium
29,Female,Master's,Divorced,101838.0,643.0,13685.0,Personal,Unemployed,16,Excellent,0.3833,200976.0,3.0,Christophertown,GU,Nepal,2.0,2,Low
50,Non-binary,PhD,Single,70185.0,719.0,20451.0,Home,Unemployed,9,Fair,0.376,29104.0,3.0,Johnstonberg,WV,Reunion,2.0,2,Low
43,Non-binary,High School,Single,43440.0,742.0,6421.0,Personal,Unemployed,6,Excellent,0.471,265971.0,4.0,Ashleyton,VT,British Virgin Islands,4.0,0,Low
41,Female,Bachelor's,Widowed,44807.0,762.0,36544.0,Business,Employed,0,Good,0.3456,252699.0,1.0,Jessicafort,MP,China,1.0,0,High
31,Non-binary,High School,Widowed,76234.0,764.0,40353.0,Personal,Self-employed,9,Excellent,0.2368,279768.0,2.0,Johnmouth,RI,Switzerland,2.0,1,Low
27,Male,Master's,Divorced,47729.0,662.0,44019.0,Home,Self-employed,5,Poor,0.1222,254233.0,0.0,Ortizberg,NC,Lithuania,0.0,2,Low
29,Male,Master's,Divorced,43552.0,647.0,14285.0,Business,Employed,17,Excellent,0.2679,84144.0,3.0,Jasmineport,GA,Turkey,0.0,2,Medium
33,Male,PhD,Single,115140.0,642.0,24961.0,Business,Unemployed,19,Fair,0.3087,140635.0,0.0,New Richard,VI,Pitcairn Islands,4.0,1,Low
58,Non-binary,Bachelor's,Married,60429.0,669.0,25806.0,Business,Employed,13,Excellent,0.5021,264032.0,4.0,Gregorychester,MN,Dominican Republic,4.0,0,Low
44,Male,PhD,Widowed,72669.0,682.0,33090.0,Personal,Self-employed,5,Poor,0.4728,44163.0,0.0,Mcdonaldmouth,MI,Pakistan,3.0,1,Low
42,Female,Bachelor's,Divorced,42733.0,721.0,26202.0,Home,Unemployed,10,Poor,0.3732,231023.0,1.0,Valenciafurt,ND,Saint Pierre and Miquelon,4.0,1,Low
26,Female,Bachelor's,Married,51748.0,670.0,18591.0,Auto,Self-employed,12,Good,0.5488,205870.0,4.0,Lake Heathermouth,SD,Yemen,3.0,0,Medium
40,Non-binary,PhD,Divorced,67547.0,726.0,9934.0,Personal,Unemployed,17,Good,0.1917,150674.0,0.0,New Becky,FL,Holy See (Vatican City State),3.0,0,Low
57,Female,High School,Divorced,93065.0,781.0,18857.0,Auto,Employed,12,Fair,0.5313,98279.0,1.0,Waltonton,TX,Saint Helena,4.0,2,Low
47,Non-binary,Bachelor's,Married,46583.0,627.0,11066.0,Personal,Employed,14,Excellent,0.2061,245609.0,3.0,West Teresaberg,GU,New Zealand,1.0,1,Low
26,Non-binary,Master's,Married,107191.0,737.0,29201.0,Auto,Self-employed,1,Poor,0.2309,299091.0,4.0,Hodgesfurt,MH,Honduras,1.0,1,Low
47,Male,PhD,Widowed,118342.0,723.0,32762.0,Personal,Self-employed,12,Excellent,0.3578,134613.0,4.0,Williamsbury,NC,Rwanda,0.0,1,Low
20,Female,Master's,Divorced,70547.0,712.0,13567.0,Auto,Unemployed,4,Fair,0.3517,258055.0,4.0,Steinhaven,AK,United States of America,3.0,0,Low
57,Non-binary,PhD,Widowed,98082.0,687.0,5372.0,Personal,Employed,4,Poor,0.5567,194600.0,4.0,Port Robertfurt,MD,Lebanon,2.0,0,Low
69,Non-binary,PhD,Single,52400.0,737.0,19105.0,Personal,Unemployed,6,Poor,0.4716,205228.0,4.0,Lake Anthonyhaven,IL,Cocos (Keeling) Islands,4.0,2,Low
18,Male,Master's,Divorced,43266.0,684.0,19058.0,Home,Employed,18,Poor,0.4421,126617.0,4.0,East Thomasmouth,VA,Belize,1.0,1,Low
69,Non-binary,PhD,Married,75421.0,630.0,26997.0,Business,Self-employed,4,Excellent,0.1507,127603.0,2.0,Avilaland,IL,Slovakia (Slovak Republic),4.0,0,High
23,Female,High School,Single,117681.0,762.0,49015.0,Auto,Employed,19,Good,0.152,56005.0,1.0,Amandaside,VA,United States of America,0.0,1,High
64,Male,PhD,Widowed,82001.0,682.0,34036.0,Home,Self-employed,10,Fair,0.2147,28404.0,1.0,Joneston,MD,Guadeloupe,0.0,1,Low
57,Male,PhD,Widowed,30485.0,632.0,38004.0,Home,Self-employed,14,Fair,0.1456,292863.0,3.0,West Zacharyport,AZ,Solomon Islands,4.0,1,High
50,Non-binary,Bachelor's,Widowed,59278.0,730.0,32130.0,Business,Unemployed,3,Poor,0.4103,142278.0,2.0,West Elizabeth,KY,Kenya,1.0,0,Low
38,Female,Master's,Single,62269.0,691.0,29126.0,Personal,Employed,18,Excellent,0.1918,107224.0,1.0,New Richardmouth,WY,Cote d'Ivoire,3.0,2,Low
36,Male,High School,Single,61787.0,625.0,8185.0,Auto,Self-employed,3,Poor,0.1247,82964.0,3.0,Lake Nicolefort,AZ,Pitcairn Islands,2.0,2,High
40,Male,High School,Divorced,99015.0,637.0,47494.0,Auto,Employed,6,Poor,0.3332,294456.0,3.0,North Sarah,ID,Netherlands,1.0,1,Medium
65,Female,Master's,Divorced,113657.0,713.0,25932.0,Business,Self-employed,17,Excellent,0.4242,200348.0,1.0,East Michele,OK,Liberia,4.0,2,Medium
46,Male,High School,Married,69647.0,784.0,46479.0,Home,Unemployed,9,Good,0.3161,109053.0,1.0,Lamfort,NC,Tajikistan,0.0,1,Medium
22,Non-binary,PhD,Married,100206.0,617.0,34912.0,Home,Employed,0,Poor,0.2587,209806.0,0.0,Bartletttown,IN,Romania,0.0,1,Low
30,Male,PhD,Widowed,118829.0,671.0,28235.0,Home,Self-employed,19,Fair,0.3468,264186.0,1.0,Jonathanton,MD,Saudi Arabia,0.0,2,Low
55,Non-binary,High School,Divorced,58250.0,683.0,22830.0,Auto,Self-employed,15,Poor,0.4526,126541.0,1.0,West Anthonyshire,NM,Marshall Islands,4.0,0,Low
58,Female,Bachelor's,Divorced,71626.0,754.0,46955.0,Business,Unemployed,16,Fair,0.4481,152865.0,2.0,Matthewton,IL,Andorra,3.0,1,Low
45,Female,Master's,Divorced,104376.0,752.0,26960.0,Personal,Employed,3,Excellent,0.3684,65702.0,4.0,Michelleborough,NH,Kazakhstan,0.0,2,Medium
25,Female,PhD,Single,85620.0,664.0,10397.0,Personal,Employed,8,Excellent,0.2936,38523.0,3.0,Yoderview,ME,Hungary,3.0,1,Medium
22,Female,Master's,Widowed,111742.0,642.0,23049.0,Auto,Self-employed,15,Fair,0.2832,165583.0,4.0,Port Manuel,IL,Kazakhstan,0.0,1,Low
18,Male,Bachelor's,Divorced,22534.0,789.0,49955.0,Auto,Employed,17,Poor,0.1908,295066.0,0.0,Davisport,RI,Seychelles,1.0,1,Medium
57,Non-binary,PhD,Widowed,74757.0,625.0,37298.0,Auto,Self-employed,15,Good,0.5078,188095.0,4.0,West Christopherhaven,KS,Djibouti,2.0,1,High
46,Male,Bachelor's,Divorced,34096.0,650.0,9706.0,Auto,Self-employed,6,Poor,0.4458,84564.0,4.0,Port Amyton,FL,Iraq,2.0,1,High
56,Female,High School,Divorced,46520.0,699.0,44189.0,Home,Employed,18,Poor,0.4225,238109.0,2.0,Sandersfurt,ID,Uruguay,2.0,1,Low
34,Non-binary,PhD,Divorced,77255.0,713.0,29609.0,Auto,Employed,9,Poor,0.3913,254117.0,2.0,West Jesse,CT,Belarus,4.0,0,Low
21,Non-binary,High School,Married,22064.0,792.0,13738.0,Home,Unemployed,17,Poor,0.5016,65608.0,1.0,South Willieville,CA,Zambia,3.0,0,Low
19,Male,High School,Single,56136.0,727.0,27499.0,Home,Self-employed,13,Good,0.3968,220140.0,0.0,South Erinchester,VT,Equatorial Guinea,0.0,2,Low
64,Non-binary,Master's,Single,64917.0,782.0,15691.0,Personal,Self-employed,1,Fair,0.3929,289000.0,1.0,Nelsonberg,GU,Sudan,1.0,2,Low
39,Female,High School,Widowed,41677.0,794.0,5038.0,Home,Self-employed,13,Poor,0.5626,147738.0,4.0,South Jonathanburgh,VA,Yemen,2.0,2,Low
64,Female,PhD,Married,90597.0,732.0,12958.0,Business,Unemployed,7,Poor,0.2134,260278.0,2.0,Kimberlyland,GU,Cayman Islands,4.0,1,Low
51,Male,High School,Widowed,91533.0,767.0,15316.0,Business,Unemployed,13,Excellent,0.5538,262107.0,4.0,Kaiserchester,WV,Nicaragua,4.0,0,High
35,Male,Master's,Single,97400.0,614.0,42111.0,Business,Employed,18,Excellent,0.311,107698.0,0.0,South Luis,AK,Nicaragua,4.0,0,Low
63,Non-binary,High School,Widowed,20818.0,651.0,46021.0,Home,Employed,9,Excellent,0.4173,223826.0,4.0,Port Catherine,NH,Anguilla,2.0,1,High
67,Non-binary,High School,Single,74649.0,742.0,10661.0,Personal,Self-employed,0,Poor,0.5135,31353.0,0.0,North David,VI,Suriname,0.0,1,Low
56,Male,Master's,Widowed,114328.0,644.0,16163.0,Business,Employed,1,Good,0.3777,107718.0,3.0,Victorport,DC,Hong Kong,1.0,0,Low
41,Non-binary,Master's,Divorced,47609.0,608.0,13359.0,Personal,Employed,19,Fair,0.418,124967.0,2.0,Austinmouth,UT,Guyana,1.0,0,Medium
51,Male,Bachelor's,Divorced,42027.0,686.0,8230.0,Auto,Unemployed,13,Fair,0.343,149252.0,2.0,West Luisburgh,ME,Switzerland,2.0,2,Low
59,Male,Master's,Single,68555.0,652.0,7030.0,Home,Unemployed,1,Poor,0.295,106124.0,3.0,New Elizabethchester,IL,Azerbaijan,1.0,0,Medium
58,Non-binary,High School,Single,66309.0,670.0,31728.0,Auto,Self-employed,2,Good,0.3729,28491.0,1.0,North Jeff,NE,Barbados,3.0,0,Low
66,Female,Master's,Single,98108.0,624.0,15042.0,Business,Unemployed,14,Good,0.1692,170169.0,4.0,North Annaland,TN,Finland,4.0,0,Low
38,Male,PhD,Divorced,51740.0,681.0,17765.0,Business,Employed,16,Poor,0.4846,21520.0,2.0,Deckerstad,MD,Guadeloupe,0.0,2,Low
64,Non-binary,PhD,Single,73494.0,615.0,5067.0,Personal,Employed,3,Excellent,0.1289,58061.0,0.0,South Colton,GA,Reunion,4.0,1,Low
40,Non-binary,PhD,Married,51432.0,632.0,17737.0,Home,Unemployed,8,Poor,0.2525,99855.0,3.0,Krystalmouth,NY,Cook Islands,3.0,2,Low
53,Male,High School,Widowed,106675.0,796.0,16381.0,Personal,Unemployed,15,Good,0.5274,39762.0,4.0,East Nathan,AK,French Polynesia,3.0,2,Low
66,Male,PhD,Single,86704.0,664.0,18341.0,Auto,Employed,11,Good,0.3891,85195.0,2.0,South Michaelside,GA,South Georgia and the South Sandwich Islands,2.0,2,Low
31,Male,PhD,Divorced,77797.0,646.0,14571.0,Personal,Unemployed,16,Excellent,0.168,79447.0,1.0,Ellenchester,KS,Saint Helena,1.0,1,Low
66,Male,PhD,Single,45444.0,778.0,21486.0,Auto,Self-employed,19,Fair,0.3166,249282.0,2.0,Lake Joseph,NY,Puerto Rico,3.0,2,Low
47,Male,High School,Widowed,86865.0,676.0,16178.0,Business,Unemployed,10,Good,0.1666,262284.0,1.0,West Jennifer,FM,Honduras,2.0,2,Medium
58,Female,PhD,Married,51459.0,724.0,13301.0,Auto,Self-employed,17,Excellent,0.4764,193418.0,4.0,Larrymouth,CA,United Kingdom,4.0,1,Medium
30,Female,Master's,Married,98609.0,727.0,41958.0,Business,Unemployed,4,Fair,0.4358,127174.0,4.0,New Mathew,KS,Holy See (Vatican City State),1.0,0,Low
22,Non-binary,PhD,Single,67576.0,643.0,39467.0,Auto,Unemployed,5,Fair,0.5433,22932.0,1.0,Marthaport,WA,Belize,1.0,1,High
28,Male,Master's,Single,26880.0,788.0,27980.0,Auto,Unemployed,7,Good,0.1185,243336.0,4.0,Williamsbury,WY,Guinea,0.0,0,Medium
52,Female,High School,Widowed,67553.0,756.0,20164.0,Personal,Self-employed,1,Fair,0.1605,297504.0,1.0,South Samuelborough,DC,Western Sahara,3.0,1,Low
32,Male,Bachelor's,Married,44690.0,764.0,18862.0,Business,Self-employed,4,Poor,0.2937,210737.0,0.0,South Amyburgh,TX,Indonesia,0.0,2,Low
18,Male,Master's,Single,91975.0,614.0,7251.0,Business,Unemployed,16,Excellent,0.303,204907.0,0.0,Chrisburgh,NV,Switzerland,3.0,2,Low
38,Non-binary,Master's,Widowed,103704.0,636.0,41999.0,Auto,Unemployed,18,Good,0.4796,206291.0,1.0,North Melissamouth,DE,Thailand,2.0,2,Low
51,Non-binary,High School,Single,27549.0,679.0,8936.0,Business,Self-employed,5,Excellent,0.3563,73644.0,4.0,East David,WA,New Caledonia,0.0,0,Low
59,Female,High School,Widowed,119546.0,660.0,27168.0,Business,Employed,7,Good,0.2187,164372.0,3.0,Port Abigail,OK,Fiji,4.0,1,Low
22,Non-binary,Master's,Married,26389.0,767.0,41705.0,Home,Unemployed,4,Poor,0.277,193128.0,1.0,Ashleyshire,MP,Kuwait,1.0,0,Low
55,Non-binary,Master's,Married,103959.0,766.0,33407.0,Home,Self-employed,10,Poor,0.1921,101247.0,1.0,Jonesfurt,MT,Marshall Islands,1.0,2,Medium
58,Male,Bachelor's,Married,72201.0,634.0,49256.0,Business,Self-employed,17,Excellent,0.2915,272605.0,1.0,Port Justin,WY,Slovakia (Slovak Republic),1.0,1,Low
63,Non-binary,Bachelor's,Widowed,35405.0,721.0,25819.0,Personal,Employed,10,Excellent,0.3608,227586.0,3.0,Pachecoland,MH,Iraq,0.0,1,Low
43,Male,High School,Single,96488.0,756.0,12078.0,Business,Self-employed,13,Excellent,0.2422,270577.0,0.0,South Ronald,OR,Romania,2.0,1,High
46,Non-binary,High School,Married,55658.0,721.0,6074.0,Personal,Unemployed,18,Poor,0.4934,70375.0,0.0,Russelltown,AK,Norway,3.0,1,Low
36,Female,Master's,Widowed,65258.0,715.0,33602.0,Home,Self-employed,0,Fair,0.578,203645.0,3.0,Carmenchester,OH,Egypt,0.0,2,High
35,Non-binary,Bachelor's,Single,89907.0,620.0,18941.0,Business,Self-employed,15,Fair,0.3824,152258.0,3.0,Medinatown,MH,Congo,1.0,0,Medium
57,Male,Master's,Divorced,59459.0,687.0,34149.0,Auto,Unemployed,19,Good,0.3486,72293.0,4.0,Smithland,MD,Malta,4.0,2,High
56,Male,Master's,Married,26799.0,637.0,49814.0,Auto,Self-employed,15,Fair,0.2982,84744.0,1.0,West George,IL,British Virgin Islands,4.0,0,Medium
50,Female,High School,Married,92138.0,615.0,15811.0,Auto,Self-employed,11,Poor,0.5501,195186.0,1.0,West Scottberg,ID,Mauritius,4.0,1,Medium
62,Male,PhD,Divorced,58057.0,658.0,44872.0,Personal,Employed,2,Good,0.3969,163001.0,0.0,Brownshire,FL,Guinea,1.0,1,Medium
21,Male,Master's,Divorced,84046.0,753.0,13249.0,Business,Unemployed,12,Excellent,0.5647,246545.0,2.0,Kathrynfort,RI,Iceland,3.0,2,Medium
35,Female,PhD,Widowed,41309.0,718.0,40301.0,Business,Self-employed,18,Fair,0.5744,164986.0,3.0,Hicksberg,PA,Kazakhstan,2.0,2,Low
55,Female,High School,Divorced,41395.0,611.0,36832.0,Home,Self-employed,6,Excellent,0.4703,217232.0,1.0,Reedhaven,PW,Hong Kong,2.0,1,Low
19,Female,Bachelor's,Married,27501.0,617.0,9915.0,Personal,Unemployed,4,Excellent,0.436,67794.0,0.0,Linhaven,TX,Saint Pierre and Miquelon,3.0,2,Low
60,Non-binary,Master's,Widowed,107951.0,698.0,31174.0,Home,Employed,0,Excellent,0.1791,58991.0,0.0,Annberg,FM,Christmas Island,4.0,2,Medium
22,Female,PhD,Widowed,101311.0,773.0,19260.0,Home,Self-employed,18,Poor,0.4571,248824.0,2.0,Kristenton,KS,Andorra,0.0,0,Low
69,Non-binary,Master's,Single,106157.0,606.0,30826.0,Business,Unemployed,6,Excellent,0.4435,167131.0,1.0,Lake Christineland,WI,Mexico,2.0,0,Low
60,Male,High School,Single,27925.0,648.0,45221.0,Personal,Unemployed,10,Excellent,0.3985,159979.0,0.0,Lake Brentburgh,HI,United States of America,2.0,1,Low
61,Female,Master's,Divorced,68929.0,796.0,44013.0,Auto,Employed,14,Excellent,0.3911,64579.0,1.0,Port Williamland,LA,Cape Verde,4.0,0,Low
41,Non-binary,Master's,Single,91333.0,786.0,31123.0,Business,Employed,4,Poor,0.2217,37221.0,0.0,South Craig,CO,Luxembourg,3.0,1,Low
20,Female,PhD,Divorced,47552.0,605.0,15147.0,Personal,Self-employed,12,Fair,0.316,141276.0,4.0,Lake Frank,CA,Mauritius,2.0,2,High
59,Non-binary,High School,Widowed,26829.0,626.0,32445.0,Personal,Unemployed,10,Good,0.4261,129899.0,3.0,South Scott,IN,Tanzania,1.0,2,Low
26,Male,Master's,Single,47025.0,743.0,48594.0,Personal,Employed,3,Excellent,0.5463,282983.0,0.0,Robertton,HI,Vietnam,0.0,0,Low
37,Male,Bachelor's,Widowed,97015.0,620.0,18454.0,Business,Employed,0,Excellent,0.3908,27930.0,3.0,Cummingsborough,OH,Namibia,3.0,1,Low
67,Male,Master's,Married,93332.0,762.0,12001.0,Home,Self-employed,15,Good,0.1663,228246.0,0.0,Stevenview,KY,Mauritania,3.0,1,Low
50,Male,Master's,Widowed,81064.0,752.0,44511.0,Business,Employed,10,Good,0.5236,229288.0,3.0,South Michelleton,VT,French Southern Territories,0.0,0,Low
50,Female,High School,Single,93883.0,600.0,38145.0,Personal,Self-employed,10,Good,0.3082,20533.0,3.0,Matthewsstad,CT,Finland,4.0,2,Low
33,Male,High School,Single,81604.0,672.0,25954.0,Personal,Self-employed,4,Excellent,0.4967,228644.0,1.0,Austinport,VT,Lesotho,2.0,0,Medium
53,Female,Master's,Divorced,36960.0,615.0,34099.0,Personal,Employed,13,Excellent,0.2156,60513.0,1.0,Jonesmouth,FL,French Guiana,2.0,0,Low
31,Female,High School,Widowed,119345.0,628.0,44735.0,Home,Employed,9,Good,0.5801,230928.0,4.0,West Davidfort,NE,Sao Tome and Principe,0.0,0,Medium
23,Female,High School,Widowed,26033.0,659.0,28648.0,Home,Self-employed,0,Excellent,0.4984,165913.0,3.0,North Pamela,CA,Burkina Faso,2.0,2,Low
40,Female,High School,Married,96676.0,780.0,19464.0,Personal,Unemployed,9,Fair,0.3355,186439.0,4.0,Lake Jacquelineberg,CO,Russian Federation,1.0,1,Low
54,Male,PhD,Single,26886.0,638.0,31738.0,Personal,Unemployed,6,Good,0.2626,185758.0,3.0,Jamiestad,AK,Nicaragua,3.0,0,High
41,Female,High School,Married,70304.0,702.0,18494.0,Business,Unemployed,3,Fair,0.146,48162.0,0.0,New Christophertown,VT,Saint Lucia,3.0,1,Low
69,Non-binary,Master's,Divorced,51346.0,612.0,9083.0,Auto,Self-employed,12,Excellent,0.405,128515.0,2.0,Benjaminburgh,ID,Iran,3.0,1,Low
32,Female,High School,Widowed,68821.0,719.0,8110.0,Home,Unemployed,5,Good,0.4856,155318.0,0.0,East Morgan,NY,Austria,1.0,1,Low
57,Non-binary,Master's,Married,79019.0,740.0,31571.0,Home,Employed,9,Excellent,0.2495,153720.0,4.0,Thomashaven,CO,Germany,0.0,0,Medium
21,Non-binary,Bachelor's,Single,104946.0,631.0,37338.0,Home,Unemployed,12,Poor,0.1625,92216.0,0.0,New Jennifer,VI,Slovakia (Slovak Republic),2.0,1,Low
61,Female,Master's,Widowed,111212.0,664.0,23540.0,Auto,Unemployed,0,Excellent,0.3311,179333.0,3.0,Juantown,MO,Korea,1.0,2,Medium
69,Female,Bachelor's,Married,76625.0,749.0,6396.0,Business,Employed,18,Fair,0.5537,53804.0,0.0,Lake Derek,UT,Colombia,2.0,0,High
28,Male,High School,Married,36611.0,760.0,28089.0,Home,Self-employed,14,Excellent,0.3688,240276.0,0.0,East Raymond,MH,Iran,3.0,1,Medium
67,Female,High School,Married,33565.0,794.0,20104.0,Auto,Self-employed,18,Excellent,0.1579,141664.0,4.0,Manningstad,GU,Lesotho,1.0,2,Low
31,Female,Bachelor's,Married,47606.0,747.0,35825.0,Personal,Self-employed,16,Excellent,0.2361,148282.0,3.0,East Mitchell,ID,Egypt,2.0,2,Low
33,Female,PhD,Married,76298.0,687.0,12512.0,Business,Self-employed,0,Excellent,0.1062,102482.0,4.0,Christinamouth,NE,United Arab Emirates,2.0,2,Low
41,Female,Master's,Divorced,36738.0,781.0,8592.0,Home,Self-employed,11,Fair,0.4267,255813.0,3.0,East Sharonville,UT,Tanzania,4.0,2,Low
48,Female,Master's,Married,106678.0,637.0,44518.0,Auto,Employed,3,Fair,0.4141,291936.0,3.0,South Carriefurt,PA,Macao,1.0,2,Low
48,Male,Master's,Married,90592.0,792.0,33800.0,Home,Self-employed,3,Excellent,0.1905,128027.0,4.0,Sarahburgh,IN,Cuba,2.0,1,Low
39,Non-binary,Master's,Widowed,56843.0,787.0,37925.0,Home,Employed,6,Good,0.566,237675.0,1.0,Boylefort,NH,Guernsey,2.0,2,High
48,Female,Master's,Married,68093.0,720.0,23163.0,Business,Unemployed,0,Good,0.4363,238184.0,4.0,Port Tyler,UT,Yemen,0.0,1,Medium
60,Male,PhD,Divorced,57787.0,684.0,10996.0,Business,Self-employed,0,Good,0.4205,61586.0,0.0,Suarezport,PW,Eritrea,3.0,2,Medium
41,Non-binary,Bachelor's,Single,81671.0,792.0,8294.0,Home,Unemployed,4,Good,0.2342,293217.0,3.0,Edwardside,AZ,Puerto Rico,1.0,0,Low
53,Female,High School,Single,28316.0,659.0,21641.0,Auto,Self-employed,9,Fair,0.1292,156265.0,4.0,West Adambury,MH,Dominica,3.0,1,Medium
46,Female,Master's,Widowed,84099.0,706.0,45519.0,Personal,Self-employed,0,Poor,0.5178,297956.0,2.0,Natalieshire,NE,Egypt,0.0,2,Medium
59,Female,Master's,Divorced,100984.0,710.0,12973.0,Business,Unemployed,19,Good,0.1158,36493.0,3.0,Barbaratown,WV,Ghana,0.0,2,Medium
52,Male,High School,Single,27446.0,750.0,43143.0,Auto,Unemployed,0,Excellent,0.5022,87805.0,1.0,New Adam,MT,Afghanistan,3.0,1,Low
59,Non-binary,Bachelor's,Divorced,111246.0,792.0,46230.0,Auto,Employed,6,Poor,0.3897,282215.0,2.0,Christophertown,KY,South Georgia and the South Sandwich Islands,1.0,2,Medium
25,Male,PhD,Widowed,92822.0,613.0,34228.0,Personal,Self-employed,3,Fair,0.326,117015.0,2.0,Greeneberg,OH,United States Virgin Islands,2.0,0,High
45,Female,Master's,Widowed,111237.0,701.0,43274.0,Business,Self-employed,10,Excellent,0.3239,149399.0,4.0,West David,OH,Palestinian Territory,3.0,0,Low
55,Female,Master's,Widowed,91150.0,618.0,48158.0,Auto,Unemployed,4,Excellent,0.5783,157279.0,3.0,North Courtney,NC,Bulgaria,0.0,0,Low
25,Non-binary,High School,Married,92656.0,714.0,36485.0,Personal,Unemployed,18,Good,0.3867,208920.0,1.0,Brianstad,ND,Guadeloupe,4.0,0,Low
18,Male,Bachelor's,Widowed,64864.0,797.0,18657.0,Business,Self-employed,13,Poor,0.5621,129771.0,1.0,South Benjaminstad,NH,Georgia,3.0,0,Low
25,Male,Bachelor's,Single,96041.0,611.0,36033.0,Home,Employed,14,Excellent,0.4528,153359.0,4.0,Bartlettview,IN,Aruba,1.0,1,Low
42,Non-binary,High School,Married,77184.0,659.0,38006.0,Home,Self-employed,13,Excellent,0.1365,229217.0,0.0,Paulaberg,WA,Iran,0.0,2,Low
45,Male,Master's,Divorced,85228.0,645.0,6100.0,Business,Unemployed,14,Excellent,0.3431,147511.0,2.0,New Justinberg,GU,Eritrea,4.0,2,Low
58,Non-binary,Master's,Widowed,67941.0,638.0,23913.0,Personal,Self-employed,0,Excellent,0.4401,127997.0,0.0,Lake Tiffany,TX,Guadeloupe,0.0,0,Medium
61,Female,PhD,Widowed,103666.0,614.0,12375.0,Personal,Employed,14,Fair,0.3627,237840.0,1.0,East Lisa,PW,Jamaica,0.0,0,Low
40,Non-binary,Master's,Married,46255.0,766.0,33708.0,Home,Self-employed,6,Excellent,0.4611,35039.0,3.0,North Stephaniemouth,PR,Turkey,3.0,1,Low
18,Non-binary,Master's,Single,84723.0,708.0,23210.0,Personal,Unemployed,2,Poor,0.3964,96193.0,0.0,Johnland,MI,Gabon,3.0,2,Low
62,Non-binary,Master's,Divorced,20527.0,620.0,26797.0,Business,Unemployed,3,Excellent,0.3503,41687.0,0.0,West Jessica,LA,Montenegro,4.0,1,Low
32,Non-binary,High School,Married,93703.0,739.0,12573.0,Personal,Self-employed,12,Excellent,0.2124,225327.0,3.0,Gouldchester,AS,Belarus,3.0,0,Low
35,Female,Bachelor's,Widowed,59211.0,694.0,10311.0,Auto,Unemployed,12,Excellent,0.4014,209978.0,4.0,Markhaven,MH,Ethiopia,0.0,0,Medium
43,Non-binary,High School,Single,101782.0,696.0,41609.0,Business,Self-employed,18,Poor,0.1944,165744.0,2.0,New Sergio,IL,Mauritius,4.0,0,Low
20,Non-binary,PhD,Married,48063.0,683.0,28460.0,Personal,Unemployed,16,Excellent,0.3009,128495.0,2.0,Lake Brittanychester,NH,Libyan Arab Jamahiriya,2.0,2,Medium
65,Male,PhD,Widowed,70151.0,761.0,17112.0,Business,Unemployed,3,Poor,0.3881,276899.0,3.0,Jacobmouth,MS,Sudan,0.0,0,Low
36,Female,PhD,Single,40758.0,738.0,16573.0,Auto,Employed,18,Poor,0.5253,60247.0,4.0,South Justinstad,ID,Nigeria,0.0,2,Low
45,Male,High School,Divorced,37399.0,685.0,37100.0,Business,Self-employed,18,Excellent,0.2533,212590.0,3.0,Katelynfurt,TX,Qatar,3.0,2,Medium
43,Female,Master's,Married,56881.0,671.0,14476.0,Business,Unemployed,3,Fair,0.3338,117285.0,1.0,South Jenniferland,VT,Montenegro,1.0,0,Low
69,Female,Bachelor's,Married,64935.0,767.0,28519.0,Home,Self-employed,16,Good,0.12,225053.0,0.0,Port Sean,DC,Yemen,2.0,1,Medium
21,Male,High School,Married,42440.0,760.0,17117.0,Home,Unemployed,19,Excellent,0.4327,86443.0,1.0,New Joshua,SD,American Samoa,0.0,1,Low
61,Non-binary,Bachelor's,Widowed,97402.0,631.0,40936.0,Business,Employed,3,Excellent,0.1031,170421.0,1.0,Lake Victoria,VA,Austria,4.0,2,High
31,Non-binary,Bachelor's,Divorced,33181.0,663.0,30887.0,Home,Employed,5,Poor,0.2175,31000.0,1.0,Amyborough,MD,Slovakia (Slovak Republic),3.0,1,Low
36,Non-binary,High School,Widowed,84559.0,611.0,8686.0,Business,Self-employed,8,Poor,0.5373,100243.0,1.0,North Karenshire,AS,France,3.0,0,Low
54,Non-binary,PhD,Divorced,93861.0,700.0,21641.0,Home,Unemployed,15,Good,0.4027,78918.0,4.0,North Allison,TN,Tonga,3.0,2,Medium
41,Male,High School,Married,40523.0,692.0,10627.0,Home,Self-employed,19,Good,0.529,181216.0,3.0,Natashaside,ID,Micronesia,4.0,0,Medium
33,Female,PhD,Single,58749.0,673.0,12937.0,Business,Employed,18,Excellent,0.2716,51167.0,1.0,Morganville,TN,Kyrgyz Republic,4.0,1,Low
44,Female,PhD,Single,113891.0,681.0,26949.0,Auto,Unemployed,6,Poor,0.1392,107591.0,2.0,North Tanya,AS,Sudan,2.0,0,Low
45,Male,Bachelor's,Married,99397.0,630.0,33914.0,Home,Self-employed,2,Excellent,0.2454,98433.0,4.0,Lake Dennisbury,RI,Chile,4.0,0,Low
61,Female,Master's,Widowed,103816.0,714.0,16422.0,Home,Self-employed,2,Excellent,0.3776,229439.0,2.0,Port Natalie,NV,Heard Island and McDonald Islands,1.0,0,Low
67,Non-binary,Master's,Widowed,20533.0,770.0,44289.0,Business,Unemployed,13,Excellent,0.2736,31984.0,1.0,Youngmouth,MI,Namibia,1.0,1,Low
47,Male,PhD,Divorced,73158.0,660.0,24336.0,Personal,Unemployed,19,Poor,0.462,110089.0,3.0,Andersonton,AS,United States Minor Outlying Islands,2.0,0,Medium
48,Non-binary,Bachelor's,Married,36585.0,754.0,37766.0,Business,Employed,7,Good,0.5665,132416.0,1.0,South Joanne,IA,Congo,2.0,1,Medium
36,Non-binary,PhD,Divorced,80405.0,718.0,47145.0,Home,Self-employed,12,Fair,0.1615,215079.0,2.0,Robinside,MD,Yemen,1.0,1,Medium
51,Male,High School,Widowed,94095.0,775.0,25917.0,Personal,Unemployed,8,Good,0.2789,245070.0,3.0,East Jason,MT,Poland,0.0,2,Low
69,Male,PhD,Married,53782.0,675.0,30022.0,Business,Employed,15,Fair,0.2848,253643.0,3.0,New Christine,IN,Palau,1.0,0,Medium
29,Male,High School,Widowed,113659.0,693.0,19823.0,Personal,Self-employed,19,Fair,0.562,133697.0,2.0,New Christian,MD,Mauritius,2.0,1,Low
64,Male,Master's,Married,90063.0,778.0,31225.0,Home,Self-employed,5,Fair,0.5481,261489.0,1.0,Wrightburgh,MO,Cote d'Ivoire,2.0,1,Low
46,Male,Bachelor's,Single,87446.0,744.0,43983.0,Personal,Employed,2,Poor,0.5607,192157.0,0.0,West Terri,NE,Saint Kitts and Nevis,1.0,0,Low
38,Female,Bachelor's,Divorced,35405.0,659.0,40654.0,Personal,Self-employed,10,Poor,0.3735,72114.0,0.0,Yoderburgh,WI,Guernsey,2.0,1,Medium
43,Non-binary,Master's,Single,105380.0,725.0,45785.0,Auto,Self-employed,19,Fair,0.1552,66091.0,0.0,New Jeromefurt,OK,Moldova,3.0,1,Low
33,Male,High School,Divorced,91823.0,655.0,9400.0,Auto,Unemployed,13,Poor,0.2597,101670.0,4.0,Lewisstad,TN,Serbia,1.0,1,Medium
43,Male,High School,Divorced,51000.0,626.0,13897.0,Personal,Self-employed,0,Fair,0.1131,247503.0,2.0,Saratown,PA,Tajikistan,2.0,1,Low
32,Female,Bachelor's,Divorced,59726.0,744.0,31649.0,Personal,Employed,8,Good,0.2257,226212.0,0.0,South Billyland,MA,Slovenia,0.0,2,Low
45,Non-binary,PhD,Single,118812.0,709.0,37768.0,Business,Employed,19,Good,0.2933,253258.0,3.0,West Erika,DE,Samoa,2.0,0,Low
63,Non-binary,Master's,Single,56509.0,665.0,22409.0,Home,Unemployed,15,Fair,0.1642,151459.0,3.0,East Catherine,NE,Saint Barthelemy,0.0,1,Low
23,Non-binary,High School,Widowed,33872.0,653.0,42585.0,Business,Unemployed,17,Fair,0.5723,230118.0,3.0,Lake Stephen,VA,Malawi,1.0,0,Low
52,Male,PhD,Divorced,66606.0,681.0,38025.0,Home,Employed,12,Excellent,0.3975,222611.0,1.0,New Johnton,NV,Costa Rica,2.0,0,Medium
28,Male,Bachelor's,Single,64954.0,627.0,34312.0,Business,Self-employed,14,Good,0.5048,126664.0,2.0,New Mary,AZ,Pitcairn Islands,2.0,2,Medium
27,Non-binary,PhD,Married,72290.0,685.0,33552.0,Personal,Self-employed,4,Fair,0.3678,196677.0,2.0,East Sarah,KY,Saint Helena,0.0,1,High
41,Male,High School,Single,36650.0,704.0,8469.0,Personal,Employed,18,Excellent,0.2974,200146.0,0.0,North Emilyshire,UT,Philippines,2.0,0,Low
62,Male,Bachelor's,Widowed,57372.0,621.0,22171.0,Auto,Employed,17,Fair,0.4884,157482.0,2.0,Aliciashire,VI,Sudan,1.0,2,Medium
68,Non-binary,Bachelor's,Married,107526.0,738.0,30290.0,Business,Self-employed,12,Good,0.3015,265996.0,3.0,Schmitttown,CO,Solomon Islands,3.0,0,Medium
45,Non-binary,High School,Divorced,48604.0,701.0,25114.0,Auto,Unemployed,0,Poor,0.3142,162949.0,2.0,North Kimberly,AR,Macao,3.0,0,Low
66,Male,PhD,Married,70974.0,663.0,24047.0,Business,Employed,4,Fair,0.2009,140273.0,4.0,New Monica,AS,Solomon Islands,2.0,1,Medium
60,Non-binary,PhD,Widowed,48672.0,724.0,26889.0,Home,Unemployed,16,Excellent,0.2108,64304.0,3.0,Goodmanshire,KY,Azerbaijan,0.0,0,High
68,Female,High School,Divorced,44220.0,748.0,11040.0,Business,Unemployed,15,Poor,0.2608,39822.0,1.0,Wrighttown,RI,Iraq,4.0,1,Low
34,Female,Master's,Widowed,80582.0,622.0,44352.0,Business,Self-employed,8,Fair,0.537,209744.0,0.0,Lisamouth,IA,Fiji,4.0,0,Low
64,Female,Bachelor's,Single,23692.0,642.0,42671.0,Personal,Self-employed,19,Good,0.1967,67380.0,0.0,Hoodport,MP,Ecuador,1.0,0,Low
65,Female,PhD,Divorced,27466.0,699.0,41512.0,Home,Employed,14,Poor,0.5791,264461.0,3.0,Stacymouth,NC,Lao People's Democratic Republic,0.0,0,Low
22,Female,High School,Divorced,71529.0,630.0,23201.0,Home,Unemployed,7,Fair,0.1841,58964.0,1.0,South Sandra,ME,Palestinian Territory,3.0,2,Medium
64,Female,Master's,Married,97932.0,718.0,5765.0,Home,Employed,15,Poor,0.4821,154601.0,0.0,Taylortown,OH,Malta,2.0,0,Low
51,Female,Bachelor's,Married,57930.0,770.0,21688.0,Business,Unemployed,2,Fair,0.251,37279.0,1.0,South Paul,NY,Cuba,4.0,1,Low
28,Non-binary,High School,Widowed,100876.0,684.0,34917.0,Personal,Employed,19,Excellent,0.4445,134015.0,4.0,Justinberg,NC,Timor-Leste,4.0,1,Low
62,Female,Bachelor's,Divorced,69592.0,622.0,9854.0,Personal,Unemployed,8,Good,0.437,176158.0,0.0,East Gracestad,NM,Malawi,0.0,2,Low
44,Non-binary,High School,Married,102159.0,752.0,14123.0,Business,Self-employed,9,Good,0.178,91623.0,4.0,Spencerborough,RI,Barbados,4.0,1,Medium
52,Female,Master's,Single,92972.0,693.0,43403.0,Business,Self-employed,3,Excellent,0.2083,95428.0,4.0,West Andrew,IL,French Guiana,0.0,1,Low
63,Male,High School,Married,76790.0,788.0,14233.0,Business,Employed,14,Fair,0.1698,50876.0,0.0,New Derrick,CA,Finland,4.0,1,Low
40,Male,High School,Single,68967.0,741.0,40618.0,Auto,Employed,7,Good,0.3339,87760.0,2.0,Yolandachester,KS,Israel,1.0,0,Medium
62,Male,Bachelor's,Married,114330.0,778.0,28281.0,Home,Self-employed,2,Excellent,0.2313,175709.0,2.0,Brownmouth,NE,Sudan,0.0,0,Low
26,Non-binary,PhD,Widowed,89269.0,716.0,21450.0,Business,Employed,2,Good,0.4443,189195.0,0.0,New Laura,SC,French Polynesia,3.0,2,Medium
38,Non-binary,Master's,Single,63558.0,720.0,45764.0,Personal,Employed,12,Good,0.1144,186067.0,3.0,Josephland,LA,Libyan Arab Jamahiriya,0.0,2,Low
38,Non-binary,High School,Widowed,107047.0,671.0,9851.0,Personal,Self-employed,15,Excellent,0.221,136472.0,1.0,Moralesfort,MP,Montserrat,4.0,2,Low
62,Female,Master's,Single,34281.0,716.0,35619.0,Personal,Self-employed,13,Good,0.1882,159977.0,4.0,Port Alexandraland,OR,Niger,4.0,0,Low
52,Male,PhD,Widowed,78860.0,710.0,9865.0,Auto,Employed,8,Poor,0.1807,68228.0,3.0,Lake Michaelshire,SC,Puerto Rico,0.0,2,Low
35,Male,Master's,Widowed,61598.0,799.0,46795.0,Auto,Employed,11,Fair,0.1249,154706.0,1.0,Andreaton,KS,Chad,2.0,1,Low
67,Female,Bachelor's,Widowed,29967.0,741.0,33341.0,Auto,Employed,13,Excellent,0.5165,45895.0,1.0,Kennedyborough,UT,Palau,4.0,2,Medium
47,Non-binary,PhD,Married,36482.0,654.0,26110.0,Business,Unemployed,17,Good,0.2015,129168.0,1.0,Barretttown,NJ,Burundi,4.0,2,Low
63,Non-binary,Bachelor's,Widowed,45379.0,720.0,20300.0,Home,Employed,5,Fair,0.1497,253132.0,4.0,Port George,NY,Equatorial Guinea,0.0,2,Medium
40,Female,High School,Divorced,78391.0,605.0,14240.0,Business,Unemployed,16,Fair,0.1785,262632.0,0.0,Holttown,VI,Greenland,2.0,0,Low
19,Non-binary,Bachelor's,Married,67109.0,738.0,33870.0,Business,Unemployed,7,Poor,0.4468,280008.0,2.0,Robertland,KY,Burkina Faso,2.0,0,Low
61,Non-binary,PhD,Widowed,56114.0,651.0,23306.0,Home,Self-employed,3,Fair,0.4343,111589.0,3.0,South Gregorychester,MS,Romania,4.0,2,Low
37,Non-binary,Master's,Married,56680.0,761.0,35761.0,Personal,Employed,4,Excellent,0.2866,141228.0,0.0,Michaelport,LA,Austria,0.0,0,Low
41,Non-binary,Master's,Widowed,95846.0,709.0,37711.0,Business,Employed,2,Excellent,0.3599,73292.0,3.0,Debraberg,AK,Haiti,2.0,1,Low
43,Male,PhD,Divorced,33317.0,629.0,17096.0,Business,Employed,19,Poor,0.229,126411.0,1.0,New Sydney,GU,Equatorial Guinea,2.0,1,Low
22,Female,Bachelor's,Widowed,31467.0,654.0,38885.0,Personal,Employed,1,Poor,0.5841,73183.0,0.0,New Kevinborough,MN,Ukraine,1.0,1,Low
38,Male,Bachelor's,Married,22369.0,745.0,17101.0,Business,Unemployed,3,Poor,0.4241,121824.0,2.0,East Marcus,CO,Mozambique,3.0,1,Low
58,Female,Master's,Single,102782.0,623.0,16258.0,Personal,Unemployed,5,Fair,0.2099,171699.0,1.0,New Gary,WA,Tuvalu,4.0,1,Medium
43,Non-binary,PhD,Widowed,76395.0,692.0,29491.0,Personal,Unemployed,17,Good,0.3432,110356.0,4.0,Hernandezburgh,KS,Gambia,4.0,0,Medium
19,Male,High School,Widowed,117305.0,621.0,44227.0,Home,Employed,19,Fair,0.317,202118.0,2.0,Davisberg,PW,Malta,4.0,1,Medium
19,Non-binary,PhD,Single,38242.0,725.0,31451.0,Personal,Self-employed,12,Excellent,0.3479,176217.0,3.0,East Jennamouth,VA,Kiribati,1.0,2,Low
47,Non-binary,PhD,Single,101986.0,752.0,19843.0,Personal,Unemployed,8,Fair,0.3017,293328.0,3.0,Benderside,IA,Cocos (Keeling) Islands,3.0,1,Low
52,Male,Bachelor's,Single,56214.0,637.0,36432.0,Auto,Self-employed,1,Good,0.5376,266803.0,0.0,Smithshire,NH,Guinea-Bissau,4.0,1,Low
64,Female,High School,Divorced,37344.0,683.0,14890.0,Home,Employed,2,Excellent,0.2347,299810.0,4.0,Michaelhaven,IA,Jersey,3.0,1,Medium
68,Non-binary,PhD,Divorced,82726.0,781.0,25677.0,Personal,Employed,2,Excellent,0.2969,84110.0,1.0,Joelstad,NJ,Palestinian Territory,1.0,0,Low
30,Non-binary,Bachelor's,Widowed,116490.0,727.0,32521.0,Personal,Unemployed,19,Poor,0.5068,42304.0,3.0,Trevorview,FM,Gabon,1.0,2,Low
57,Non-binary,Master's,Divorced,68988.0,747.0,28119.0,Home,Self-employed,9,Good,0.3914,42666.0,4.0,Lake Kathryn,MS,Montserrat,4.0,0,Low
68,Female,Bachelor's,Divorced,59899.0,743.0,44581.0,Business,Self-employed,2,Poor,0.4139,287416.0,1.0,North Lance,MT,Norway,4.0,2,High
40,Male,High School,Divorced,70061.0,736.0,8487.0,Personal,Unemployed,10,Poor,0.3736,235972.0,0.0,Port Kelsey,WA,Burkina Faso,4.0,0,Low
66,Non-binary,Bachelor's,Single,117955.0,778.0,37155.0,Personal,Employed,4,Fair,0.4106,241391.0,0.0,Port Justin,ID,Martinique,4.0,0,Low
59,Female,Master's,Married,88456.0,718.0,12647.0,Business,Employed,11,Poor,0.311,174835.0,0.0,Courtneyfort,TN,Norway,1.0,0,Low
56,Non-binary,High School,Single,35554.0,620.0,9705.0,Personal,Unemployed,11,Excellent,0.3272,222721.0,3.0,West Codyport,ID,Jersey,2.0,2,Low
48,Male,Master's,Widowed,93809.0,723.0,10101.0,Home,Unemployed,13,Excellent,0.5166,118027.0,0.0,South Gabriellehaven,AR,Bhutan,3.0,0,Low
19,Non-binary,PhD,Divorced,85039.0,783.0,47733.0,Personal,Unemployed,16,Fair,0.4781,247054.0,1.0,Lisahaven,WI,Israel,1.0,1,Medium
64,Non-binary,High School,Single,90775.0,766.0,11077.0,Home,Employed,6,Poor,0.3484,143660.0,4.0,Lake Deborahfurt,CA,Aruba,3.0,1,Medium
21,Female,PhD,Married,35169.0,638.0,38057.0,Auto,Self-employed,19,Fair,0.2187,259681.0,3.0,Smithchester,MA,Antarctica (the territory South of 60 deg S),3.0,1,Low
48,Male,PhD,Widowed,97818.0,756.0,30999.0,Personal,Self-employed,0,Good,0.5134,142952.0,1.0,North Williamton,AZ,Tunisia,4.0,0,Low
63,Female,Bachelor's,Divorced,103312.0,606.0,11947.0,Personal,Self-employed,11,Fair,0.2555,110286.0,1.0,Kevinland,NE,Bermuda,1.0,1,Low
67,Male,PhD,Widowed,71481.0,788.0,36790.0,Auto,Self-employed,9,Excellent,0.282,292983.0,2.0,Lake Elizabethtown,NJ,Korea,0.0,1,Low
35,Non-binary,Master's,Single,95902.0,710.0,7215.0,Home,Self-employed,3,Excellent,0.2108,247412.0,3.0,New Jeremyland,VA,Micronesia,4.0,2,Medium
64,Non-binary,High School,Divorced,95866.0,674.0,45229.0,Personal,Self-employed,13,Excellent,0.4592,138642.0,0.0,Pamelaland,PA,Andorra,3.0,1,High
28,Non-binary,Master's,Married,69830.0,611.0,41271.0,Personal,Self-employed,3,Poor,0.5447,153780.0,3.0,Darrelltown,MT,Canada,0.0,2,Medium
58,Female,High School,Married,58913.0,685.0,9176.0,Auto,Self-employed,5,Fair,0.1415,72032.0,0.0,Ianton,UT,Dominica,3.0,1,High
27,Male,Master's,Single,103994.0,654.0,14036.0,Auto,Self-employed,3,Poor,0.1971,119157.0,1.0,West Stanley,RI,Lesotho,4.0,2,Medium
42,Male,High School,Widowed,54314.0,629.0,6188.0,Auto,Unemployed,5,Fair,0.2901,93901.0,1.0,Roberttown,PW,Nepal,3.0,0,Low
30,Male,Master's,Single,37839.0,795.0,6625.0,Business,Unemployed,8,Fair,0.5255,99793.0,1.0,South Amandastad,NE,Belize,2.0,1,Low
25,Female,Bachelor's,Single,119790.0,707.0,27093.0,Business,Employed,1,Poor,0.573,236010.0,4.0,Jocelynborough,NY,Macao,0.0,2,Low
61,Male,Bachelor's,Divorced,110216.0,711.0,47211.0,Home,Self-employed,9,Fair,0.4484,45880.0,1.0,Michaelhaven,DE,Belize,3.0,2,Low
36,Male,Bachelor's,Widowed,61401.0,712.0,8109.0,Home,Employed,2,Excellent,0.2439,160049.0,2.0,West Brandonport,MN,Taiwan,4.0,0,Low
29,Non-binary,High School,Widowed,65440.0,682.0,43010.0,Personal,Employed,0,Good,0.1274,156659.0,0.0,West Brandy,NJ,Kuwait,1.0,2,High
64,Non-binary,PhD,Married,96310.0,768.0,31273.0,Home,Self-employed,16,Fair,0.3049,89193.0,3.0,Adamsshire,VT,American Samoa,3.0,2,Low
53,Female,High School,Single,38615.0,726.0,49396.0,Personal,Employed,6,Poor,0.4002,129150.0,3.0,Lake Nicholas,ID,Burundi,3.0,0,Low
41,Male,Bachelor's,Single,37916.0,716.0,11458.0,Personal,Self-employed,0,Excellent,0.4493,212673.0,4.0,Curtisland,VT,Dominican Republic,3.0,2,Medium
24,Non-binary,Bachelor's,Divorced,119132.0,648.0,10749.0,Auto,Self-employed,2,Good,0.3403,50682.0,1.0,Lindseyberg,PR,Uganda,4.0,1,Medium
21,Male,Master's,Divorced,115637.0,641.0,15662.0,Home,Self-employed,18,Good,0.3514,176811.0,2.0,Gabriellebury,PA,Tuvalu,1.0,0,High
44,Female,Master's,Divorced,52963.0,758.0,21322.0,Business,Employed,3,Excellent,0.3279,210173.0,3.0,South Debraland,SD,Brunei Darussalam,2.0,2,Low
41,Female,Bachelor's,Married,51886.0,766.0,19685.0,Personal,Self-employed,5,Good,0.3873,298243.0,3.0,West Kimside,CA,Central African Republic,0.0,2,Low
44,Female,Bachelor's,Widowed,42592.0,610.0,26103.0,Home,Employed,4,Excellent,0.3018,109419.0,4.0,Campbellstad,GA,Burkina Faso,0.0,1,Low
20,Non-binary,High School,Single,42995.0,611.0,39612.0,Auto,Unemployed,5,Fair,0.4264,212161.0,4.0,Natalieshire,CO,Vietnam,4.0,2,Low
30,Non-binary,Bachelor's,Divorced,97661.0,615.0,31736.0,Auto,Employed,1,Fair,0.1792,259346.0,4.0,Michaelberg,KY,Ecuador,1.0,1,Low
35,Non-binary,Master's,Single,103750.0,699.0,22924.0,Home,Self-employed,3,Good,0.5566,234201.0,2.0,Brownmouth,DC,Turkey,3.0,1,Medium
36,Male,Master's,Married,63327.0,617.0,10375.0,Business,Self-employed,6,Excellent,0.4863,227446.0,2.0,Lake Johnton,DC,Sierra Leone,2.0,1,Medium
45,Male,PhD,Married,44687.0,772.0,32866.0,Home,Unemployed,12,Fair,0.2042,286486.0,1.0,South Nicole,CO,Austria,2.0,1,Low
61,Male,Bachelor's,Married,102203.0,794.0,28054.0,Home,Unemployed,10,Fair,0.5644,166523.0,2.0,Lake Coreyville,MP,Malaysia,2.0,1,High
32,Non-binary,Master's,Married,52343.0,618.0,44428.0,Home,Unemployed,18,Poor,0.4416,188678.0,4.0,Lucasside,MT,Belarus,3.0,0,Low
61,Female,Bachelor's,Married,53400.0,783.0,19687.0,Business,Unemployed,3,Fair,0.3027,165965.0,3.0,East Anthony,GU,Panama,1.0,1,Low
27,Non-binary,Master's,Divorced,46188.0,723.0,46286.0,Home,Unemployed,11,Excellent,0.499,91193.0,4.0,South Cassandramouth,KY,Bosnia and Herzegovina,0.0,0,High
31,Non-binary,PhD,Single,65291.0,617.0,49121.0,Auto,Unemployed,17,Good,0.1454,52968.0,0.0,East Cody,RI,Latvia,1.0,0,Low
42,Female,PhD,Single,81897.0,791.0,35700.0,Home,Unemployed,13,Good,0.3185,218244.0,0.0,Conwaybury,MP,Tonga,4.0,1,Low
49,Non-binary,Master's,Widowed,95350.0,732.0,32575.0,Home,Employed,1,Poor,0.2475,102424.0,2.0,Pachecobury,GA,Sierra Leone,2.0,2,Low
20,Non-binary,Bachelor's,Divorced,28631.0,640.0,27879.0,Auto,Unemployed,4,Good,0.447,203802.0,4.0,Petersburgh,GA,Chile,4.0,0,Low
38,Female,High School,Single,54536.0,768.0,23015.0,Home,Self-employed,16,Poor,0.1972,22378.0,0.0,Davidville,KS,French Southern Territories,1.0,1,Medium
21,Male,Master's,Widowed,61992.0,690.0,22527.0,Business,Self-employed,3,Good,0.2857,34034.0,2.0,West Jeffery,GU,Sri Lanka,0.0,0,Low
38,Male,High School,Widowed,65955.0,698.0,23559.0,Home,Self-employed,13,Good,0.2188,145270.0,0.0,Lopeztown,LA,Austria,0.0,2,Low
25,Female,High School,Widowed,107787.0,609.0,32653.0,Business,Unemployed,15,Poor,0.5637,205232.0,2.0,Mahoneyfurt,MP,Cook Islands,2.0,1,Medium
46,Female,High School,Widowed,96625.0,748.0,28597.0,Business,Self-employed,15,Poor,0.2183,140649.0,1.0,South Williamview,UT,Korea,1.0,1,Low
63,Non-binary,Bachelor's,Married,33123.0,646.0,21854.0,Personal,Self-employed,7,Poor,0.2343,199315.0,4.0,South Daniel,VA,Honduras,0.0,1,Low
42,Non-binary,PhD,Single,115063.0,763.0,13149.0,Home,Unemployed,10,Fair,0.4341,24254.0,4.0,South Jamesmouth,MA,Wallis and Futuna,4.0,1,Low
66,Female,Bachelor's,Single,73906.0,766.0,33647.0,Auto,Employed,6,Excellent,0.4615,23522.0,1.0,West Lisa,ID,Martinique,1.0,2,Medium
43,Male,Bachelor's,Married,61835.0,694.0,31761.0,Home,Employed,16,Poor,0.4922,152029.0,0.0,North Michaelville,CT,Belarus,2.0,2,Low
49,Male,Bachelor's,Widowed,54162.0,666.0,32955.0,Home,Unemployed,19,Good,0.3536,283602.0,4.0,New Dawn,TN,Italy,3.0,2,Medium
48,Female,Master's,Widowed,114303.0,701.0,27791.0,Business,Employed,0,Good,0.5194,91119.0,4.0,South Andrew,LA,Thailand,1.0,2,Medium
49,Non-binary,PhD,Single,28299.0,686.0,19135.0,Personal,Self-employed,9,Excellent,0.4027,144260.0,1.0,Rhondaland,KS,Faroe Islands,0.0,0,Medium
42,Male,Master's,Single,43003.0,630.0,39687.0,Auto,Employed,4,Fair,0.1965,34906.0,3.0,Masonhaven,CA,Australia,2.0,2,Medium
46,Female,High School,Married,65897.0,688.0,20855.0,Home,Employed,4,Excellent,0.163,122770.0,4.0,Annaport,VT,Netherlands,0.0,1,Low
57,Male,High School,Single,68899.0,723.0,35664.0,Auto,Unemployed,5,Good,0.2858,162861.0,3.0,Mullenbury,AS,Japan,4.0,2,Medium
45,Male,Bachelor's,Divorced,61585.0,633.0,6565.0,Home,Employed,6,Good,0.1505,63831.0,1.0,Daltonport,IN,Mali,1.0,0,Medium
23,Female,High School,Married,44718.0,779.0,46897.0,Auto,Employed,9,Excellent,0.4203,44211.0,2.0,Melissaborough,WV,Suriname,1.0,0,Medium
60,Non-binary,PhD,Single,115379.0,617.0,32837.0,Home,Self-employed,6,Fair,0.2431,215003.0,0.0,South Christyshire,TX,Malaysia,4.0,1,Medium
43,Female,Master's,Divorced,104719.0,624.0,25583.0,Home,Employed,13,Fair,0.4298,273390.0,3.0,North Robert,NC,Fiji,2.0,0,Low
22,Female,Master's,Single,23139.0,786.0,11500.0,Home,Self-employed,9,Good,0.4832,127898.0,1.0,North Luisbury,MN,Burundi,1.0,1,High
34,Non-binary,Master's,Married,117123.0,710.0,30275.0,Personal,Employed,6,Poor,0.535,77091.0,1.0,Woodview,ME,Botswana,4.0,2,Low
29,Female,PhD,Married,32197.0,792.0,29360.0,Personal,Unemployed,12,Excellent,0.5208,94662.0,4.0,Edwinville,MO,Monaco,1.0,1,Low
18,Female,PhD,Married,73884.0,628.0,31782.0,Home,Self-employed,0,Fair,0.4586,167618.0,2.0,Russellview,OR,Trinidad and Tobago,2.0,0,Low
54,Male,PhD,Divorced,49000.0,752.0,45435.0,Home,Employed,2,Excellent,0.2653,266413.0,4.0,Aguirrestad,MT,Qatar,3.0,0,Medium
47,Non-binary,High School,Divorced,50161.0,716.0,20031.0,Business,Employed,1,Fair,0.5811,218269.0,3.0,North Brittany,WI,Singapore,3.0,2,Low
50,Non-binary,Bachelor's,Widowed,31394.0,648.0,9342.0,Auto,Self-employed,5,Excellent,0.5417,267356.0,3.0,North Katherine,NY,Mali,3.0,1,Low
51,Female,Master's,Married,47195.0,636.0,36135.0,Auto,Unemployed,13,Excellent,0.3918,111621.0,0.0,Brittanytown,MH,Chad,2.0,1,Low
49,Female,Master's,Married,50543.0,629.0,19055.0,Personal,Self-employed,8,Fair,0.3302,143254.0,3.0,Lake Victoriafurt,VA,Ethiopia,4.0,1,Low
61,Non-binary,High School,Married,98206.0,617.0,34873.0,Personal,Self-employed,19,Fair,0.1166,269548.0,4.0,Meganfort,KY,Finland,3.0,2,Low
31,Male,High School,Single,84551.0,627.0,36760.0,Home,Employed,1,Good,0.5309,171064.0,2.0,North Mercedes,WI,Oman,0.0,0,Medium
45,Female,Master's,Single,98961.0,651.0,31069.0,Home,Unemployed,9,Excellent,0.3517,99094.0,1.0,Weaverberg,MS,San Marino,4.0,2,High
50,Female,Bachelor's,Widowed,22781.0,695.0,49891.0,Auto,Unemployed,5,Good,0.4976,215151.0,4.0,Stephanieton,GA,Saint Vincent and the Grenadines,1.0,2,Medium
66,Non-binary,Master's,Married,34618.0,725.0,18483.0,Business,Self-employed,19,Fair,0.5466,96900.0,3.0,South Savannahchester,MT,Armenia,1.0,0,Low
40,Non-binary,Master's,Single,58485.0,757.0,9541.0,Business,Self-employed,0,Poor,0.5124,99632.0,0.0,Chadview,ND,France,1.0,0,Low
26,Female,Master's,Divorced,108520.0,686.0,18746.0,Auto,Unemployed,8,Fair,0.4932,178993.0,3.0,North Miketown,NV,North Macedonia,1.0,1,Medium
61,Male,High School,Divorced,54129.0,703.0,15715.0,Auto,Self-employed,16,Excellent,0.5052,102450.0,3.0,Port Gregory,KY,Congo,1.0,1,Low
34,Male,Bachelor's,Single,111724.0,682.0,45638.0,Home,Employed,15,Good,0.4812,78859.0,2.0,South Joyceborough,NJ,Moldova,2.0,0,Low
32,Non-binary,Master's,Single,74254.0,689.0,42820.0,Personal,Unemployed,11,Excellent,0.5401,264850.0,0.0,East Evelyn,MS,Cyprus,3.0,0,Medium
63,Male,High School,Single,115619.0,636.0,34980.0,Personal,Self-employed,10,Fair,0.497,104652.0,3.0,Amymouth,NY,Tonga,3.0,0,Low
36,Male,Bachelor's,Divorced,49394.0,757.0,19274.0,Personal,Employed,6,Good,0.2873,76365.0,2.0,Gonzalesside,WY,Egypt,1.0,1,Low
38,Non-binary,Master's,Widowed,104860.0,609.0,17414.0,Home,Employed,13,Excellent,0.509,162515.0,2.0,North Brenda,GU,Guinea-Bissau,1.0,1,High
62,Female,High School,Divorced,61150.0,794.0,35575.0,Auto,Self-employed,12,Excellent,0.5914,275977.0,3.0,East Janetport,AR,Poland,0.0,2,Low
28,Female,PhD,Widowed,105965.0,625.0,19476.0,Home,Employed,13,Excellent,0.238,33487.0,1.0,Christopherfort,MP,Austria,0.0,1,Low
42,Female,PhD,Widowed,81068.0,744.0,8986.0,Auto,Self-employed,18,Good,0.5139,259896.0,1.0,West Ralphbury,NM,Ethiopia,2.0,0,Medium
49,Female,High School,Single,29734.0,652.0,44356.0,Home,Self-employed,13,Excellent,0.5679,78123.0,3.0,Lamberttown,ME,Guadeloupe,2.0,0,Low
35,Female,Master's,Married,108652.0,682.0,21953.0,Home,Self-employed,9,Excellent,0.5602,208538.0,0.0,West Gwendolyn,GA,Liechtenstein,1.0,1,Low
43,Male,Bachelor's,Married,110352.0,662.0,36790.0,Business,Self-employed,13,Good,0.4748,203890.0,2.0,New Catherine,RI,Cambodia,2.0,1,Low
40,Male,High School,Married,43655.0,614.0,34565.0,Home,Unemployed,11,Poor,0.3999,32179.0,4.0,Curtismouth,IA,Uzbekistan,1.0,1,Low
29,Non-binary,PhD,Married,46250.0,642.0,44369.0,Home,Unemployed,19,Excellent,0.594,196930.0,4.0,South Morganchester,LA,Palau,2.0,1,High
